,Type,Air Temperature,Process Temperature,Rotational Speed,Torque,Tool Wear,Machine Failure
0,M,298.1,308.6,1551,42.8,0,0
1,L,298.2,308.7,1408,46.3,3,0
2,L,298.1,308.5,1498,49.4,5,0
3,L,298.2,308.6,1433,39.5,7,0
4,L,298.2,308.7,1408,40.0,9,0
5,M,298.1,308.6,1425,41.9,11,0
6,L,298.1,308.6,1558,42.4,14,0
7,L,298.1,308.6,1527,40.2,16,0
8,M,298.3,308.7,1667,28.6,18,0
9,M,298.5,309.0,1741,28.0,21,0
10,H,298.4,308.9,1782,23.9,24,0
11,H,298.6,309.1,1423,44.3,29,0
12,M,298.6,309.1,1339,51.1,34,0
13,M,298.6,309.2,1742,30.0,37,0
14,L,298.6,309.2,2035,19.6,40,0
15,L,298.6,309.2,1542,48.4,42,0
16,M,298.6,309.2,1311,46.6,44,0
17,M,298.7,309.2,1410,45.6,47,0
18,H,298.8,309.2,1306,54.5,50,0
19,M,298.9,309.3,1632,32.5,55,0
20,H,298.9,309.3,1375,42.7,58,0
21,L,298.8,309.3,1450,44.8,63,0
22,M,298.9,309.3,1581,30.7,65,0
23,L,299.0,309.4,1758,25.7,68,0
24,M,299.0,309.4,1561,37.3,70,0
25,L,299.0,309.5,1861,23.3,73,0
26,L,299.1,309.5,1512,39.0,75,0
27,H,299.1,309.4,1811,24.6,77,0
28,L,299.1,309.4,1439,44.2,82,0
29,L,299.0,309.4,1693,30.1,84,0
30,M,299.1,309.5,1339,48.2,86,0
31,L,299.0,309.4,1798,25.5,89,0
32,L,299.0,309.4,1419,48.3,91,0
33,L,298.9,309.3,1665,32.5,93,0
34,M,298.8,309.1,1559,34.7,95,0
35,M,298.8,309.2,1452,48.6,98,0
36,M,298.9,309.2,1581,36.7,101,0
37,L,298.8,309.1,1439,39.2,104,0
38,H,298.9,309.2,1379,50.7,106,0
39,L,298.8,309.1,1350,52.5,111,0
40,L,298.8,309.1,1362,45.4,113,0
41,L,298.8,309.1,1368,50.8,115,0
42,M,298.8,309.1,1368,49.1,117,0
43,H,298.8,309.2,1372,48.5,120,0
44,M,298.8,309.1,1472,47.5,125,0
45,L,298.8,309.1,1489,49.1,128,0
46,M,298.7,309.0,1843,25.8,130,0
47,L,298.8,309.1,1418,46.3,133,0
48,H,298.8,309.2,1425,53.9,135,0
49,M,298.9,309.2,1412,44.1,140,0
50,L,298.9,309.1,2861,4.6,143,1
51,L,298.9,309.1,1383,54.9,145,0
52,H,298.8,309.0,1497,43.8,147,0
53,L,298.7,309.0,1565,35.1,152,0
54,L,298.7,309.0,1691,30.1,154,0
55,L,298.8,309.1,1512,40.7,156,0
56,L,298.8,309.1,1477,42.4,158,0
57,L,298.8,309.1,1513,40.3,160,0
58,M,298.8,309.0,1661,29.5,162,0
59,L,298.8,309.1,1378,54.4,165,0
60,L,298.8,309.1,1393,52.6,167,0
61,M,298.8,309.0,1592,38.2,169,0
62,L,298.8,309.0,1829,22.9,172,0
63,M,298.9,309.0,1812,25.9,174,0
64,L,299.0,309.1,1523,38.6,177,0
65,L,299.0,309.1,1394,45.1,179,0
66,M,298.9,308.9,1679,28.7,181,0
67,H,298.8,308.9,1466,44.1,184,0
68,L,298.8,308.9,1527,32.4,189,0
69,L,298.9,309.0,1410,65.7,191,1
70,M,298.9,309.0,1924,22.6,193,0
71,L,298.9,309.1,1452,45.5,196,0
72,L,298.9,309.1,1369,44.4,198,0
73,L,299.0,309.1,1592,35.0,200,0
74,L,298.9,309.0,1601,32.3,202,0
75,L,298.8,308.9,1379,46.7,204,0
76,L,298.8,308.9,1461,47.9,206,0
77,L,298.8,308.9,1455,41.3,208,1
78,L,298.8,308.9,1398,51.5,0,0
79,L,298.8,308.9,1402,37.9,2,0
80,H,298.8,308.8,1445,49.9,4,0
81,L,298.9,308.9,1450,47.5,9,0
82,L,298.9,308.9,1453,40.8,11,0
83,L,299.0,309.0,1469,40.1,13,0
84,L,298.9,308.9,1422,47.6,15,0
85,M,299.0,309.0,1804,26.8,17,0
86,H,299.0,309.0,1436,43.9,20,0
87,L,299.0,309.0,1544,31.8,25,0
88,M,299.0,309.0,1419,45.2,27,0
89,M,298.9,308.9,1487,39.5,30,0
90,L,298.9,308.9,1753,25.8,33,0
91,L,298.9,308.9,1830,24.9,35,0
92,M,298.9,308.9,1727,27.1,37,0
93,L,299.1,309.0,1450,43.0,40,0
94,L,299.0,308.9,1622,31.9,42,0
95,M,299.0,309.0,1351,52.2,44,0
96,M,299.0,309.0,1575,35.3,47,0
97,M,298.9,308.9,1750,29.9,50,0
98,L,298.9,308.8,1529,32.7,53,0
99,L,298.8,308.8,1523,44.4,55,0
100,L,298.8,308.9,1852,25.0,57,0
101,L,298.8,308.8,1991,20.7,59,0
102,L,298.8,308.8,1555,40.6,61,0
103,M,298.8,308.8,1441,40.5,63,0
104,L,298.8,308.7,1450,43.4,66,0
105,L,298.8,308.7,1591,31.1,68,0
106,L,298.8,308.7,1445,48.5,70,0
107,M,298.8,308.8,1497,46.8,72,0
108,H,298.9,308.8,1621,32.7,75,0
109,L,298.9,308.7,1572,34.1,80,0
110,L,298.8,308.6,1872,22.5,82,0
111,H,298.7,308.6,1499,43.5,84,0
112,M,298.8,308.7,1498,39.5,89,0
113,M,298.8,308.6,1486,41.9,92,0
114,L,298.8,308.6,1680,29.4,95,0
115,L,298.8,308.6,1431,45.7,97,0
116,L,298.9,308.7,1564,34.1,99,0
117,L,298.8,308.6,1599,33.0,101,0
118,M,298.8,308.6,1707,28.1,103,0
119,L,298.7,308.5,1467,40.7,106,0
120,L,298.9,308.7,1433,44.7,108,0
121,L,298.9,308.7,1558,41.2,110,0
122,L,299.0,308.8,1310,50.7,112,0
123,L,298.9,308.7,1546,43.4,114,0
124,L,298.9,308.7,1727,29.4,116,0
125,L,298.9,308.6,1560,32.2,118,0
126,L,299.0,308.6,1329,60.5,120,0
127,L,298.9,308.6,1413,46.5,122,0
128,L,299.0,308.6,1587,38.6,124,0
129,L,298.9,308.5,1559,34.3,126,0
130,L,298.8,308.4,1473,41.1,128,0
131,L,298.8,308.4,1737,27.7,130,0
132,M,298.7,308.4,1441,43.2,132,0
133,M,298.7,308.4,1430,49.6,135,0
134,L,298.8,308.4,1369,53.0,138,0
135,M,298.8,308.5,1711,28.5,140,0
136,H,298.7,308.5,1420,45.7,143,0
137,L,298.7,308.6,1297,55.3,148,0
138,H,298.8,308.6,1449,49.4,150,0
139,L,298.8,308.6,1268,55.8,155,0
140,L,298.8,308.6,1511,36.1,157,0
141,L,298.7,308.5,1544,35.2,159,0
142,M,298.6,308.4,1778,28.2,161,0
143,H,298.6,308.4,1407,50.5,164,0
144,M,298.6,308.4,1391,42.4,169,0
145,L,298.5,308.4,1513,33.6,172,0
146,H,298.5,308.4,1612,36.1,174,0
147,L,298.4,308.4,1515,40.1,179,0
148,M,298.3,308.3,1379,48.0,181,0
149,L,298.4,308.3,1473,39.9,184,0
150,L,298.4,308.3,1422,42.7,186,0
151,M,298.4,308.2,1463,37.6,188,0
152,M,298.4,308.2,1584,41.0,191,0
153,L,298.4,308.2,1850,27.0,194,0
154,L,298.4,308.2,1528,36.2,196,0
155,H,298.4,308.2,1987,19.8,198,0
156,M,298.4,308.1,1495,46.0,203,0
157,H,298.4,308.2,1478,43.5,206,0
158,M,298.4,308.2,1499,40.0,211,0
159,L,298.4,308.2,1471,47.0,214,0
160,L,298.4,308.2,1282,60.7,216,1
161,L,298.3,308.1,1412,52.3,218,1
162,L,298.3,308.1,1586,35.5,0,0
163,M,298.4,308.2,1468,43.8,2,0
164,M,298.5,308.3,1440,43.6,5,0
165,L,298.5,308.4,1733,26.0,8,0
166,H,298.4,308.2,1612,32.6,10,0
167,H,298.4,308.3,1458,42.9,15,0
168,L,298.4,308.3,1433,62.3,20,1
169,L,298.4,308.3,1318,59.1,22,0
170,M,298.4,308.2,1610,35.0,24,0
171,L,298.2,308.1,1462,50.8,27,0
172,M,298.1,308.0,1924,20.8,29,0
173,M,298.2,308.0,1591,33.7,32,0
174,L,298.2,308.1,1306,58.3,35,0
175,L,298.2,308.1,1382,43.5,37,0
176,L,298.2,308.1,1618,34.7,39,0
177,L,298.2,308.2,1988,21.4,41,0
178,L,298.2,308.2,1436,50.2,43,0
179,L,298.2,308.3,1304,49.8,45,0
180,L,298.2,308.3,1475,49.9,47,0
181,H,298.2,308.3,1824,24.2,49,0
182,M,298.1,308.2,1342,48.1,54,0
183,L,298.1,308.2,1485,40.7,57,0
184,L,298.2,308.2,1667,30.6,59,0
185,L,298.2,308.2,1446,38.2,61,0
186,L,298.1,308.3,1301,56.0,63,0
187,L,298.2,308.4,1379,43.1,65,0
188,L,298.3,308.5,1606,33.6,67,0
189,M,298.3,308.4,1539,43.4,69,0
190,L,298.2,308.4,1477,49.9,72,0
191,L,298.2,308.4,1666,34.6,74,0
192,H,298.2,308.4,1398,51.8,76,0
193,H,298.2,308.4,1678,34.6,81,0
194,M,298.2,308.5,2678,10.7,86,1
195,L,298.3,308.5,1453,42.9,89,0
196,H,298.3,308.6,1432,49.5,91,0
197,M,298.4,308.6,1527,40.9,96,0
198,L,298.4,308.7,1588,35.0,99,0
199,L,298.4,308.6,1433,47.1,101,0
200,L,298.4,308.6,1609,35.0,103,0
201,L,298.3,308.5,1575,41.2,105,0
202,M,298.4,308.5,1636,35.7,107,0
203,L,298.4,308.5,1490,37.9,110,0
204,L,298.4,308.5,1741,32.8,112,0
205,M,298.5,308.6,1344,53.0,114,0
206,L,298.5,308.7,1609,35.3,117,0
207,M,298.4,308.7,1421,60.7,119,1
208,L,298.4,308.6,1591,36.7,122,0
209,L,298.4,308.6,1477,44.0,124,0
210,L,298.4,308.7,1523,36.1,126,0
211,L,298.5,308.7,1575,33.9,128,0
212,H,298.4,308.7,1344,52.9,130,0
213,L,298.4,308.7,1386,44.9,135,0
214,M,298.3,308.6,1589,37.1,137,0
215,L,298.3,308.6,1548,40.3,140,0
216,L,298.3,308.6,1499,38.3,142,0
217,L,298.3,308.5,1664,31.6,144,0
218,L,298.3,308.6,1447,38.1,146,0
219,M,298.3,308.5,1434,46.2,148,0
220,L,298.3,308.5,1416,52.7,151,0
221,H,298.4,308.5,1827,24.3,153,0
222,L,298.4,308.6,1304,45.0,158,0
223,L,298.4,308.6,1569,34.4,160,0
224,L,298.3,308.6,1584,29.3,162,0
225,L,298.3,308.5,1362,53.8,164,0
226,L,298.3,308.4,1329,49.2,166,0
227,L,298.3,308.5,1539,36.1,168,0
228,M,298.3,308.5,1629,37.1,170,0
229,L,298.3,308.5,1538,32.2,173,0
230,L,298.3,308.6,1570,34.8,175,0
231,L,298.3,308.4,1408,43.1,177,0
232,L,298.2,308.4,1424,47.6,179,0
233,L,298.2,308.4,1512,34.9,181,0
234,L,298.2,308.4,1478,42.9,183,0
235,M,298.1,308.3,1680,33.7,185,0
236,L,298.1,308.3,1495,38.7,188,0
237,M,298.0,308.1,1552,36.6,190,0
238,L,297.9,308.1,1393,50.3,193,0
239,L,298.0,308.2,1611,30.6,195,0
240,M,298.0,308.1,1339,51.6,197,0
241,L,298.0,308.1,1777,24.3,200,0
242,L,298.0,308.2,1348,58.8,202,1
243,L,298.0,308.2,1442,44.1,204,0
244,M,298.0,308.2,1395,49.1,206,0
245,M,297.9,308.1,1627,31.4,209,0
246,L,297.9,308.1,1585,33.5,212,0
247,L,298.0,308.2,1469,45.5,214,0
248,L,298.0,308.3,1362,56.8,216,1
249,L,298.0,308.3,1405,56.2,218,1
250,L,298.0,308.3,1662,32.7,0,0
251,M,298.0,308.2,1466,42.6,2,0
252,L,298.0,308.2,1620,35.8,5,0
253,L,298.0,308.2,1357,48.2,7,0
254,L,298.0,308.2,1514,37.9,9,0
255,L,298.0,308.2,1489,40.4,11,0
256,L,298.1,308.3,1331,63.0,13,0
257,L,298.0,308.0,1615,29.5,15,0
258,L,298.1,308.2,1482,37.9,17,0
259,M,298.1,308.2,1420,63.9,19,1
260,M,298.2,308.3,1522,49.1,22,0
261,L,298.1,308.2,1654,32.1,25,0
262,M,298.1,308.2,1736,26.8,27,0
263,M,298.0,308.1,1587,32.3,30,0
264,L,298.1,308.2,1390,47.5,33,0
265,L,298.0,308.1,1454,37.1,35,0
266,H,298.0,308.1,1440,43.7,37,0
267,L,297.9,308.0,1954,21.1,42,0
268,H,297.9,308.0,1800,24.8,44,0
269,L,298.0,308.0,1524,37.0,49,0
270,H,298.0,308.0,1520,39.6,51,0
271,M,298.1,308.1,1452,40.8,56,0
272,L,298.1,308.1,1484,40.4,59,0
273,L,298.1,308.0,1426,46.0,61,0
274,L,298.1,308.0,1652,28.5,63,0
275,L,298.0,308.0,1401,54.7,65,0
276,M,298.0,307.9,1750,26.6,67,0
277,H,298.0,308.0,1479,50.7,70,0
278,M,298.0,308.0,1620,29.4,75,0
279,L,298.0,308.1,1819,23.4,78,0
280,M,298.1,308.1,1456,43.7,80,0
281,L,298.1,308.0,1626,36.5,83,0
282,M,298.1,308.1,1390,49.8,85,0
283,L,298.2,308.2,1469,43.0,88,0
284,L,298.2,308.3,2051,19.2,90,0
285,L,298.2,308.3,1568,36.0,92,0
286,L,298.2,308.3,1589,33.2,94,0
287,L,298.2,308.3,1805,31.6,96,0
288,H,298.2,308.4,1385,42.2,98,0
289,L,298.1,308.4,1436,46.7,103,0
290,L,298.1,308.4,1438,45.6,105,0
291,L,298.0,308.3,1473,42.6,107,0
292,L,298.1,308.4,1335,40.2,109,0
293,H,298.1,308.5,1392,44.8,111,0
294,M,298.1,308.5,1372,51.1,116,0
295,M,298.1,308.6,1716,30.7,119,0
296,L,298.0,308.5,1395,46.2,122,0
297,L,298.0,308.5,1713,25.3,124,0
298,H,297.9,308.5,2129,18.7,126,0
299,M,297.8,308.3,1567,35.6,131,0
300,L,297.8,308.4,1622,38.3,134,0
301,L,297.7,308.4,1740,27.1,136,0
302,H,297.8,308.4,1512,35.1,138,0
303,M,297.8,308.4,1479,43.5,143,0
304,L,297.8,308.4,1737,27.5,146,0
305,L,297.8,308.4,2129,19.2,148,0
306,L,297.8,308.4,1374,47.1,150,0
307,M,297.8,308.4,1579,36.6,152,0
308,L,297.9,308.5,1305,47.2,155,0
309,M,297.9,308.5,1449,40.8,157,0
310,H,298.0,308.6,1526,41.8,160,0
311,M,298.0,308.6,1453,44.1,165,0
312,L,297.9,308.6,1468,36.0,168,0
313,L,298.0,308.6,1313,50.8,170,0
314,M,297.9,308.5,1300,53.0,172,0
315,L,297.9,308.4,1646,40.6,175,0
316,L,297.8,308.4,1714,33.2,177,0
317,L,297.8,308.4,1685,28.4,179,0
318,L,297.8,308.4,1512,39.9,181,0
319,L,297.8,308.4,1612,32.1,183,0
320,H,297.8,308.4,1550,38.2,185,0
321,L,297.8,308.4,1518,32.5,190,0
322,L,297.8,308.5,1448,40.0,192,0
323,L,297.8,308.5,1561,46.3,194,0
324,M,297.8,308.5,1488,41.9,196,0
325,L,297.8,308.5,1699,27.8,199,0
326,L,297.7,308.5,1501,41.4,201,0
327,L,297.7,308.5,1373,56.7,203,1
328,H,297.6,308.4,1703,31.4,205,0
329,H,297.7,308.5,1720,29.9,210,0
330,M,297.6,308.4,1398,41.9,215,0
331,M,297.6,308.4,1391,51.9,218,0
332,M,297.6,308.3,1538,40.2,0,0
333,L,297.5,308.2,1647,31.3,3,0
334,M,297.5,308.1,1469,44.8,5,0
335,L,297.4,308.1,1749,25.9,8,0
336,M,297.6,308.2,1995,20.5,10,0
337,L,297.6,308.3,1742,27.7,13,0
338,L,297.5,308.2,1563,38.2,15,0
339,M,297.5,308.2,1713,32.2,17,0
340,L,297.4,308.1,1474,39.4,20,0
341,M,297.4,308.2,1530,32.6,22,0
342,L,297.4,308.2,1471,46.5,25,0
343,L,297.5,308.3,1388,48.6,27,0
344,M,297.5,308.2,2448,13.8,29,0
345,L,297.5,308.3,1585,32.9,32,0
346,M,297.5,308.3,1459,45.2,34,0
347,L,297.5,308.3,1544,40.8,37,0
348,L,297.6,308.3,1617,31.7,39,0
349,L,297.6,308.3,1595,34.3,41,0
350,H,297.6,308.3,1400,44.3,43,0
351,M,297.6,308.4,1611,31.0,48,0
352,M,297.6,308.4,1507,46.0,51,0
353,H,297.5,308.3,1674,30.0,54,0
354,L,297.6,308.3,1658,34.3,59,0
355,L,297.6,308.3,1623,36.9,61,0
356,M,297.6,308.4,1398,48.9,63,0
357,L,297.6,308.4,1517,34.2,66,0
358,M,297.6,308.3,1467,36.7,68,0
359,M,297.6,308.3,1567,34.6,71,0
360,M,297.5,308.3,1521,38.2,74,0
361,L,297.5,308.3,1596,36.8,77,0
362,H,297.6,308.3,1640,30.9,79,0
363,L,297.6,308.3,1438,47.8,84,0
364,L,297.6,308.4,1407,55.2,86,0
365,L,297.6,308.4,1353,57.5,88,0
366,M,297.6,308.5,1552,40.9,90,0
367,M,297.6,308.4,1569,38.3,93,0
368,L,297.5,308.4,1489,39.5,96,0
369,H,297.5,308.4,1587,36.1,98,0
370,M,297.5,308.3,1622,37.2,103,0
371,L,297.5,308.4,1604,38.1,106,0
372,M,297.4,308.3,1405,51.7,108,0
373,L,297.4,308.3,1412,42.0,111,0
374,L,297.4,308.3,1431,43.0,113,0
375,L,297.4,308.2,1533,37.4,115,0
376,M,297.4,308.2,1401,51.9,117,0
377,M,297.4,308.2,1424,53.9,120,0
378,L,297.3,308.2,1754,29.4,123,0
379,L,297.3,308.2,1754,26.8,125,0
380,L,297.5,308.3,2564,12.8,127,1
381,L,297.5,308.5,1546,40.4,129,0
382,L,297.5,308.5,1335,48.0,131,0
383,M,297.5,308.6,1842,27.0,133,0
384,L,297.5,308.5,1712,26.8,136,0
385,M,297.6,308.6,1414,45.4,138,0
386,L,297.6,308.7,1319,50.9,141,0
387,L,297.7,308.7,1249,60.4,143,0
388,L,297.6,308.7,1455,48.2,145,0
389,M,297.6,308.7,1408,54.8,147,0
390,L,297.6,308.7,1460,46.7,150,0
391,L,297.6,308.6,1491,38.1,152,0
392,M,297.6,308.5,1490,43.4,154,0
393,M,297.5,308.4,1350,52.2,157,0
394,L,297.5,308.4,1528,39.9,160,0
395,L,297.4,308.3,1571,37.7,162,0
396,L,297.4,308.3,1490,42.6,164,0
397,M,297.4,308.3,1774,28.9,166,0
398,H,297.4,308.3,1502,43.6,169,0
399,L,297.4,308.4,1392,49.7,174,0
400,L,297.4,308.5,2100,16.9,176,0
401,L,297.5,308.5,1722,30.4,178,0
402,L,297.4,308.6,1678,32.3,180,0
403,L,297.3,308.6,1273,59.8,182,0
404,L,297.3,308.6,1297,45.9,184,0
405,L,297.3,308.5,1350,57.6,186,0
406,L,297.4,308.6,1439,51.9,188,0
407,M,297.4,308.5,1600,42.1,190,0
408,M,297.4,308.6,1434,44.4,193,0
409,L,297.4,308.6,1459,41.3,196,0
410,M,297.5,308.6,1472,44.9,198,0
411,L,297.5,308.7,1429,44.3,201,0
412,L,297.5,308.6,1388,48.2,203,0
413,L,297.4,308.4,1573,34.5,205,0
414,L,297.4,308.4,1588,32.5,207,0
415,L,297.5,308.4,1511,42.8,209,0
416,L,297.4,308.5,1495,37.8,211,0
417,L,297.4,308.4,1394,50.1,213,0
418,L,297.4,308.4,2151,17.7,0,0
419,M,297.3,308.3,1501,38.2,2,0
420,M,297.3,308.3,1301,39.6,5,0
421,M,297.3,308.3,1657,31.1,8,0
422,L,297.3,308.3,1333,55.2,11,0
423,L,297.3,308.3,1484,43.9,13,0
424,L,297.3,308.4,1430,45.7,15,0
425,M,297.3,308.4,1665,28.9,17,0
426,L,297.4,308.5,1501,44.9,20,0
427,M,297.5,308.5,1496,42.2,22,0
428,M,297.6,308.6,1595,36.9,25,0
429,L,297.5,308.6,1208,62.3,28,0
430,L,297.5,308.6,1596,37.1,30,0
431,L,297.5,308.5,1446,41.9,32,0
432,M,297.6,308.5,1466,39.7,34,0
433,M,297.6,308.5,1848,23.7,37,0
434,M,297.5,308.5,1484,44.7,40,0
435,L,297.4,308.3,1493,41.2,43,0
436,L,297.3,308.3,1504,36.3,45,0
437,L,297.3,308.3,1538,38.5,47,0
438,L,297.4,308.4,1341,52.2,49,0
439,M,297.4,308.3,1535,34.6,51,0
440,L,297.4,308.5,1389,39.2,54,0
441,H,297.5,308.5,1393,46.6,56,0
442,L,297.4,308.5,1399,61.5,61,1
443,H,297.4,308.5,1469,45.1,63,0
444,L,297.4,308.4,1582,37.2,68,0
445,L,297.5,308.6,1793,26.7,70,0
446,L,297.5,308.6,1452,39.0,72,0
447,M,297.6,308.7,1376,59.9,74,0
448,L,297.5,308.6,1552,44.9,77,0
449,L,297.6,308.7,1622,37.9,79,0
450,M,297.6,308.7,1419,41.7,81,0
451,H,297.5,308.6,1440,46.1,84,0
452,M,297.4,308.6,1643,31.0,89,0
453,L,297.4,308.7,1510,36.2,92,0
454,L,297.4,308.7,1468,46.6,94,0
455,L,297.4,308.7,1429,57.4,96,0
456,H,297.3,308.7,1478,47.6,98,0
457,L,297.4,308.6,1276,53.6,103,0
458,L,297.3,308.6,1486,42.6,105,0
459,L,297.4,308.6,1476,42.3,107,0
460,H,297.3,308.6,1431,42.0,109,0
461,L,297.4,308.7,1402,40.2,114,0
462,L,297.4,308.7,1433,43.4,116,0
463,L,297.4,308.7,2874,4.2,118,1
464,L,297.3,308.6,1511,35.7,120,0
465,M,297.3,308.6,1456,42.9,122,0
466,L,297.2,308.5,1550,41.5,125,0
467,L,297.2,308.5,2182,16.5,127,0
468,L,297.3,308.7,1619,31.6,129,0
469,M,297.3,308.8,1586,32.7,131,0
470,H,297.3,308.8,1499,44.2,134,0
471,H,297.3,308.8,1419,42.4,139,0
472,M,297.4,309.0,1497,41.8,144,0
473,M,297.4,309.0,1520,37.0,147,0
474,L,297.4,309.1,1478,49.8,150,0
475,L,297.4,309.1,1380,41.1,152,0
476,L,297.4,309.0,1570,37.9,154,0
477,H,297.4,309.0,1468,41.4,156,0
478,L,297.4,309.0,1833,22.6,161,0
479,M,297.4,308.9,1323,57.3,163,0
480,L,297.4,309.0,1583,32.0,166,0
481,M,297.3,309.0,1556,39.5,168,0
482,L,297.3,309.0,1548,37.4,171,0
483,L,297.4,309.0,1324,56.9,173,0
484,L,297.4,309.0,1568,33.7,175,0
485,M,297.4,309.0,1685,30.7,177,0
486,M,297.4,309.1,1582,35.9,180,0
487,M,297.4,309.1,1463,35.0,183,0
488,L,297.4,309.2,1584,42.8,186,0
489,M,297.5,309.2,1347,55.8,188,0
490,L,297.4,309.2,1459,37.9,191,0
491,L,297.4,309.2,1420,45.6,193,0
492,L,297.5,309.3,1404,43.5,195,0
493,L,297.5,309.3,1470,38.8,197,0
494,L,297.6,309.4,1326,49.8,199,0
495,H,297.5,309.3,1459,49.7,201,0
496,M,297.5,309.2,1530,40.0,206,0
497,L,297.4,309.0,1505,39.2,209,0
498,L,297.5,309.1,1611,30.2,211,0
499,L,297.5,309.1,1515,35.1,213,0
500,M,297.5,309.2,1804,27.4,215,0
501,M,297.6,309.3,1464,46.2,218,0
502,L,297.6,309.2,1390,43.3,221,0
503,M,297.6,309.2,1442,48.1,0,0
504,M,297.6,309.3,1529,41.9,3,0
505,L,297.6,309.3,1610,35.0,6,0
506,L,297.6,309.3,1543,34.3,8,0
507,H,297.8,309.4,1445,48.2,10,0
508,L,297.7,309.3,1893,24.6,15,0
509,M,297.6,309.3,1415,41.3,17,0
510,L,297.5,309.3,1564,37.5,20,0
511,L,297.5,309.3,1479,39.4,22,0
512,L,297.5,309.2,1426,44.8,24,0
513,L,297.4,309.2,1428,38.8,26,0
514,L,297.4,309.2,1620,33.2,28,0
515,L,297.5,309.2,1715,28.0,30,0
516,L,297.5,309.3,1732,29.9,32,0
517,M,297.5,309.4,1391,58.2,34,0
518,L,297.6,309.5,1924,20.6,37,0
519,M,297.7,309.5,2027,19.8,39,0
520,L,297.6,309.5,1617,36.2,42,0
521,L,297.5,309.4,1497,35.8,44,0
522,M,297.5,309.5,1448,43.7,46,0
523,L,297.4,309.4,1401,45.9,49,0
524,L,297.4,309.4,1620,35.4,51,0
525,L,297.4,309.4,1466,45.5,53,0
526,L,297.6,309.5,1373,50.6,55,0
527,M,297.6,309.6,1592,35.8,57,0
528,M,297.5,309.5,1553,42.4,60,0
529,L,297.6,309.5,1569,36.2,63,0
530,M,297.6,309.5,1709,32.2,65,0
531,L,297.6,309.5,1549,34.9,68,0
532,L,297.5,309.4,1443,45.4,70,0
533,L,297.5,309.3,1675,29.8,72,0
534,L,297.5,309.3,1623,33.4,74,0
535,H,297.4,309.3,1365,52.4,76,0
536,L,297.4,309.3,1759,24.8,81,0
537,H,297.4,309.3,1516,43.0,83,0
538,M,297.4,309.3,1499,36.8,88,0
539,M,297.4,309.3,1775,25.8,91,0
540,L,297.4,309.4,1473,45.5,94,0
541,L,297.4,309.4,1296,52.3,96,0
542,L,297.5,309.4,1803,24.7,98,0
543,H,297.5,309.3,1563,36.1,100,0
544,M,297.5,309.4,1831,26.6,105,0
545,L,297.6,309.4,1958,22.1,108,0
546,L,297.5,309.4,1809,24.3,110,0
547,M,297.5,309.4,1482,39.3,112,0
548,L,297.4,309.3,1332,53.2,115,0
549,L,297.4,309.2,1437,40.4,117,0
550,L,297.4,309.2,1698,29.4,119,0
551,L,297.4,309.2,1274,54.3,121,0
552,M,297.4,309.3,1622,35.0,123,0
553,M,297.4,309.3,1564,36.0,126,0
554,H,297.5,309.4,1368,45.3,129,0
555,M,297.4,309.4,1539,42.2,134,0
556,L,297.5,309.4,1357,50.1,137,0
557,M,297.5,309.4,1433,48.3,139,0
558,L,297.5,309.4,1650,34.6,142,0
559,L,297.5,309.4,1503,40.6,144,0
560,L,297.5,309.4,1318,58.2,146,0
561,M,297.5,309.4,1678,34.4,148,0
562,L,297.6,309.5,1574,30.9,151,0
563,L,297.7,309.6,1529,35.2,153,0
564,H,297.6,309.6,1669,32.1,155,0
565,H,297.7,309.7,1570,35.8,160,0
566,M,297.6,309.7,1541,33.7,165,0
567,M,297.7,309.7,1680,30.2,168,0
568,L,297.8,309.7,1935,22.1,171,0
569,M,297.7,309.6,1596,35.2,173,0
570,L,297.7,309.7,1498,41.0,176,0
571,M,297.8,309.8,1676,29.0,178,0
572,L,297.8,309.9,1351,49.0,181,0
573,L,297.9,309.9,1472,45.0,183,0
574,M,297.9,310.0,1439,41.7,185,0
575,M,297.9,309.9,1410,55.4,188,0
576,H,297.7,309.7,1440,51.1,191,0
577,L,297.7,309.7,1591,37.7,196,0
578,L,297.8,309.8,1533,36.8,198,0
579,M,297.8,309.7,1700,31.3,200,0
580,M,297.8,309.8,1798,25.5,203,0
581,L,297.8,309.7,1394,42.9,206,0
582,L,297.8,309.7,1341,49.2,208,0
583,H,297.7,309.6,1697,32.2,210,0
584,H,297.6,309.6,1419,48.2,215,0
585,L,297.6,309.5,2001,20.5,220,0
586,L,297.6,309.6,1501,49.8,222,1
587,H,297.6,309.5,1623,33.1,224,0
588,L,297.6,309.4,1628,33.4,229,0
589,L,297.6,309.4,1491,40.2,231,0
590,L,297.5,309.4,1517,36.7,233,0
591,H,297.5,309.3,1525,41.7,235,0
592,H,297.5,309.5,1668,27.9,240,0
593,L,297.5,309.6,1312,50.7,0,0
594,H,297.6,309.6,1278,50.4,2,0
595,M,297.6,309.6,1330,53.1,7,0
596,M,297.6,309.6,1530,37.3,10,0
597,H,297.6,309.6,1428,46.6,13,0
598,L,297.7,309.6,1480,47.9,18,0
599,H,297.7,309.7,1616,31.1,20,0
600,L,297.8,309.7,1547,37.3,25,0
601,L,297.9,309.7,2194,16.8,27,0
602,L,297.9,309.8,2000,21.3,29,0
603,L,297.9,309.8,1336,71.6,31,1
604,L,297.9,309.9,1542,33.8,33,0
605,M,297.9,309.8,1693,29.9,35,0
606,L,297.9,309.8,1461,50.5,38,0
607,M,298.0,309.9,1565,33.9,40,0
608,L,298.0,309.9,1403,47.7,43,0
609,L,298.1,309.9,1629,32.5,45,0
610,L,298.1,310.0,1534,33.7,47,0
611,L,298.1,310.0,1553,40.9,49,0
612,L,298.1,309.9,1563,32.8,51,0
613,L,298.1,309.9,1634,30.0,53,0
614,M,298.0,309.9,1445,45.2,55,0
615,L,298.1,309.9,1642,30.4,58,0
616,H,298.1,309.9,1686,29.1,60,0
617,M,298.1,310.0,1393,43.1,65,0
618,H,298.2,310.0,1433,44.2,68,0
619,L,298.3,310.0,1507,44.7,73,0
620,M,298.3,310.1,1389,49.6,75,0
621,L,298.3,310.1,1408,45.3,78,0
622,M,298.4,310.2,1725,32.0,80,0
623,L,298.4,310.1,1926,23.7,83,0
624,H,298.3,310.1,1509,37.6,85,0
625,L,298.3,310.1,1545,36.3,90,0
626,L,298.4,310.1,1533,35.2,92,0
627,L,298.4,310.1,1455,42.2,94,0
628,M,298.4,310.1,1335,57.8,96,0
629,L,298.3,310.1,1523,45.9,99,0
630,L,298.3,310.0,1460,47.6,101,0
631,L,298.4,310.0,1554,37.3,103,0
632,H,298.3,310.0,1419,47.1,105,0
633,L,298.3,310.0,1442,43.9,110,0
634,L,298.3,309.9,1507,41.6,112,0
635,L,298.3,310.0,1858,23.9,114,0
636,L,298.3,309.9,1463,43.9,116,0
637,L,298.2,309.7,1585,37.4,118,0
638,L,298.0,309.6,1536,37.3,120,0
639,L,298.0,309.6,1403,51.3,122,0
640,M,297.9,309.6,1515,38.8,124,0
641,L,297.9,309.5,1390,47.9,127,0
642,M,297.8,309.4,1226,58.7,129,0
643,M,297.8,309.4,1495,36.5,132,0
644,H,297.7,309.4,1608,30.2,135,0
645,L,297.7,309.4,1392,44.1,140,0
646,M,297.7,309.4,1461,43.7,142,0
647,L,297.7,309.3,1559,36.9,145,0
648,H,297.7,309.3,1400,48.9,147,0
649,M,297.7,309.2,1732,28.8,152,0
650,L,297.6,309.2,1611,33.1,155,0
651,L,297.6,309.1,1503,38.9,157,0
652,L,297.7,309.2,1391,44.5,159,0
653,L,297.8,309.3,2015,20.1,161,0
654,L,297.8,309.2,1683,30.9,163,0
655,L,297.7,309.1,1435,38.8,165,0
656,M,297.7,309.1,1732,28.1,167,0
657,L,297.7,309.2,1365,58.6,170,0
658,L,297.7,309.1,1562,36.8,172,0
659,L,297.6,309.1,1449,49.1,174,0
660,M,297.7,309.2,1700,27.4,176,0
661,M,297.6,309.0,1427,45.6,179,0
662,M,297.6,308.9,1479,38.1,182,0
663,L,297.5,308.9,1469,44.0,185,0
664,L,297.5,308.9,1390,47.4,187,0
665,L,297.5,308.9,1729,28.1,189,0
666,L,297.5,309.0,1470,43.5,191,0
667,L,297.5,308.9,1459,48.5,193,0
668,L,297.5,308.9,1738,24.0,195,0
669,H,297.5,308.9,1471,37.7,197,0
670,L,297.6,309.0,1822,25.4,202,0
671,L,297.5,308.9,1554,34.8,204,0
672,M,297.6,308.9,1433,43.2,206,0
673,L,297.6,308.9,1449,47.7,209,0
674,L,297.8,309.0,1456,41.2,0,0
675,M,297.8,309.1,1424,45.5,2,0
676,H,297.9,309.2,1577,34.7,5,0
677,L,297.9,309.2,1478,39.7,10,0
678,M,297.8,309.2,1295,61.2,12,0
679,L,297.8,309.2,1372,47.3,15,0
680,M,297.8,309.1,1432,42.6,17,0
681,M,297.7,309.0,1656,33.2,20,0
682,H,297.8,309.0,1410,48.8,23,0
683,L,297.7,309.0,1874,24.4,28,0
684,L,297.7,309.0,1538,43.2,30,0
685,M,297.7,309.0,1636,29.7,32,0
686,M,297.7,309.0,1504,40.4,35,0
687,M,297.7,309.0,1531,42.4,38,0
688,H,297.6,309.0,1735,26.4,41,0
689,H,297.6,309.0,1354,55.6,46,0
690,H,297.6,309.0,1413,40.2,51,0
691,L,297.7,309.1,1563,39.3,56,0
692,L,297.7,309.1,1479,42.1,58,0
693,L,297.7,309.1,1477,38.3,60,0
694,L,297.6,309.1,1394,50.0,62,0
695,L,297.6,309.0,1487,45.4,64,0
696,M,297.6,309.0,1815,25.3,66,0
697,M,297.6,308.8,1453,39.7,69,0
698,L,297.6,308.8,1539,40.2,72,0
699,H,297.5,308.7,1416,39.2,74,0
700,M,297.6,308.8,1683,31.6,79,0
701,L,297.7,308.8,1515,40.1,82,0
702,M,297.7,308.9,1531,48.3,84,0
703,H,297.7,308.9,1479,40.9,87,0
704,L,297.7,308.9,1516,33.7,92,0
705,L,297.7,309.0,1507,38.2,94,0
706,M,297.8,309.0,1434,43.3,96,0
707,L,297.7,308.9,1838,27.3,99,0
708,M,297.6,308.8,1416,45.9,101,0
709,M,297.6,308.8,1357,49.7,104,0
710,M,297.5,308.7,1697,28.1,107,0
711,L,297.5,308.7,1443,46.2,110,0
712,L,297.5,308.7,1453,37.6,112,0
713,L,297.4,308.6,1439,46.4,114,0
714,L,297.4,308.6,1609,36.2,116,0
715,L,297.4,308.6,1324,59.1,118,0
716,H,297.4,308.6,1420,45.8,120,0
717,L,297.4,308.7,1545,36.9,125,0
718,L,297.5,308.8,1477,39.0,127,0
719,L,297.4,308.8,1447,58.1,129,0
720,L,297.4,308.9,1809,23.8,131,0
721,L,297.5,308.9,1696,30.9,133,0
722,L,297.5,308.9,1427,44.7,135,0
723,M,297.4,308.9,1500,46.3,137,0
724,L,297.5,308.9,1390,44.6,140,0
725,L,297.4,308.8,1640,34.2,142,0
726,M,297.4,308.8,1628,37.4,144,0
727,H,297.3,308.6,1499,37.6,147,0
728,M,297.4,308.7,1425,50.3,152,0
729,L,297.3,308.6,1586,37.7,155,0
730,M,297.3,308.6,1471,50.7,157,0
731,M,297.3,308.6,1431,53.0,160,0
732,L,297.2,308.6,1924,22.1,163,0
733,M,297.1,308.4,1421,42.0,165,0
734,H,297.0,308.4,1305,54.6,168,0
735,L,296.9,308.4,1557,32.4,173,0
736,L,296.9,308.3,1555,38.2,175,0
737,H,296.9,308.3,1474,39.2,177,0
738,L,296.8,308.3,1506,45.9,182,0
739,L,296.9,308.4,1390,41.8,184,0
740,M,296.9,308.4,1450,46.9,186,0
741,L,296.9,308.3,1513,38.8,189,0
742,L,296.8,308.2,1643,34.7,191,0
743,L,296.8,308.2,1361,53.8,193,0
744,L,296.7,308.1,1450,40.9,195,0
745,L,296.7,308.0,1451,50.7,197,0
746,L,296.8,308.1,1289,62.0,199,1
747,L,296.8,308.1,1356,48.3,201,0
748,H,296.7,308.1,1528,46.3,203,0
749,L,296.6,308.0,1978,22.3,208,0
750,L,296.7,308.0,1535,36.8,210,0
751,M,296.8,308.1,1843,24.2,212,0
752,L,296.9,308.1,1422,48.7,215,0
753,L,296.8,308.0,1536,40.4,217,0
754,M,296.9,308.1,1483,44.3,219,0
755,H,296.8,308.1,1492,43.7,222,0
756,L,296.8,308.0,1584,40.4,227,0
757,L,296.9,308.1,1555,33.7,229,0
758,L,296.8,308.0,1497,41.7,231,0
759,M,296.7,307.8,1537,36.3,233,0
760,L,296.7,307.8,1505,39.4,236,0
761,L,296.7,307.8,1646,34.6,238,0
762,M,296.7,307.8,1286,60.5,0,0
763,L,296.7,307.8,1400,47.5,3,0
764,L,296.8,307.9,1337,56.5,5,0
765,L,296.9,308.0,1332,53.9,7,0
766,L,296.8,308.0,1561,38.3,9,0
767,L,296.9,308.0,1546,31.1,11,0
768,L,296.9,308.0,1713,29.3,13,0
769,L,296.9,308.0,1343,44.5,15,0
770,L,296.8,308.0,1391,54.4,17,0
771,H,296.8,308.0,1311,58.6,19,0
772,H,296.8,308.0,1453,51.0,24,0
773,L,296.8,308.0,1510,39.4,29,0
774,L,296.8,307.9,1448,48.8,31,0
775,L,296.7,307.8,1453,46.0,33,0
776,L,296.7,307.8,1468,39.2,35,0
777,L,296.7,307.8,1382,47.5,37,0
778,L,296.7,308.0,1580,32.2,39,0
779,L,296.8,308.0,1666,29.8,41,0
780,M,296.9,308.0,1409,50.7,43,0
781,L,296.8,308.0,1675,29.7,46,0
782,L,296.8,307.9,1698,30.8,48,0
783,H,296.7,307.9,1579,33.4,50,0
784,L,296.7,307.9,1743,27.9,55,0
785,M,296.9,308.0,1497,44.8,57,0
786,L,296.9,308.1,1741,28.8,60,0
787,L,296.9,308.1,1435,45.3,62,0
788,M,296.9,308.1,1440,46.3,64,0
789,M,296.9,308.0,1641,33.3,67,0
790,L,296.8,307.9,1420,45.4,70,0
791,L,296.8,307.9,1611,35.4,72,0
792,L,296.8,307.8,1373,42.9,74,0
793,M,296.8,307.9,1683,31.8,76,0
794,H,296.9,307.9,1547,32.6,79,0
795,L,296.9,307.8,1605,37.0,84,0
796,M,296.9,307.9,2010,18.9,86,0
797,L,296.8,307.7,1565,40.1,89,0
798,M,296.9,307.8,1828,24.6,91,0
799,M,297.0,307.8,1579,34.1,94,0
800,M,297.0,307.9,1882,24.2,97,0
801,L,296.9,307.8,1285,52.1,100,0
802,L,296.9,307.8,1571,35.0,102,0
803,H,296.9,307.8,1549,37.8,104,0
804,M,296.9,307.8,1544,37.6,109,0
805,M,297.0,307.9,1412,47.4,112,0
806,M,297.0,307.9,1422,53.0,115,0
807,L,297.0,307.7,1867,22.8,118,0
808,L,296.9,307.7,1424,43.3,120,0
809,L,296.9,307.6,1452,45.7,122,0
810,L,296.9,307.7,1550,39.7,124,0
811,L,296.8,307.6,1588,37.6,126,0
812,L,296.8,307.6,1338,44.4,128,0
813,L,296.8,307.6,1513,40.0,130,0
814,M,296.8,307.5,1470,45.9,132,0
815,M,296.8,307.5,1516,36.7,135,0
816,L,296.8,307.6,1434,48.3,138,0
817,L,296.8,307.6,1368,52.0,140,0
818,L,296.8,307.6,1304,48.7,142,0
819,L,296.8,307.6,1398,46.7,144,0
820,L,296.7,307.6,1516,37.4,146,0
821,L,296.7,307.6,1474,41.7,148,0
822,M,296.7,307.6,1547,34.7,150,0
823,M,296.6,307.5,1482,39.9,153,0
824,L,296.6,307.4,1436,42.8,156,0
825,L,296.6,307.3,1474,40.0,158,0
826,L,296.5,307.2,1481,38.2,160,0
827,L,296.5,307.3,1501,42.1,162,0
828,L,296.5,307.3,1566,37.2,164,0
829,L,296.5,307.3,1579,34.5,166,0
830,L,296.6,307.4,1631,35.0,168,0
831,M,296.6,307.4,1544,42.3,170,0
832,L,296.6,307.4,1521,38.6,173,0
833,L,296.6,307.4,1616,28.0,175,0
834,H,296.6,307.4,1333,50.2,177,0
835,M,296.7,307.4,1533,32.5,182,0
836,L,296.6,307.4,1368,45.1,185,0
837,L,296.6,307.4,1465,47.8,187,0
838,H,296.6,307.4,1406,41.5,189,0
839,M,296.5,307.4,1565,43.5,194,0
840,L,296.6,307.5,1582,37.9,197,0
841,L,296.6,307.5,1439,45.5,199,0
842,M,296.6,307.5,1566,35.0,201,0
843,L,296.6,307.5,1485,42.7,204,0
844,L,296.5,307.5,1566,35.1,206,0
845,L,296.3,307.3,1439,41.5,208,0
846,M,296.4,307.4,1416,50.0,210,0
847,L,296.4,307.4,2833,5.6,213,1
848,L,296.3,307.4,1465,47.1,215,0
849,H,296.4,307.4,1586,35.5,0,0
850,L,296.3,307.3,1567,31.4,5,0
851,M,296.2,307.2,1389,48.6,7,0
852,M,296.3,307.3,1368,49.5,10,0
853,L,296.3,307.3,1444,49.0,13,0
854,M,296.3,307.3,1498,41.6,15,0
855,L,296.1,307.2,1615,30.8,18,0
856,L,296.1,307.1,1898,22.7,20,0
857,M,296.1,307.1,1350,53.3,22,0
858,M,296.2,307.0,1516,37.6,25,0
859,H,296.2,307.0,1542,40.6,28,0
860,H,296.1,306.9,1541,32.6,33,0
861,M,296.1,306.9,1951,23.3,38,0
862,H,296.1,306.8,1645,31.0,41,0
863,L,296.0,306.7,1416,44.2,46,0
864,M,296.0,306.7,2044,22.3,48,0
865,L,295.9,306.6,1414,50.2,51,0
866,L,295.9,306.6,1678,26.7,53,0
867,H,295.9,306.5,1594,33.2,55,0
868,M,295.8,306.5,1514,37.7,60,0
869,L,295.8,306.5,1358,49.2,63,0
870,L,295.8,306.4,1325,56.2,65,0
871,L,295.8,306.4,1339,53.2,67,0
872,M,295.8,306.4,1335,51.7,69,0
873,L,295.9,306.4,1892,21.7,72,0
874,L,295.9,306.4,1575,28.5,74,0
875,M,295.8,306.3,1444,45.5,76,0
876,L,295.7,306.3,1915,22.4,79,0
877,M,295.6,306.2,1584,33.6,81,0
878,M,295.7,306.3,1685,34.9,84,0
879,L,295.8,306.3,1337,54.6,87,0
880,M,295.8,306.3,1235,76.2,89,1
881,L,295.7,306.2,1464,46.2,92,0
882,M,295.7,306.2,1739,25.9,94,0
883,L,295.7,306.3,1490,34.3,97,0
884,L,295.8,306.4,1356,48.0,99,0
885,L,295.7,306.2,1397,52.0,101,0
886,L,295.7,306.2,1458,40.6,103,0
887,H,295.7,306.2,2161,16.5,105,0
888,M,295.6,306.1,1651,28.1,110,0
889,L,295.6,306.1,1389,46.2,113,0
890,L,295.6,306.0,1370,52.4,115,0
891,L,295.7,306.1,1408,47.9,117,0
892,L,295.7,306.1,1343,54.4,119,0
893,M,295.7,306.2,1423,42.5,121,0
894,L,295.6,306.2,1426,48.6,124,0
895,M,295.6,306.2,1435,51.6,126,0
896,L,295.5,306.1,1573,35.1,129,0
897,L,295.6,306.2,1612,31.2,131,0
898,L,295.6,306.2,1446,49.9,133,0
899,H,295.6,306.2,1329,55.3,135,0
900,L,295.6,306.2,1569,35.1,140,0
901,H,295.6,306.1,1256,62.3,142,0
902,L,295.6,306.1,1383,48.7,147,0
903,L,295.7,306.2,2270,14.6,149,1
904,H,295.7,306.2,1458,49.8,151,0
905,L,295.6,306.1,1474,41.2,156,0
906,M,295.6,306.1,1462,49.2,158,0
907,M,295.6,306.1,1669,29.0,161,0
908,M,295.5,306.1,1822,24.3,164,0
909,L,295.5,306.0,1456,39.2,167,0
910,L,295.5,306.0,1546,35.9,169,0
911,M,295.6,306.1,1490,42.7,171,0
912,L,295.6,306.0,1569,40.4,174,0
913,L,295.5,306.0,1621,29.5,176,0
914,M,295.4,305.9,1518,40.6,178,0
915,M,295.4,305.8,1526,38.2,181,0
916,M,295.3,305.8,1589,36.2,184,0
917,L,295.3,305.7,1475,51.0,187,0
918,M,295.3,305.7,1473,38.5,189,0
919,L,295.4,305.8,1407,50.7,192,0
920,M,295.5,305.9,1518,44.1,194,0
921,H,295.5,305.9,1593,37.2,197,0
922,M,295.5,305.9,1380,52.4,202,0
923,M,295.5,306.0,1423,45.3,205,0
924,L,295.5,306.0,1800,27.6,208,0
925,H,295.6,306.1,1623,30.9,210,0
926,L,295.6,306.1,1372,55.6,215,1
927,H,295.6,306.0,1396,52.4,0,0
928,L,295.6,306.0,1949,21.9,5,0
929,L,295.6,306.0,1419,51.1,7,0
930,M,295.5,305.9,1453,47.3,9,0
931,L,295.5,305.9,1542,36.2,12,0
932,L,295.6,306.0,1363,50.0,14,0
933,L,295.5,306.0,1597,37.2,16,0
934,M,295.5,306.0,1326,50.8,18,0
935,M,295.5,306.0,1641,36.6,21,0
936,M,295.6,306.1,1418,46.2,24,0
937,L,295.6,306.2,1263,61.8,27,0
938,L,295.6,306.2,1823,25.8,29,0
939,L,295.5,306.1,1488,40.7,31,0
940,L,295.6,306.2,1443,48.9,33,0
941,L,295.6,306.2,1650,28.2,35,0
942,M,295.7,306.3,1462,44.3,37,0
943,M,295.6,306.2,1477,45.0,40,0
944,M,295.7,306.3,1712,28.5,43,0
945,M,295.7,306.3,1347,50.4,46,0
946,L,295.6,306.2,1287,54.8,49,0
947,L,295.6,306.2,1428,44.5,51,0
948,M,295.6,306.3,1426,45.5,53,0
949,L,295.6,306.3,1636,32.7,56,0
950,L,295.6,306.2,1424,42.5,58,0
951,H,295.6,306.3,1509,35.8,60,0
952,L,295.5,306.2,1448,48.9,65,0
953,L,295.5,306.1,1650,32.8,67,0
954,H,295.6,306.2,1414,42.5,69,0
955,L,295.6,306.3,1911,20.9,74,0
956,H,295.6,306.2,1632,32.2,76,0
957,M,295.7,306.4,1387,40.1,81,0
958,L,295.8,306.4,1399,47.6,84,0
959,L,295.8,306.5,1505,35.2,86,0
960,L,295.8,306.5,1534,37.9,88,0
961,L,295.8,306.5,1493,40.5,90,0
962,M,295.8,306.6,1480,43.2,92,0
963,L,295.8,306.6,1621,31.6,95,0
964,L,295.7,306.5,1737,26.2,97,0
965,L,295.8,306.6,1508,46.5,99,0
966,M,295.8,306.5,1641,32.2,101,0
967,M,295.9,306.6,1532,38.6,104,0
968,L,295.9,306.7,1547,40.9,107,0
969,L,295.9,306.6,1412,41.0,109,0
970,L,295.8,306.5,1568,35.1,111,0
971,L,295.9,306.6,1557,41.1,113,0
972,L,295.8,306.6,1644,35.2,115,0
973,L,295.9,306.6,1679,30.4,117,0
974,L,296.0,306.6,1511,35.2,119,0
975,M,296.0,306.6,1628,36.8,121,0
976,M,296.0,306.6,1392,51.3,124,0
977,L,296.0,306.7,1917,21.0,127,0
978,M,296.2,306.8,1526,42.3,129,0
979,L,296.2,306.8,1389,53.3,132,0
980,L,296.1,306.7,1409,42.8,134,0
981,L,296.2,306.8,1655,31.1,136,0
982,L,296.2,306.9,1516,39.1,138,0
983,L,296.2,306.9,1526,34.9,140,0
984,L,296.3,307.1,1419,48.6,142,0
985,L,296.4,307.2,1748,25.3,144,0
986,H,296.4,307.1,1638,32.5,146,0
987,M,296.3,307.1,1534,33.8,151,0
988,H,296.3,307.1,1774,25.9,154,0
989,M,296.2,307.0,2119,18.3,159,0
990,L,296.2,307.0,1414,48.3,162,0
991,M,296.1,307.0,1523,42.0,164,0
992,L,296.1,307.1,1651,35.7,167,0
993,M,296.1,307.1,1485,36.0,169,0
994,M,296.2,307.2,1168,63.4,172,0
995,L,296.3,307.3,1566,35.8,175,0
996,M,296.3,307.2,1286,51.1,177,0
997,M,296.3,307.2,1446,45.9,180,0
998,M,296.4,307.2,2071,19.4,183,0
999,L,296.3,307.1,1560,33.2,186,0
1000,L,296.3,307.1,1654,29.6,188,0
1001,L,296.3,307.1,1662,32.9,190,0
1002,L,296.3,307.2,1646,35.0,192,0
1003,L,296.2,307.1,1444,46.7,194,0
1004,H,296.3,307.2,1424,42.0,196,0
1005,L,296.2,307.2,1382,52.0,201,0
1006,L,296.2,307.1,1413,53.4,203,0
1007,M,296.2,307.2,1633,31.1,0,0
1008,L,296.2,307.1,1441,41.7,3,0
1009,M,296.2,307.2,1385,44.0,5,0
1010,M,296.2,307.2,1552,34.8,8,0
1011,M,296.2,307.3,1451,42.8,11,0
1012,M,296.1,307.1,1433,38.5,14,0
1013,M,296.1,307.2,1619,29.7,17,0
1014,L,296.2,307.2,1445,41.8,20,0
1015,L,296.2,307.2,1356,43.6,22,0
1016,M,296.3,307.2,1319,68.3,24,1
1017,L,296.3,307.2,1637,31.6,27,0
1018,L,296.3,307.2,1291,58.6,29,0
1019,L,296.3,307.3,1398,52.7,31,0
1020,L,296.3,307.3,1372,57.7,33,0
1021,M,296.3,307.2,1454,42.5,35,0
1022,L,296.2,307.2,1515,36.5,38,0
1023,L,296.2,307.3,1881,24.3,40,0
1024,L,296.2,307.3,1711,29.9,42,0
1025,L,296.2,307.3,1475,37.0,44,0
1026,L,296.4,307.4,1512,36.8,46,0
1027,M,296.3,307.4,1335,50.5,48,0
1028,L,296.3,307.4,1472,39.9,51,0
1029,M,296.2,307.3,1477,35.2,53,0
1030,L,296.3,307.4,1760,28.4,56,0
1031,L,296.4,307.5,1549,36.1,58,0
1032,L,296.3,307.4,1648,34.0,60,0
1033,H,296.4,307.5,1556,38.0,62,0
1034,M,296.3,307.4,1958,19.1,67,0
1035,L,296.4,307.4,1403,48.4,70,0
1036,M,296.4,307.5,1684,31.4,72,0
1037,H,296.4,307.5,1596,35.1,75,0
1038,L,296.6,307.6,1498,41.1,80,0
1039,L,296.7,307.7,1524,36.8,82,0
1040,L,296.7,307.7,1502,43.9,84,0
1041,L,296.6,307.6,1809,25.1,86,0
1042,L,296.6,307.6,1542,37.4,88,0
1043,L,296.5,307.6,1431,45.2,90,0
1044,L,296.5,307.6,1512,43.6,92,0
1045,H,296.4,307.5,1403,52.8,94,0
1046,L,296.4,307.5,1331,47.8,99,0
1047,M,296.6,307.7,1474,52.6,101,0
1048,L,296.5,307.6,1607,33.5,104,0
1049,L,296.5,307.6,1415,44.2,106,0
1050,L,296.6,307.6,1671,28.8,108,0
1051,L,296.6,307.7,1556,37.7,110,0
1052,L,296.7,307.7,1927,23.9,112,0
1053,M,296.7,307.7,1597,32.1,114,0
1054,H,296.8,307.8,1627,30.5,117,0
1055,L,296.8,307.8,1480,39.4,122,0
1056,L,296.8,307.8,1565,39.5,124,0
1057,L,296.8,307.8,1573,36.4,126,0
1058,L,296.7,307.8,1605,31.3,128,0
1059,M,296.7,307.9,1874,21.3,130,0
1060,H,296.7,307.9,1424,53.8,133,0
1061,L,296.7,307.9,1420,50.1,138,0
1062,L,296.8,307.9,1372,49.0,140,0
1063,M,296.8,307.8,1664,32.8,142,0
1064,M,296.8,307.9,1409,44.3,145,0
1065,L,296.8,307.9,1718,25.2,148,0
1066,M,296.9,307.8,1544,40.3,150,0
1067,L,296.9,307.8,1466,45.7,153,0
1068,L,296.8,307.8,1394,47.7,155,0
1069,M,296.9,307.8,1840,24.6,157,0
1070,M,296.9,307.8,1477,37.2,160,0
1071,L,296.9,307.8,1425,49.1,163,0
1072,M,297.0,307.9,1414,46.2,165,0
1073,L,297.0,307.8,1414,47.5,168,0
1074,L,297.0,307.9,1595,31.7,170,0
1075,H,296.9,307.8,1345,54.5,172,0
1076,L,296.9,307.7,1653,35.9,177,0
1077,L,296.8,307.6,1547,36.5,179,0
1078,H,296.9,307.7,1656,30.8,181,0
1079,L,297.0,307.7,1731,28.5,186,0
1080,L,297.0,307.8,1774,28.0,188,0
1081,L,297.0,307.8,1521,40.2,190,0
1082,H,297.1,307.9,1420,39.8,192,0
1083,L,297.0,307.8,1683,32.3,197,0
1084,M,297.0,307.7,1498,47.1,199,0
1085,L,297.0,307.8,1385,56.4,202,1
1086,L,297.0,307.9,1455,49.0,204,0
1087,H,296.9,307.8,1549,35.8,206,1
1088,M,296.9,307.8,1392,43.9,0,0
1089,M,296.9,307.7,2008,17.5,3,0
1090,L,296.9,307.7,1464,41.4,6,0
1091,L,297.0,307.7,1447,46.4,8,0
1092,M,296.9,307.6,1685,32.0,10,0
1093,M,296.8,307.5,1443,39.2,13,0
1094,L,296.9,307.5,1354,44.4,16,0
1095,L,296.9,307.5,2721,9.3,18,1
1096,L,297.0,307.6,1680,35.8,20,0
1097,H,296.9,307.5,1397,48.3,22,0
1098,M,296.9,307.4,1521,37.9,27,0
1099,M,296.8,307.4,1472,43.9,30,0
1100,H,296.8,307.5,1695,30.0,33,0
1101,H,296.7,307.5,1607,33.6,38,0
1102,L,296.8,307.5,1347,54.8,43,0
1103,M,296.7,307.4,1540,38.7,45,0
1104,L,296.6,307.4,1389,42.7,48,0
1105,M,296.6,307.5,1734,27.0,50,0
1106,L,296.7,307.6,1540,38.6,53,0
1107,M,296.7,307.5,1515,42.1,55,0
1108,L,296.6,307.4,1504,45.8,58,0
1109,L,296.6,307.5,1557,35.1,60,0
1110,L,296.5,307.4,1292,52.5,62,0
1111,H,296.5,307.4,1432,49.2,64,0
1112,M,296.5,307.4,1350,55.6,69,0
1113,M,296.6,307.4,1790,25.8,72,0
1114,H,296.4,307.3,1540,37.4,75,0
1115,M,296.4,307.3,2077,19.1,80,0
1116,L,296.4,307.3,1487,37.5,83,0
1117,L,296.5,307.4,1523,40.7,85,0
1118,L,296.5,307.5,1443,41.8,87,0
1119,L,296.5,307.5,1340,59.1,89,0
1120,H,296.6,307.7,1654,31.0,91,0
1121,L,296.6,307.6,1459,40.2,96,0
1122,L,296.5,307.6,1541,38.5,98,0
1123,H,296.6,307.7,1386,62.3,100,1
1124,M,296.7,307.8,1258,69.0,105,1
1125,M,296.7,307.8,1375,51.4,108,0
1126,L,296.8,307.9,1706,30.8,111,0
1127,M,296.7,307.8,1672,32.4,113,0
1128,M,296.8,307.9,1843,25.2,116,0
1129,L,296.7,307.9,1690,29.6,119,0
1130,L,296.8,307.9,1413,46.5,121,0
1131,L,296.8,307.9,1489,33.4,123,0
1132,L,296.8,307.9,1271,61.4,125,0
1133,M,296.8,307.9,1418,47.9,127,0
1134,M,296.9,307.8,1426,50.7,130,0
1135,L,296.9,307.9,1535,39.2,133,0
1136,L,296.9,307.8,1557,38.1,135,0
1137,L,296.9,307.8,1653,29.7,137,0
1138,L,296.9,307.9,1435,41.6,139,0
1139,M,297.0,307.9,1569,33.3,141,0
1140,M,296.9,307.9,1385,44.8,144,0
1141,L,297.0,307.9,1635,31.6,147,0
1142,L,296.9,307.9,1423,43.9,149,0
1143,L,297.0,307.9,1479,39.2,151,0
1144,L,297.0,307.9,1296,69.1,153,1
1145,L,297.0,307.8,1553,33.3,155,0
1146,L,297.0,307.9,1529,42.2,157,0
1147,M,297.1,308.0,1690,25.6,159,0
1148,L,297.1,308.0,1348,58.0,162,0
1149,L,297.2,308.1,1446,38.5,164,0
1150,L,297.1,307.9,1456,50.0,166,0
1151,L,297.0,307.9,1350,47.7,168,0
1152,L,297.1,307.9,1507,38.3,170,0
1153,H,297.0,307.9,1448,45.6,172,0
1154,L,296.9,307.9,1626,29.9,177,0
1155,H,297.0,307.9,1846,27.3,179,0
1156,H,297.0,307.8,1404,40.7,184,0
1157,L,297.0,307.8,1583,37.2,189,0
1158,L,297.0,307.9,1436,47.7,191,0
1159,L,297.0,307.8,1609,35.6,193,0
1160,H,297.0,307.7,1834,23.8,195,0
1161,L,297.0,307.8,1316,61.2,200,1
1162,L,296.9,307.8,1400,57.1,202,1
1163,L,296.9,307.9,1367,47.1,204,0
1164,L,297.1,308.1,1754,30.3,206,0
1165,L,297.1,308.1,1487,34.6,208,0
1166,M,297.1,308.1,1506,37.7,210,0
1167,L,297.0,308.1,1362,52.5,213,1
1168,L,297.1,308.1,1584,36.8,215,0
1169,L,297.0,308.1,1355,43.7,217,0
1170,M,297.1,308.1,1823,24.3,219,0
1171,H,297.0,308.1,1517,41.4,222,0
1172,L,297.1,308.1,1446,36.6,227,0
1173,H,297.1,308.0,1559,38.8,229,0
1174,M,297.1,308.1,1352,44.4,0,0
1175,M,297.2,308.3,1578,37.8,3,0
1176,M,297.2,308.3,1429,42.0,6,0
1177,M,297.2,308.3,1604,39.4,9,0
1178,L,297.3,308.5,1398,60.4,12,0
1179,L,297.3,308.4,1441,43.4,14,0
1180,H,297.3,308.4,1531,35.6,16,0
1181,L,297.2,308.3,1379,52.1,21,0
1182,L,297.3,308.3,1410,48.1,23,0
1183,L,297.3,308.4,1513,40.5,25,0
1184,L,297.3,308.5,1497,47.5,27,0
1185,L,297.3,308.4,1491,46.5,29,0
1186,L,297.3,308.4,1417,47.8,31,0
1187,M,297.4,308.6,1522,38.0,33,0
1188,L,297.3,308.4,1339,52.1,36,0
1189,M,297.2,308.3,1794,27.5,38,0
1190,L,297.2,308.4,1460,42.1,41,0
1191,M,297.2,308.3,1776,28.0,43,0
1192,M,297.2,308.3,1431,43.7,46,0
1193,L,297.1,308.2,1347,50.8,49,0
1194,M,297.0,308.1,1507,43.1,51,0
1195,M,297.0,308.0,1408,47.9,54,0
1196,M,297.0,307.9,1493,34.7,57,0
1197,M,296.9,307.9,1441,47.6,60,0
1198,H,296.9,307.9,1557,36.5,63,0
1199,M,296.9,307.9,1979,20.4,68,0
1200,M,296.9,308.0,1430,55.9,71,0
1201,L,296.9,308.0,1658,41.0,74,0
1202,M,297.0,308.1,1355,51.4,76,0
1203,H,297.0,308.1,1410,47.6,79,0
1204,L,296.9,308.0,1521,34.5,84,0
1205,L,296.8,308.0,1371,54.5,86,0
1206,H,296.9,308.0,1318,53.5,88,0
1207,M,297.0,308.1,1573,34.9,93,0
1208,L,297.0,308.1,1489,44.1,96,0
1209,H,297.0,308.1,2540,13.3,98,0
1210,L,297.0,308.1,1537,39.0,103,0
1211,H,296.9,308.0,1416,46.9,105,0
1212,L,296.9,307.9,1359,56.5,110,0
1213,M,296.8,307.8,1551,38.9,112,0
1214,M,296.8,307.8,1694,33.0,115,0
1215,L,296.8,307.9,1709,28.4,118,0
1216,L,296.9,308.0,1514,41.0,120,0
1217,L,297.0,308.1,1455,43.5,122,0
1218,M,297.0,308.2,1702,30.7,124,0
1219,M,296.9,308.1,1357,41.8,127,0
1220,L,297.0,308.2,1577,29.4,130,0
1221,M,297.0,308.3,1399,46.4,132,0
1222,L,297.0,308.3,1399,59.0,135,0
1223,L,297.0,308.3,1492,48.1,137,0
1224,L,297.1,308.3,1763,25.7,139,0
1225,H,297.1,308.3,1492,41.5,141,0
1226,L,297.1,308.4,1488,42.5,146,0
1227,L,297.1,308.4,1422,42.1,148,0
1228,M,297.1,308.4,1583,38.2,150,0
1229,L,297.1,308.4,1304,53.5,153,0
1230,M,297.1,308.4,1880,23.5,155,0
1231,M,297.2,308.5,1604,40.7,158,0
1232,L,297.2,308.6,1500,37.1,161,0
1233,M,297.2,308.5,1364,55.6,163,0
1234,H,297.2,308.5,2440,14.0,166,0
1235,H,297.1,308.4,1654,31.4,171,0
1236,H,297.1,308.4,1359,46.6,176,0
1237,M,297.1,308.4,1502,37.3,181,0
1238,M,297.1,308.4,1615,32.6,184,0
1239,H,297.2,308.5,1482,39.3,187,0
1240,L,297.2,308.6,1636,31.3,192,0
1241,M,297.1,308.5,1621,32.4,194,0
1242,L,297.1,308.4,1468,44.4,197,0
1243,M,297.1,308.4,1432,53.4,199,0
1244,L,297.1,308.4,1726,28.4,202,0
1245,M,297.1,308.4,1588,33.4,204,0
1246,H,297.2,308.5,1653,33.3,207,0
1247,L,297.2,308.5,1513,42.9,212,0
1248,L,297.2,308.6,1489,40.2,214,0
1249,L,297.3,308.7,1467,36.8,216,0
1250,L,297.3,308.7,1549,36.1,218,0
1251,M,297.4,308.8,1359,48.7,220,0
1252,L,297.5,308.8,1533,41.5,223,0
1253,L,297.5,308.8,1309,57.3,0,0
1254,H,297.5,308.8,1430,49.4,2,0
1255,H,297.5,308.9,1419,50.7,7,0
1256,M,297.5,308.9,1535,37.7,12,0
1257,L,297.5,308.9,1466,43.0,15,0
1258,L,297.5,308.9,1427,50.4,17,0
1259,M,297.5,308.9,1280,48.5,19,0
1260,L,297.6,309.0,1528,33.8,22,0
1261,H,297.6,309.0,1885,25.2,24,0
1262,H,297.8,309.2,1648,33.0,29,0
1263,L,297.8,309.2,1400,56.9,34,0
1264,M,297.8,309.3,2243,15.7,36,0
1265,L,297.9,309.4,1558,35.7,39,0
1266,L,298.0,309.6,1633,34.8,41,0
1267,M,298.1,309.6,1549,38.7,43,0
1268,L,298.0,309.5,1496,45.8,46,0
1269,L,298.1,309.5,1467,41.8,48,0
1270,M,298.0,309.4,1276,65.9,50,0
1271,H,298.0,309.4,1490,40.5,53,0
1272,H,298.0,309.4,1562,38.1,58,0
1273,L,298.1,309.4,1397,48.2,63,0
1274,H,298.1,309.5,1530,40.2,65,0
1275,M,298.1,309.4,1362,47.6,70,0
1276,M,298.2,309.4,1693,34.4,73,0
1277,M,298.2,309.4,1408,46.5,76,0
1278,L,298.2,309.4,1398,52.9,79,0
1279,M,298.3,309.6,1531,40.1,81,0
1280,H,298.3,309.5,1521,37.1,84,0
1281,H,298.3,309.5,1427,54.3,89,0
1282,L,298.3,309.4,1546,36.1,94,0
1283,L,298.3,309.4,1356,45.4,96,0
1284,L,298.4,309.5,2153,15.3,98,1
1285,M,298.5,309.6,1492,41.7,100,0
1286,L,298.5,309.6,1582,40.3,103,0
1287,L,298.5,309.6,1419,41.5,105,0
1288,M,298.5,309.6,1441,48.2,107,0
1289,M,298.6,309.7,1635,32.2,110,0
1290,L,298.6,309.7,1429,45.8,113,0
1291,M,298.6,309.7,1675,28.4,115,0
1292,M,298.7,309.7,1868,23.8,118,0
1293,H,298.7,309.8,1582,33.4,121,0
1294,L,298.8,309.9,1486,40.3,126,0
1295,L,298.7,309.8,1402,54.3,128,0
1296,L,298.7,309.9,1621,34.1,130,0
1297,L,298.8,309.9,1428,42.4,132,0
1298,M,298.7,309.8,1343,53.6,134,0
1299,M,298.7,309.9,1458,40.2,137,0
1300,L,298.7,309.8,1322,57.0,140,0
1301,L,298.7,309.9,1483,32.8,142,0
1302,L,298.6,309.8,1505,45.7,144,0
1303,L,298.7,309.9,1593,42.5,146,0
1304,L,298.8,310.0,2098,19.6,148,0
1305,L,298.8,310.0,1672,30.4,150,0
1306,L,298.8,310.0,1487,41.4,152,0
1307,L,298.8,310.0,1423,42.1,154,0
1308,L,298.9,310.1,1750,25.0,156,0
1309,L,298.9,310.2,1654,31.1,158,0
1310,L,298.9,310.2,1498,50.2,160,0
1311,L,298.9,310.1,1587,30.2,162,0
1312,L,298.9,310.1,1473,42.6,164,0
1313,L,298.9,310.2,1359,56.9,166,0
1314,M,299.0,310.3,1635,34.5,168,0
1315,L,299.0,310.3,1520,45.0,171,0
1316,L,299.0,310.3,1507,36.7,173,0
1317,L,299.0,310.3,1428,46.3,175,0
1318,M,299.0,310.3,1582,33.3,177,0
1319,L,299.0,310.3,1929,24.4,180,0
1320,M,299.0,310.3,1540,38.1,182,0
1321,L,298.9,310.2,1362,53.0,185,0
1322,H,298.9,310.1,1452,49.9,187,0
1323,L,298.9,310.1,1361,51.7,192,0
1324,M,298.8,310.1,1243,74.5,194,1
1325,H,298.8,310.1,1567,36.8,197,0
1326,L,298.9,310.2,1411,46.5,202,0
1327,L,298.8,310.2,1814,26.8,204,0
1328,M,298.8,310.1,1719,28.8,206,0
1329,H,298.8,310.2,1663,30.4,209,0
1330,L,298.9,310.2,1696,30.2,214,0
1331,H,298.9,310.2,1771,26.8,216,0
1332,L,299.0,310.3,1868,24.0,221,0
1333,M,299.0,310.3,1558,35.4,223,0
1334,L,299.0,310.4,1365,49.1,226,1
1335,L,299.0,310.4,1371,53.8,228,1
1336,L,298.9,310.3,1583,32.6,230,0
1337,H,298.7,310.2,1613,36.0,0,0
1338,L,298.6,310.1,1721,27.2,5,0
1339,M,298.6,310.2,1668,31.5,7,0
1340,L,298.6,310.2,1569,36.3,10,0
1341,M,298.6,310.2,1328,50.5,12,0
1342,M,298.6,310.1,1596,33.0,15,0
1343,L,298.5,310.2,1676,32.7,18,0
1344,L,298.5,310.1,1809,28.9,20,0
1345,L,298.5,310.0,1804,26.1,22,0
1346,L,298.6,310.1,1533,33.9,24,0
1347,L,298.7,310.2,1717,27.3,26,0
1348,L,298.7,310.2,1363,45.5,28,0
1349,L,298.7,310.2,1402,45.9,30,0
1350,L,298.7,310.2,1436,47.5,32,0
1351,L,298.7,310.2,1525,43.7,34,0
1352,M,298.7,310.2,1598,33.3,36,0
1353,M,298.6,310.1,1444,48.1,39,0
1354,L,298.6,310.0,1334,48.0,42,0
1355,M,298.6,310.0,1681,35.5,44,0
1356,L,298.6,309.9,1593,37.4,47,0
1357,L,298.6,309.9,1461,45.7,49,0
1358,M,298.7,310.1,1693,31.9,51,0
1359,L,298.7,310.2,1404,50.3,54,0
1360,H,298.8,310.2,1707,27.6,56,0
1361,M,298.6,310.1,1458,41.9,61,0
1362,L,298.6,310.0,1517,41.2,64,0
1363,L,298.7,310.1,1433,54.6,66,0
1364,L,298.7,310.2,1566,33.1,68,0
1365,L,298.7,310.1,1676,33.5,70,0
1366,M,298.7,310.1,1368,56.8,72,0
1367,M,298.8,310.2,1581,37.5,75,0
1368,H,298.8,310.3,1708,27.1,78,0
1369,M,298.7,310.3,1481,41.5,83,0
1370,L,298.7,310.3,1451,40.0,86,0
1371,M,298.7,310.3,1495,38.7,88,0
1372,M,298.8,310.3,1573,41.8,91,0
1373,M,298.8,310.3,1366,59.0,94,0
1374,L,298.8,310.3,1553,36.8,97,0
1375,M,298.8,310.3,1528,37.1,99,0
1376,M,298.8,310.2,1527,31.2,102,0
1377,L,298.8,310.2,1461,46.7,105,0
1378,H,298.8,310.2,1455,44.9,107,0
1379,L,298.7,310.1,1620,34.8,112,0
1380,L,298.7,310.1,1786,27.7,114,0
1381,M,298.8,310.2,1583,35.7,116,0
1382,L,298.8,310.1,1653,30.3,119,0
1383,M,298.9,310.2,1331,49.0,121,0
1384,L,298.9,310.3,1484,43.8,124,0
1385,M,298.9,310.2,1603,36.1,126,0
1386,L,298.9,310.2,1445,40.0,129,0
1387,L,298.9,310.1,1823,26.1,131,0
1388,H,298.9,310.1,1491,45.3,133,0
1389,L,298.9,310.2,1533,42.8,138,0
1390,L,298.9,310.2,1409,54.8,140,0
1391,L,298.9,310.2,2737,8.8,142,1
1392,M,299.0,310.3,1494,46.6,144,0
1393,L,299.1,310.4,1594,33.3,147,0
1394,L,299.1,310.4,1527,44.0,149,0
1395,L,299.1,310.4,1452,39.7,151,0
1396,L,299.0,310.3,1483,39.2,153,0
1397,L,299.1,310.2,1569,38.2,155,0
1398,L,299.1,310.3,1472,46.6,157,0
1399,L,299.0,310.2,1533,43.5,159,0
1400,H,298.9,310.1,1366,62.7,161,0
1401,H,298.9,310.2,1532,37.7,166,0
1402,M,298.9,310.1,1313,56.8,171,0
1403,L,299.0,310.2,1372,48.0,174,0
1404,M,298.9,310.1,1555,40.6,176,0
1405,L,298.9,310.1,1394,42.7,179,0
1406,L,298.9,310.1,1442,48.0,181,0
1407,L,298.9,310.0,1564,33.8,183,0
1408,L,298.9,310.0,1452,48.9,185,0
1409,L,298.9,310.1,1466,42.5,187,0
1410,M,298.9,310.1,1469,53.2,189,0
1411,L,298.9,310.1,1944,23.4,192,0
1412,M,298.8,309.9,1415,53.2,194,0
1413,M,298.7,309.8,1528,36.7,197,0
1414,M,298.7,309.8,1570,42.1,200,0
1415,L,298.7,309.9,1617,33.0,203,0
1416,M,298.7,309.9,2083,18.2,205,0
1417,L,298.7,309.9,1541,38.5,208,0
1418,L,298.8,309.9,1320,47.4,210,0
1419,L,298.7,309.8,1354,53.3,212,1
1420,M,298.8,309.9,1495,35.2,214,0
1421,L,298.7,309.8,1589,31.8,217,0
1422,L,298.7,309.8,1530,35.5,0,0
1423,L,298.7,309.8,1539,33.4,2,0
1424,L,298.7,309.7,1462,46.8,4,0
1425,L,298.6,309.7,1356,54.0,6,0
1426,M,298.7,309.7,1622,34.6,8,0
1427,L,298.7,309.8,1394,40.3,11,0
1428,L,298.8,309.9,1568,33.7,13,0
1429,M,298.9,310.0,1456,43.8,15,0
1430,L,298.9,310.0,1378,49.3,18,0
1431,M,298.9,309.9,1404,41.4,20,0
1432,L,298.8,309.8,1437,42.8,23,0
1433,L,298.8,309.8,1363,44.0,25,0
1434,M,298.8,309.8,1377,49.6,27,0
1435,H,298.8,309.9,1526,42.1,30,0
1436,H,298.8,309.8,1510,44.2,35,0
1437,H,298.8,309.9,1439,45.2,40,1
1438,L,298.8,309.9,1482,39.1,45,0
1439,M,298.8,309.8,1534,37.0,47,0
1440,M,298.8,309.9,1741,27.7,50,0
1441,L,298.8,309.9,1550,38.8,53,0
1442,M,298.8,310.0,1486,38.5,55,0
1443,L,298.9,310.1,1602,38.2,58,0
1444,L,299.0,310.2,1477,37.9,60,0
1445,L,299.0,310.1,1618,29.2,62,0
1446,M,299.0,310.2,1628,35.8,64,0
1447,M,299.0,310.3,1662,33.6,67,0
1448,M,299.0,310.3,1657,31.0,70,0
1449,H,299.0,310.4,1677,30.8,73,0
1450,M,299.0,310.3,1447,39.9,78,0
1451,L,298.9,310.4,1831,25.4,81,0
1452,L,299.0,310.3,1584,34.4,83,0
1453,L,299.1,310.4,1450,40.9,85,0
1454,L,299.1,310.4,1428,46.9,87,0
1455,L,299.0,310.4,1382,53.0,89,0
1456,L,299.0,310.3,1501,43.0,91,0
1457,L,299.0,310.3,1475,42.4,93,0
1458,L,298.9,310.3,1364,54.0,95,0
1459,L,299.0,310.3,1472,36.1,97,0
1460,L,299.0,310.3,1437,47.8,99,0
1461,L,298.9,310.2,1491,45.1,101,0
1462,L,298.9,310.2,1706,27.6,103,0
1463,L,298.8,310.1,1607,39.5,105,0
1464,L,298.8,310.0,1412,46.3,107,0
1465,L,298.7,309.8,1546,40.9,109,0
1466,L,298.7,309.8,1365,50.5,111,0
1467,L,298.6,309.8,1544,30.2,113,0
1468,M,298.6,309.8,1419,44.9,115,0
1469,L,298.6,309.8,1497,41.6,118,0
1470,L,298.5,309.7,1437,42.6,120,0
1471,L,298.5,309.6,1421,53.6,122,0
1472,M,298.5,309.6,1438,44.5,124,0
1473,M,298.5,309.5,1315,48.9,127,0
1474,M,298.5,309.5,1366,61.9,130,0
1475,M,298.4,309.5,1519,35.4,133,0
1476,L,298.4,309.5,1692,28.3,136,0
1477,L,298.3,309.4,1570,35.6,138,0
1478,L,298.3,309.4,1568,35.8,140,0
1479,L,298.2,309.3,1355,43.8,142,0
1480,M,298.2,309.3,2056,18.7,144,0
1481,M,298.2,309.2,1332,60.2,147,0
1482,M,298.1,309.1,1448,52.5,150,0
1483,L,298.0,308.9,1578,35.6,153,0
1484,M,298.0,309.0,1562,39.2,155,0
1485,M,298.1,309.0,1976,19.3,158,0
1486,M,298.2,309.2,1524,34.6,161,0
1487,L,298.2,309.1,1429,48.5,164,0
1488,L,298.2,309.1,1568,36.3,166,0
1489,M,298.2,309.0,1723,26.6,168,0
1490,L,298.2,309.0,1341,43.8,171,0
1491,M,298.1,308.9,1353,46.2,173,0
1492,M,298.0,308.7,1479,58.5,176,1
1493,L,298.0,308.8,1496,44.9,179,0
1494,M,298.0,308.7,1377,48.5,181,0
1495,H,297.9,308.5,1383,44.6,184,0
1496,L,298.0,308.7,1268,69.4,189,1
1497,L,298.0,308.7,1629,34.3,191,0
1498,L,298.0,308.8,1790,27.2,193,0
1499,M,298.1,308.8,2206,16.3,195,0
1500,M,298.0,308.7,2101,17.4,198,0
1501,M,298.0,308.7,1436,48.2,201,0
1502,L,298.0,308.7,1462,48.2,204,0
1503,L,298.0,308.7,1771,26.2,206,0
1504,L,298.0,308.7,1506,47.0,208,0
1505,L,298.0,308.7,1626,36.7,210,0
1506,L,298.0,308.8,1610,33.7,212,0
1507,M,298.0,308.6,1376,55.7,214,0
1508,M,298.0,308.6,1507,37.3,217,0
1509,L,298.0,308.5,1429,37.7,220,1
1510,M,298.1,308.7,1547,38.9,0,0
1511,L,298.1,308.7,1642,30.3,3,0
1512,H,298.0,308.7,1503,36.3,5,0
1513,L,298.1,308.7,1568,32.9,10,0
1514,M,298.1,308.8,1628,37.6,12,0
1515,M,298.2,308.9,1614,35.5,15,0
1516,L,298.2,308.9,1278,54.0,18,0
1517,M,298.2,308.9,1408,38.8,20,0
1518,H,298.2,309.0,1371,55.7,23,0
1519,M,298.2,308.9,1512,38.5,28,0
1520,L,298.3,309.1,1472,40.1,31,0
1521,M,298.2,308.9,1585,34.3,33,0
1522,H,298.2,309.0,1562,37.7,36,0
1523,L,298.3,309.0,1519,36.9,41,0
1524,L,298.2,309.0,1601,35.8,43,0
1525,L,298.2,309.0,2449,13.8,45,0
1526,L,298.1,309.0,1787,27.6,47,0
1527,H,298.1,309.1,1425,44.5,49,0
1528,L,298.1,309.0,1559,34.0,54,0
1529,L,298.1,309.0,1557,36.0,56,0
1530,L,298.1,309.0,1497,40.5,58,0
1531,H,298.1,309.0,1438,41.4,60,0
1532,M,298.1,308.9,1417,39.2,65,0
1533,M,298.0,308.9,1339,51.4,68,0
1534,L,298.0,308.8,1757,29.1,71,0
1535,L,298.0,308.8,1581,36.1,73,0
1536,M,298.2,308.9,1326,54.4,75,0
1537,M,298.4,309.1,1467,39.6,78,0
1538,L,298.4,309.1,1798,29.6,81,0
1539,M,298.5,309.2,1449,46.4,83,0
1540,M,298.4,309.1,1525,39.3,86,0
1541,L,298.4,309.0,2304,15.1,89,0
1542,L,298.3,308.9,1379,54.7,91,0
1543,L,298.4,308.9,1628,34.9,93,0
1544,L,298.4,309.0,1474,52.7,95,0
1545,M,298.4,309.0,1544,38.8,97,0
1546,L,298.4,308.9,1391,48.4,100,0
1547,L,298.3,308.9,1348,55.5,102,0
1548,M,298.3,308.8,1349,52.1,104,0
1549,L,298.4,308.9,1706,29.5,107,0
1550,L,298.4,308.9,1638,32.4,109,0
1551,L,298.4,308.8,1458,40.1,111,0
1552,L,298.5,308.9,1781,27.8,113,0
1553,L,298.5,308.8,1332,59.1,115,0
1554,M,298.4,308.7,1584,31.7,117,0
1555,L,298.4,308.6,1491,42.0,120,0
1556,H,298.4,308.5,1398,47.1,122,0
1557,L,298.3,308.4,1585,30.6,127,0
1558,M,298.2,308.3,1476,43.5,129,0
1559,L,298.2,308.3,1458,41.8,132,0
1560,M,298.2,308.4,1510,39.9,134,0
1561,L,298.2,308.4,1388,53.8,137,0
1562,L,298.2,308.3,2216,16.8,139,0
1563,L,298.2,308.3,1402,51.0,141,0
1564,M,298.0,308.2,2090,19.0,143,0
1565,L,298.0,308.2,1459,42.1,146,0
1566,M,298.0,308.1,1403,44.8,148,0
1567,L,298.1,308.2,1521,39.3,151,0
1568,L,298.2,308.2,1407,47.1,153,0
1569,M,298.1,308.2,1654,35.3,155,0
1570,L,298.2,308.4,1452,43.5,158,0
1571,L,298.3,308.4,1528,37.3,160,0
1572,L,298.2,308.3,1230,59.6,162,0
1573,L,298.2,308.2,1466,42.4,164,0
1574,L,298.2,308.2,1478,50.1,166,0
1575,L,298.2,308.3,2057,18.0,168,0
1576,L,298.3,308.4,1490,41.7,170,0
1577,L,298.3,308.4,1484,43.4,172,0
1578,L,298.3,308.4,1593,37.0,174,0
1579,L,298.3,308.3,1444,43.8,176,0
1580,M,298.3,308.4,1444,47.5,178,0
1581,M,298.2,308.3,1560,33.0,181,0
1582,H,298.1,308.3,1530,42.0,184,0
1583,L,298.2,308.4,1310,61.0,189,1
1584,M,298.2,308.3,1639,33.3,191,0
1585,L,298.2,308.3,1400,48.7,194,0
1586,M,298.3,308.4,1486,44.2,196,0
1587,M,298.2,308.3,1448,43.3,199,0
1588,L,298.2,308.3,1688,32.0,202,0
1589,M,298.1,308.3,1453,41.5,204,0
1590,L,298.2,308.4,1497,37.7,207,0
1591,L,298.2,308.4,1355,49.4,209,0
1592,L,298.1,308.4,1592,38.2,211,0
1593,L,298.0,308.3,1544,34.7,213,0
1594,M,298.0,308.2,1373,51.2,215,0
1595,L,298.0,308.2,1365,52.9,218,1
1596,L,298.0,308.1,1877,24.3,0,0
1597,L,297.9,308.1,1531,40.8,2,0
1598,L,297.9,308.0,1501,36.7,4,0
1599,L,297.9,308.0,1490,46.2,6,0
1600,M,297.8,307.8,1543,43.7,8,0
1601,L,297.8,307.8,1597,38.2,11,0
1602,H,297.8,307.9,1600,33.5,13,0
1603,M,297.8,307.8,1622,32.1,18,0
1604,L,297.8,307.8,1452,39.8,21,0
1605,L,297.8,307.8,1396,42.5,23,0
1606,L,297.8,307.7,1505,39.7,25,0
1607,L,297.8,307.8,1412,48.3,27,0
1608,L,297.8,307.7,1393,38.0,29,0
1609,L,297.7,307.7,1581,34.9,31,0
1610,L,297.8,307.8,1573,37.9,33,0
1611,M,297.8,307.9,1726,27.3,35,0
1612,M,297.9,307.9,1540,39.8,38,0
1613,L,297.9,308.0,1296,62.9,41,0
1614,M,297.8,307.9,1802,25.8,43,0
1615,L,297.8,307.9,1447,48.6,46,0
1616,H,297.8,307.8,1662,30.7,48,0
1617,L,297.8,307.8,1563,34.3,53,0
1618,L,297.9,307.8,1286,59.5,55,0
1619,L,297.9,307.7,1590,34.6,57,0
1620,L,297.9,307.7,1492,43.7,59,0
1621,L,297.7,307.6,1844,21.9,61,0
1622,H,297.7,307.6,1538,38.3,63,0
1623,L,297.7,307.6,1921,22.9,68,0
1624,M,297.8,307.8,1310,57.9,70,0
1625,L,297.9,307.8,1365,46.9,73,0
1626,M,297.9,307.8,1303,59.3,75,0
1627,L,297.9,307.8,1499,37.5,78,0
1628,L,297.9,307.8,1451,38.2,80,0
1629,M,297.9,307.9,1336,54.4,82,0
1630,L,297.9,307.9,1412,44.5,85,0
1631,L,298.0,308.0,1433,39.2,87,0
1632,L,297.9,307.9,1426,43.6,89,0
1633,L,297.9,307.9,1476,45.2,91,0
1634,H,297.9,307.9,1406,58.5,93,0
1635,L,297.8,307.8,1383,56.5,98,0
1636,L,297.9,307.8,1505,37.3,100,0
1637,L,297.9,307.8,1665,33.9,102,0
1638,L,297.9,307.8,1397,45.0,104,0
1639,M,297.9,307.8,1450,43.5,106,0
1640,L,298.0,307.8,1567,36.4,109,0
1641,M,298.0,308.0,1555,37.0,111,0
1642,H,298.0,307.8,1588,35.4,114,0
1643,L,298.0,307.8,1453,37.7,119,0
1644,L,298.0,307.8,1622,33.3,121,0
1645,L,297.9,307.8,1538,38.5,123,0
1646,M,297.9,307.7,1527,42.8,125,0
1647,L,297.8,307.8,1761,28.9,128,0
1648,L,297.9,307.8,1373,50.2,130,0
1649,H,298.0,307.9,1482,37.8,132,0
1650,M,298.0,307.9,1417,51.0,137,0
1651,L,298.0,307.8,1414,51.7,140,0
1652,H,297.9,307.8,1635,34.0,142,0
1653,L,298.0,307.8,1386,57.3,147,0
1654,L,298.2,308.1,1379,62.3,149,0
1655,M,298.2,308.0,1577,35.9,151,0
1656,L,298.2,308.1,1532,42.5,154,0
1657,M,298.1,308.0,1374,48.8,156,0
1658,H,298.1,308.0,1570,35.3,159,0
1659,L,298.1,308.0,1697,31.0,164,0
1660,L,298.2,308.0,1499,44.1,166,0
1661,M,298.2,308.0,1411,47.2,168,0
1662,H,298.2,307.9,1462,45.5,171,0
1663,M,298.1,307.9,1759,28.6,176,0
1664,L,298.2,308.0,1535,38.0,179,0
1665,H,298.2,307.9,1491,39.7,181,0
1666,L,298.2,307.9,1551,36.0,186,0
1667,L,298.2,307.9,1769,27.2,188,0
1668,L,298.2,307.9,1551,34.1,190,0
1669,L,298.2,307.9,1544,31.4,192,0
1670,L,298.2,307.8,1528,31.1,194,0
1671,L,298.1,307.9,1614,35.8,196,0
1672,L,298.1,307.8,1432,49.8,198,0
1673,M,298.1,307.8,1384,43.7,200,0
1674,L,298.1,307.8,1540,37.8,203,0
1675,L,298.0,307.7,1407,43.9,205,0
1676,H,297.9,307.6,1418,43.0,207,0
1677,M,297.9,307.5,1647,30.8,212,0
1678,L,298.0,307.5,1644,32.8,215,0
1679,L,298.0,307.5,1792,27.9,217,0
1680,M,297.9,307.4,1610,34.6,219,0
1681,M,297.8,307.3,1804,26.0,222,0
1682,H,297.9,307.4,1604,36.1,225,1
1683,M,297.9,307.4,1403,52.8,0,0
1684,L,297.8,307.3,1438,44.5,3,0
1685,L,297.9,307.3,1824,26.3,5,0
1686,H,297.9,307.3,1663,28.7,7,0
1687,L,297.9,307.3,1502,36.7,12,0
1688,L,297.9,307.4,1606,35.5,14,0
1689,L,297.9,307.5,1561,37.7,16,0
1690,M,297.9,307.4,1435,42.9,18,0
1691,L,297.9,307.5,1602,38.3,21,0
1692,M,298.1,307.6,1764,27.7,23,0
1693,H,298.0,307.5,1683,27.8,26,0
1694,L,298.0,307.5,1618,35.2,31,0
1695,L,298.0,307.6,1509,41.6,33,0
1696,L,297.9,307.6,1550,39.0,35,0
1697,M,297.9,307.6,1519,44.0,37,0
1698,L,297.9,307.6,1481,38.0,40,0
1699,L,298.1,307.7,1289,48.3,42,0
1700,M,298.0,307.6,1844,23.8,44,0
1701,L,298.0,307.7,1479,42.5,47,0
1702,L,298.0,307.7,1430,47.3,49,0
1703,M,298.1,307.8,1636,36.7,51,0
1704,M,298.1,307.8,1503,44.7,54,0
1705,M,298.1,307.8,1608,32.6,57,0
1706,L,298.2,307.8,1521,42.9,60,0
1707,L,298.2,307.8,1439,41.6,62,0
1708,L,298.2,307.8,1627,31.5,64,0
1709,L,298.2,307.8,1749,26.1,66,0
1710,L,298.2,307.8,1530,35.9,68,0
1711,L,298.2,307.8,1355,51.3,70,0
1712,L,298.3,307.9,1551,33.8,72,0
1713,L,298.2,307.8,1515,46.7,74,0
1714,L,298.2,307.8,1388,48.6,76,0
1715,L,298.2,307.8,1585,34.6,78,0
1716,L,298.1,307.7,1523,37.7,80,0
1717,L,298.2,307.6,1369,54.5,82,0
1718,M,298.2,307.7,1681,31.0,84,0
1719,L,298.2,307.7,1503,38.3,87,0
1720,L,298.2,307.7,1459,44.5,89,0
1721,L,298.2,307.7,1688,32.4,91,0
1722,M,298.2,307.7,1952,21.6,93,0
1723,L,298.2,307.8,2029,19.9,96,0
1724,M,298.3,307.8,1457,52.5,98,0
1725,M,298.3,307.8,1392,50.4,101,0
1726,L,298.3,307.8,1906,22.1,104,0
1727,M,298.3,307.7,1602,33.4,106,0
1728,L,298.3,307.7,1465,49.4,109,0
1729,M,298.3,307.7,1439,43.8,111,0
1730,M,298.3,307.8,1330,55.4,114,0
1731,M,298.3,307.9,1485,42.0,117,0
1732,H,298.4,307.9,1700,28.2,120,0
1733,L,298.4,308.0,1515,42.8,125,0
1734,M,298.5,308.1,1501,39.2,127,0
1735,L,298.4,308.0,1380,47.6,130,0
1736,L,298.4,307.9,1544,35.9,132,0
1737,L,298.4,307.9,1743,27.3,134,0
1738,H,298.4,307.9,1948,21.4,136,0
1739,H,298.5,307.9,1260,54.2,141,0
1740,M,298.5,307.9,1640,33.1,146,0
1741,M,298.5,308.0,1363,49.2,149,0
1742,L,298.5,308.0,1379,49.6,152,0
1743,M,298.5,308.0,1713,25.8,154,0
1744,M,298.5,308.0,1461,51.9,157,0
1745,L,298.5,308.0,1624,29.8,160,0
1746,L,298.4,308.0,1526,41.1,162,0
1747,L,298.4,307.9,2381,14.2,164,0
1748,H,298.4,307.7,1626,31.1,166,0
1749,L,298.3,307.7,1576,33.8,171,0
1750,M,298.4,307.8,1617,31.6,173,0
1751,L,298.3,307.6,1942,20.6,176,0
1752,L,298.2,307.6,1492,37.2,178,0
1753,L,298.2,307.5,1470,51.3,180,0
1754,M,298.0,307.4,1463,46.5,182,0
1755,L,298.0,307.3,1424,46.5,185,0
1756,M,298.1,307.4,1363,60.1,187,0
1757,M,298.1,307.4,1335,56.2,190,0
1758,L,298.1,307.4,1608,33.9,193,0
1759,H,298.0,307.4,1606,35.2,195,0
1760,L,298.1,307.5,1684,33.1,200,0
1761,L,298.1,307.6,1950,20.3,202,0
1762,H,298.2,307.6,1460,48.6,204,0
1763,L,298.2,307.6,1511,31.0,209,1
1764,H,298.2,307.6,1318,55.7,0,0
1765,L,298.2,307.6,1368,51.8,5,0
1766,M,298.3,307.7,1717,27.1,7,0
1767,M,298.3,307.7,1520,41.4,10,0
1768,M,298.3,307.8,1485,42.0,13,0
1769,L,298.4,307.9,1981,23.2,16,0
1770,H,298.4,307.9,1605,31.0,18,0
1771,L,298.4,307.9,1446,45.3,23,0
1772,L,298.4,308.0,1508,47.9,25,0
1773,L,298.5,308.0,1384,59.5,27,0
1774,M,298.5,308.0,1519,37.3,29,0
1775,L,298.5,308.0,1404,48.1,32,0
1776,L,298.5,308.1,1564,31.1,34,0
1777,H,298.6,308.2,1555,36.8,36,0
1778,L,298.6,308.2,1325,54.0,41,0
1779,M,298.6,308.2,1488,44.0,43,0
1780,L,298.5,308.2,1595,32.3,46,0
1781,L,298.5,308.1,1662,28.6,48,0
1782,L,298.4,308.0,1571,37.4,50,0
1783,H,298.3,308.0,1553,41.0,52,0
1784,L,298.3,308.0,2886,3.8,57,1
1785,L,298.2,308.0,1538,38.2,59,0
1786,L,298.4,308.2,1618,33.0,61,0
1787,L,298.4,308.2,1364,45.9,63,0
1788,L,298.3,308.0,1442,47.3,65,0
1789,L,298.2,307.9,1313,67.3,67,1
1790,L,298.2,307.9,1847,23.6,69,0
1791,L,298.1,307.8,1524,40.8,71,0
1792,M,298.1,307.7,1445,48.0,73,0
1793,L,298.1,307.8,1761,28.2,76,0
1794,M,298.1,307.8,1514,43.5,78,0
1795,M,298.1,307.7,1498,38.3,81,0
1796,H,298.1,307.6,1542,37.1,84,0
1797,M,298.0,307.6,1508,41.8,89,0
1798,M,298.0,307.5,1431,52.9,92,0
1799,M,298.0,307.5,1427,45.1,95,0
1800,M,298.0,307.5,1524,36.3,98,0
1801,M,298.0,307.5,1427,43.6,101,0
1802,H,298.1,307.6,1496,44.1,104,0
1803,L,298.1,307.7,1388,40.3,109,0
1804,L,298.1,307.7,1495,48.1,111,0
1805,H,298.1,307.7,1376,56.2,113,0
1806,H,298.0,307.6,1593,32.2,118,0
1807,L,298.0,307.6,1654,28.9,123,0
1808,L,298.1,307.7,2567,12.8,125,1
1809,L,298.1,307.7,1767,27.0,127,0
1810,L,298.1,307.6,1364,53.8,129,0
1811,M,298.1,307.8,1569,31.2,131,0
1812,L,298.2,307.8,1476,36.8,134,0
1813,L,298.1,307.7,1479,45.0,136,0
1814,L,298.1,307.7,1650,34.1,138,0
1815,M,298.1,307.6,1565,36.3,140,0
1816,L,298.1,307.6,1460,46.5,143,0
1817,L,298.1,307.7,1664,27.6,145,0
1818,M,298.1,307.7,1435,40.9,147,0
1819,M,298.1,307.6,2066,19.2,150,0
1820,L,298.1,307.5,1493,43.7,153,0
1821,L,298.1,307.6,1354,43.3,155,0
1822,L,298.1,307.6,1488,39.4,157,0
1823,L,298.1,307.7,1414,48.7,159,0
1824,L,298.1,307.5,1391,57.4,161,0
1825,M,298.0,307.5,1784,27.8,163,0
1826,H,297.8,307.3,1516,40.1,166,0
1827,M,297.9,307.3,1420,47.8,171,0
1828,L,297.8,307.2,1351,56.3,174,0
1829,L,297.8,307.2,1880,23.0,176,0
1830,L,297.8,307.3,1859,24.0,178,0
1831,M,297.8,307.3,1315,54.0,180,0
1832,M,297.8,307.4,1330,51.7,183,0
1833,L,297.8,307.3,1327,61.0,186,1
1834,L,297.8,307.2,1498,38.1,188,0
1835,H,297.8,307.3,1555,35.8,190,0
1836,L,297.7,307.2,1518,35.8,195,0
1837,L,297.7,307.2,1392,43.0,197,0
1838,M,297.8,307.2,1456,39.6,199,0
1839,L,297.7,307.1,1715,30.2,0,0
1840,M,297.7,307.2,1405,43.7,2,0
1841,L,297.7,307.2,1668,37.8,5,0
1842,H,297.7,307.1,1855,22.5,7,0
1843,L,297.6,307.1,1496,39.2,12,0
1844,M,297.6,307.1,1471,44.9,14,0
1845,L,297.7,307.2,1444,40.0,17,0
1846,H,297.7,307.3,1514,38.6,19,0
1847,L,297.8,307.3,1412,50.7,24,0
1848,H,297.7,307.2,1429,44.1,26,0
1849,L,297.7,307.2,1668,32.7,31,0
1850,M,297.7,307.2,1372,52.8,33,0
1851,M,297.7,307.3,1365,49.2,36,0
1852,M,297.6,307.1,1526,39.1,39,0
1853,L,297.6,307.2,1486,40.6,42,0
1854,M,297.6,307.2,1470,42.6,44,0
1855,H,297.7,307.3,1249,62.8,47,0
1856,M,297.8,307.4,1752,26.1,52,0
1857,L,297.7,307.4,1643,36.5,55,0
1858,M,297.8,307.4,1488,36.1,57,0
1859,L,297.8,307.4,1355,45.8,60,0
1860,L,297.8,307.6,1607,30.3,62,0
1861,M,297.9,307.6,1609,30.3,64,0
1862,L,297.9,307.7,1517,44.4,67,0
1863,M,297.9,307.7,1517,39.5,69,0
1864,L,297.9,307.7,1546,37.6,72,0
1865,L,297.9,307.7,1567,34.7,74,0
1866,M,298.1,307.9,1662,28.9,76,0
1867,L,298.1,307.9,1502,41.8,79,0
1868,L,298.3,308.0,1361,56.9,81,0
1869,M,298.3,308.1,1630,32.7,83,0
1870,L,298.3,308.0,1486,42.3,86,0
1871,L,298.3,308.1,1840,21.5,88,0
1872,L,298.3,308.1,1326,58.4,90,0
1873,L,298.4,308.1,1367,57.8,92,0
1874,L,298.4,308.1,1598,32.7,94,0
1875,L,298.3,308.0,1363,50.1,96,0
1876,L,298.3,308.0,1242,62.0,98,0
1877,M,298.2,307.8,1566,33.8,100,0
1878,M,298.1,307.7,1424,47.7,103,0
1879,M,298.2,307.7,1608,33.8,106,0
1880,L,298.1,307.7,1705,29.1,109,0
1881,L,298.0,307.6,1548,45.8,111,0
1882,M,298.0,307.6,1581,43.4,113,0
1883,M,298.0,307.6,1472,46.7,116,0
1884,M,298.0,307.6,1792,26.0,119,0
1885,L,298.0,307.6,1683,32.8,122,0
1886,L,297.9,307.6,1503,40.7,124,0
1887,M,297.9,307.5,1642,32.4,126,0
1888,M,297.8,307.4,1902,24.3,129,0
1889,H,297.7,307.4,1432,40.2,132,0
1890,L,297.8,307.4,1512,40.8,137,0
1891,L,297.7,307.4,1764,29.0,139,0
1892,M,297.8,307.4,1438,43.6,141,0
1893,L,297.8,307.5,1631,29.9,144,0
1894,H,297.9,307.5,1880,23.3,146,0
1895,L,297.9,307.6,1344,54.3,151,0
1896,L,297.9,307.5,1574,35.8,153,0
1897,L,297.8,307.4,1418,41.2,155,0
1898,L,297.8,307.5,1372,54.1,157,0
1899,L,297.8,307.5,1388,40.0,159,0
1900,H,297.9,307.6,1493,36.0,161,0
1901,M,297.9,307.6,1505,40.1,166,0
1902,L,298.0,307.6,1694,29.1,169,0
1903,L,297.9,307.6,1968,20.4,171,0
1904,M,298.0,307.6,1569,35.6,173,0
1905,L,297.9,307.6,1687,29.1,176,0
1906,L,297.9,307.6,1430,52.4,178,0
1907,L,297.9,307.6,1504,42.4,180,0
1908,L,297.9,307.6,1977,20.2,182,0
1909,L,298.0,307.7,1435,45.6,184,0
1910,H,298.0,307.7,1547,36.8,186,0
1911,M,298.1,307.8,1316,57.2,191,0
1912,M,298.0,307.7,1621,34.9,194,0
1913,M,298.0,307.8,1492,40.2,197,0
1914,L,298.0,307.7,1643,32.3,200,0
1915,L,298.0,307.7,1492,38.7,202,0
1916,L,298.0,307.7,1387,50.8,204,0
1917,M,298.1,307.9,1463,47.3,206,0
1918,M,298.1,307.9,1496,40.0,0,0
1919,L,298.2,308.0,1658,30.0,3,0
1920,L,298.1,307.9,2161,17.5,5,0
1921,L,298.1,307.9,1665,32.0,7,0
1922,L,298.0,307.8,1716,26.6,9,0
1923,L,298.0,307.7,1529,34.1,11,0
1924,L,297.9,307.7,1353,50.7,13,0
1925,L,297.9,307.7,1537,37.7,15,0
1926,L,298.0,307.7,1606,30.8,17,0
1927,H,298.0,307.8,1314,47.8,19,0
1928,L,298.0,307.8,1623,29.9,24,0
1929,M,298.0,307.8,1483,50.9,26,0
1930,M,298.1,307.9,1569,37.0,29,0
1931,M,298.2,308.0,1969,21.7,32,0
1932,M,298.1,308.0,1686,29.3,35,0
1933,L,298.1,308.0,1638,35.1,38,0
1934,L,298.1,307.9,1698,33.3,40,0
1935,M,298.1,307.9,1377,55.1,42,0
1936,M,298.1,308.0,2129,18.4,45,0
1937,L,298.2,308.0,1411,42.4,48,0
1938,L,298.1,307.9,1517,40.8,50,0
1939,M,298.1,307.9,1303,53.9,52,0
1940,L,298.1,307.9,1578,35.6,55,0
1941,L,298.1,307.9,1425,58.2,57,0
1942,L,298.1,308.0,1456,42.4,59,0
1943,L,298.1,308.0,1704,30.9,61,0
1944,L,298.1,308.1,1791,27.3,63,0
1945,L,298.1,308.1,1616,32.8,65,0
1946,L,298.2,308.1,1622,34.9,67,0
1947,L,298.2,308.1,1462,49.9,69,0
1948,L,298.1,308.1,1410,45.8,71,0
1949,M,298.1,308.0,1543,41.9,73,0
1950,M,298.0,307.9,1479,47.6,76,0
1951,L,298.0,307.8,1839,22.7,79,0
1952,L,298.0,307.8,1266,60.5,81,0
1953,L,297.9,307.7,1593,34.9,83,0
1954,L,297.9,307.8,1459,46.9,85,0
1955,L,297.9,307.7,1308,55.2,87,0
1956,M,297.9,307.7,1364,46.8,89,0
1957,H,297.9,307.7,1618,35.9,92,0
1958,H,297.9,307.7,1464,43.2,97,0
1959,M,297.8,307.6,1352,49.4,102,0
1960,L,297.8,307.6,1446,51.4,105,0
1961,L,297.8,307.5,1448,51.2,107,0
1962,L,297.8,307.5,1391,48.6,109,0
1963,L,297.7,307.5,1379,43.3,111,0
1964,M,297.8,307.5,1405,46.9,113,0
1965,L,297.8,307.5,1581,33.1,116,0
1966,L,297.9,307.6,1515,40.5,118,0
1967,L,297.9,307.6,1589,37.8,120,0
1968,L,298.0,307.6,1281,50.8,122,0
1969,H,297.8,307.5,1631,31.3,124,0
1970,M,297.9,307.6,1202,67.0,129,0
1971,L,297.9,307.6,1298,52.7,132,0
1972,L,297.9,307.6,1612,30.7,134,0
1973,L,297.9,307.6,1747,25.3,136,0
1974,L,298.0,307.6,1450,48.7,138,0
1975,L,298.0,307.7,1422,45.6,140,0
1976,M,298.1,307.7,1419,47.4,142,0
1977,M,298.1,307.7,1633,30.7,145,0
1978,L,298.0,307.7,1442,43.6,148,0
1979,H,298.0,307.6,1420,45.8,150,0
1980,M,298.0,307.6,1301,58.5,155,0
1981,L,298.0,307.6,1385,45.0,158,0
1982,M,298.0,307.7,1487,41.3,160,0
1983,M,298.0,307.6,1459,44.4,163,0
1984,M,298.0,307.5,1387,45.5,166,0
1985,L,298.1,307.7,1537,40.8,169,0
1986,L,298.1,307.6,1498,42.9,171,0
1987,M,298.2,307.8,1599,31.2,173,0
1988,H,298.3,307.9,1420,39.2,176,0
1989,L,298.2,307.9,1785,23.4,181,0
1990,L,298.2,307.8,1423,48.1,183,0
1991,M,298.2,307.8,1583,36.6,185,0
1992,L,298.2,307.8,1375,46.6,188,0
1993,M,298.3,308.0,1463,42.5,190,0
1994,M,298.2,307.9,1403,45.1,193,0
1995,L,298.3,308.0,1451,47.1,196,0
1996,M,298.4,308.0,1416,38.2,198,1
1997,L,298.3,308.1,1672,41.3,0,0
1998,H,298.3,308.0,1637,30.8,2,0
1999,L,298.4,308.0,1540,37.8,7,0
2000,L,298.4,308.1,1279,53.1,9,0
2001,L,298.4,308.2,1604,34.9,11,0
2002,L,298.5,308.2,1654,27.1,13,0
2003,M,298.5,308.2,1564,37.5,15,0
2004,L,298.5,308.2,1451,47.5,18,0
2005,L,298.5,308.3,1504,38.0,20,0
2006,M,298.5,308.3,1381,50.5,22,0
2007,L,298.6,308.4,1562,34.4,25,0
2008,L,298.5,308.3,1811,24.7,27,0
2009,M,298.6,308.3,1717,28.7,29,0
2010,L,298.6,308.3,1278,60.5,32,0
2011,L,298.7,308.5,1616,30.2,34,0
2012,L,298.6,308.4,1397,46.4,36,0
2013,L,298.6,308.4,1485,42.9,38,0
2014,L,298.6,308.4,1310,59.7,40,0
2015,L,298.5,308.2,1301,66.3,42,1
2016,L,298.5,308.3,1458,44.0,44,0
2017,L,298.7,308.5,1483,42.5,46,0
2018,L,298.7,308.5,1375,46.4,48,0
2019,M,298.7,308.5,1660,27.0,50,0
2020,H,298.7,308.4,1560,33.3,53,0
2021,L,298.7,308.5,1480,42.2,58,0
2022,L,298.7,308.4,1373,46.9,60,0
2023,L,298.7,308.5,1444,54.2,62,0
2024,M,298.7,308.6,1722,24.7,64,0
2025,L,298.7,308.5,1469,39.9,67,0
2026,M,298.7,308.5,1360,52.9,69,0
2027,L,298.7,308.4,1750,25.8,72,0
2028,M,298.7,308.3,1349,46.6,74,0
2029,L,298.7,308.5,1668,35.2,77,0
2030,L,298.9,308.6,1400,49.5,79,0
2031,L,298.8,308.6,1331,62.8,81,0
2032,L,298.8,308.5,1444,42.2,83,0
2033,H,298.8,308.5,1359,47.6,85,0
2034,M,298.8,308.5,1425,47.4,90,0
2035,M,298.9,308.6,1469,34.2,93,0
2036,L,299.0,308.7,1892,22.8,96,0
2037,H,299.0,308.7,1940,19.9,98,0
2038,L,299.0,308.8,1405,55.2,103,0
2039,M,299.0,308.9,1449,39.6,105,0
2040,L,299.1,308.9,1686,29.6,108,0
2041,L,299.1,308.9,1680,27.2,110,0
2042,M,299.1,308.9,1397,52.4,112,0
2043,M,299.2,309.0,1597,30.3,115,0
2044,L,299.3,309.1,1470,41.1,118,0
2045,M,299.3,309.1,1703,31.3,120,0
2046,L,299.3,309.1,1388,45.5,123,0
2047,L,299.3,309.2,1775,24.2,125,0
2048,L,299.3,309.2,1465,41.5,127,0
2049,M,299.3,309.2,1586,37.9,129,0
2050,M,299.5,309.3,1675,29.2,132,0
2051,M,299.4,309.2,1470,44.4,135,0
2052,L,299.5,309.3,1477,40.4,138,0
2053,L,299.5,309.3,1382,61.0,140,0
2054,M,299.6,309.4,1605,29.8,142,0
2055,L,299.6,309.4,1643,32.9,145,0
2056,L,299.5,309.3,1333,54.1,147,0
2057,L,299.5,309.3,1520,42.3,149,0
2058,M,299.5,309.3,1902,24.0,151,0
2059,H,299.5,309.4,1386,44.4,154,0
2060,L,299.6,309.5,1803,27.7,159,0
2061,L,299.7,309.6,1359,50.7,161,0
2062,M,299.7,309.6,1477,42.7,163,0
2063,L,299.7,309.6,1321,53.4,166,0
2064,L,299.6,309.5,1453,41.4,168,0
2065,L,299.7,309.6,1419,45.1,170,0
2066,L,299.7,309.6,1512,36.2,172,0
2067,L,299.7,309.6,1553,36.8,174,0
2068,M,299.7,309.6,1534,39.1,176,0
2069,H,299.7,309.6,1553,41.0,179,0
2070,L,299.7,309.5,1352,49.7,184,0
2071,M,299.7,309.6,1313,60.0,186,0
2072,L,299.6,309.5,1570,35.5,189,0
2073,L,299.6,309.4,1677,31.1,191,0
2074,L,299.5,309.4,1602,31.5,193,0
2075,L,299.5,309.4,1390,58.8,195,1
2076,L,299.4,309.3,1544,36.0,197,0
2077,L,299.4,309.4,1701,31.2,199,0
2078,M,299.4,309.3,1692,28.4,201,0
2079,M,299.3,309.3,1523,37.9,204,0
2080,L,299.3,309.2,2280,15.4,207,0
2081,M,299.4,309.3,1485,47.1,209,0
2082,H,299.4,309.2,1513,36.1,212,0
2083,H,299.4,309.3,1743,28.2,0,0
2084,L,299.5,309.3,1442,46.2,5,0
2085,L,299.5,309.3,1462,46.7,7,0
2086,H,299.4,309.3,1439,49.7,9,0
2087,L,299.5,309.3,1577,36.6,14,0
2088,L,299.6,309.4,1331,46.4,16,0
2089,L,299.5,309.3,1941,22.5,18,0
2090,L,299.5,309.2,1393,47.3,20,0
2091,L,299.4,309.2,1433,42.1,22,0
2092,L,299.4,309.2,1444,48.2,24,0
2093,L,299.4,309.2,1564,39.0,26,0
2094,L,299.4,309.3,1377,43.6,28,0
2095,L,299.4,309.3,1525,41.5,30,0
2096,M,299.5,309.4,1387,56.2,32,0
2097,M,299.4,309.4,1326,47.5,35,0
2098,L,299.4,309.3,1401,59.0,38,0
2099,L,299.4,309.3,1596,31.8,40,0
2100,M,299.3,309.3,1471,46.0,42,0
2101,L,299.3,309.3,1528,37.8,45,0
2102,L,299.3,309.3,1325,62.0,47,0
2103,M,299.3,309.1,1376,46.7,49,0
2104,M,299.3,309.1,1600,35.3,52,0
2105,L,299.3,309.1,1495,44.0,55,0
2106,L,299.4,309.1,1645,28.6,57,0
2107,M,299.4,309.1,1417,47.3,59,0
2108,H,299.4,309.0,1415,51.7,62,0
2109,M,299.3,309.0,1496,43.4,67,0
2110,H,299.3,309.0,1508,35.0,70,0
2111,L,299.4,309.0,1436,47.9,75,0
2112,L,299.5,309.1,1852,22.6,77,0
2113,L,299.5,309.1,1863,22.5,79,0
2114,H,299.4,309.1,1373,44.1,81,0
2115,L,299.4,309.0,1404,47.3,86,0
2116,M,299.4,309.0,1381,44.9,88,0
2117,H,299.4,308.9,1762,29.3,91,0
2118,H,299.3,308.9,1429,43.0,96,0
2119,M,299.3,308.9,1858,24.7,101,0
2120,H,299.2,308.8,1908,21.3,104,0
2121,M,299.2,308.8,1503,37.4,109,0
2122,M,299.2,308.8,1523,38.9,112,0
2123,L,299.3,309.0,1491,38.4,115,0
2124,L,299.2,308.9,1430,39.1,117,0
2125,L,299.3,308.9,1258,69.4,119,1
2126,L,299.3,309.0,1449,46.5,121,0
2127,H,299.3,309.0,1425,40.6,123,0
2128,L,299.4,309.0,1800,24.3,128,0
2129,H,299.4,309.0,1607,33.7,130,0
2130,L,299.4,309.0,1391,58.2,135,0
2131,L,299.4,309.1,1432,45.4,137,0
2132,L,299.4,309.0,1660,28.4,139,0
2133,H,299.3,309.0,1732,29.7,141,0
2134,L,299.3,309.0,1473,46.3,146,0
2135,L,299.3,309.0,1511,47.8,148,0
2136,L,299.2,308.9,1588,41.5,150,0
2137,L,299.3,308.9,1623,31.1,152,0
2138,L,299.3,309.0,1734,30.6,154,0
2139,L,299.3,309.0,1415,47.6,156,0
2140,L,299.3,309.0,1419,46.6,158,0
2141,M,299.3,308.9,1577,34.9,160,0
2142,L,299.3,308.9,1376,60.3,163,0
2143,M,299.3,308.8,1442,49.0,165,0
2144,L,299.4,308.9,1451,40.5,168,0
2145,L,299.3,308.8,1550,45.8,170,0
2146,L,299.3,308.8,1647,32.9,172,0
2147,L,299.4,308.9,1550,33.7,174,0
2148,L,299.4,308.9,1583,34.1,176,0
2149,L,299.4,309.0,1613,32.2,178,0
2150,H,299.3,308.8,1636,35.5,180,0
2151,M,299.3,308.7,1289,51.5,185,0
2152,M,299.3,308.8,1648,28.4,188,0
2153,H,299.3,308.8,1397,45.4,191,0
2154,M,299.3,308.9,1767,24.8,196,0
2155,L,299.3,308.8,1341,47.7,199,0
2156,M,299.4,308.9,1457,41.5,201,0
2157,M,299.4,309.0,1939,19.8,204,0
2158,M,299.5,309.0,1399,49.7,207,0
2159,M,299.5,309.0,1602,31.3,210,0
2160,L,299.4,309.0,1507,41.0,213,0
2161,L,299.4,309.1,1464,40.5,215,0
2162,L,299.5,309.1,1336,42.1,217,0
2163,L,299.6,309.2,1422,39.8,219,0
2164,L,299.6,309.2,1540,36.7,221,0
2165,L,299.5,309.1,1476,47.8,223,0
2166,M,299.6,309.2,1867,23.4,225,1
2167,H,299.6,309.1,1588,41.3,0,0
2168,M,299.5,309.1,1420,49.5,5,0
2169,L,299.5,309.1,1415,49.2,8,0
2170,M,299.4,309.1,1500,43.3,10,0
2171,L,299.5,309.1,1502,44.6,13,0
2172,L,299.5,309.2,1816,23.0,15,0
2173,M,299.5,309.2,1495,41.6,17,0
2174,L,299.6,309.2,1572,33.4,20,0
2175,M,299.5,309.2,1590,35.9,22,0
2176,M,299.6,309.3,1387,48.3,25,0
2177,M,299.6,309.2,1393,47.7,28,0
2178,L,299.6,309.2,1602,37.3,31,0
2179,L,299.6,309.2,1601,33.3,33,0
2180,H,299.6,309.2,1597,36.3,35,0
2181,H,299.5,309.1,1548,44.3,40,0
2182,M,299.5,309.2,1314,61.8,45,0
2183,M,299.6,309.3,1577,39.8,48,0
2184,L,299.8,309.4,1475,43.4,51,0
2185,L,299.8,309.4,1630,32.4,53,0
2186,L,299.7,309.4,1445,42.9,55,0
2187,M,299.8,309.4,1439,47.4,57,0
2188,L,299.7,309.3,1420,44.1,60,0
2189,H,299.7,309.2,1554,41.6,62,0
2190,M,299.6,309.1,1471,44.3,67,0
2191,L,299.6,309.0,1648,33.6,70,0
2192,L,299.6,309.0,1472,48.8,72,0
2193,M,299.5,308.9,1448,42.9,74,0
2194,M,299.6,308.9,1568,35.3,77,0
2195,L,299.6,308.9,1613,30.8,80,0
2196,M,299.7,308.9,1551,35.4,82,0
2197,L,299.7,309.0,1412,49.2,85,0
2198,M,299.7,308.9,1478,41.0,87,0
2199,M,299.8,309.1,1268,58.0,90,0
2200,L,299.8,309.1,1546,35.6,93,0
2201,L,299.8,309.0,1567,36.1,95,0
2202,M,299.9,309.2,1548,35.7,97,0
2203,L,299.8,309.0,1614,30.8,100,0
2204,M,299.7,309.1,1352,46.1,102,0
2205,L,299.9,309.2,1624,34.6,105,0
2206,L,299.9,309.2,1436,52.0,107,0
2207,L,299.8,309.2,1591,37.5,109,0
2208,H,299.8,309.2,1435,42.6,111,0
2209,L,299.8,309.3,1386,49.4,116,0
2210,L,299.7,309.2,1401,54.1,118,0
2211,M,299.6,309.0,1245,64.0,120,0
2212,L,299.7,309.1,1475,40.0,123,0
2213,L,299.7,309.1,1473,39.4,125,0
2214,H,299.7,309.2,1355,44.8,127,0
2215,H,299.7,309.2,1468,49.6,132,0
2216,L,299.7,309.2,1645,30.8,137,0
2217,L,299.7,309.1,1347,55.3,139,0
2218,L,299.7,309.1,1713,33.5,141,0
2219,M,299.6,309.1,1435,48.4,143,0
2220,M,299.6,309.0,1736,26.1,146,0
2221,L,299.6,309.0,1372,60.4,149,0
2222,L,299.7,309.0,1605,33.0,151,0
2223,L,299.6,309.0,1413,48.5,153,0
2224,M,299.7,309.0,1645,31.9,155,0
2225,M,299.7,309.0,1465,49.0,158,0
2226,M,299.6,308.9,1685,27.8,161,0
2227,L,299.5,308.8,1965,20.4,164,0
2228,H,299.4,308.6,1542,41.8,166,0
2229,L,299.4,308.7,1681,30.8,171,0
2230,L,299.5,308.7,1446,45.7,173,0
2231,L,299.4,308.6,1415,56.4,175,0
2232,L,299.5,308.6,1672,30.5,177,0
2233,L,299.5,308.7,2549,13.0,179,1
2234,L,299.4,308.6,1492,40.5,181,0
2235,M,299.4,308.6,1455,42.7,183,0
2236,M,299.3,308.5,1422,43.1,186,0
2237,L,299.3,308.6,1403,50.6,189,0
2238,L,299.3,308.6,1474,49.6,191,0
2239,L,299.2,308.6,1381,50.0,193,0
2240,L,299.2,308.5,1457,44.7,195,0
2241,L,299.2,308.4,1711,28.9,197,0
2242,L,299.2,308.4,1667,29.0,199,0
2243,L,299.2,308.4,1465,35.0,201,0
2244,M,299.3,308.4,1542,37.5,203,1
2245,M,299.3,308.4,1438,42.3,0,0
2246,L,299.3,308.4,1406,47.4,3,0
2247,M,299.2,308.4,1396,48.5,5,0
2248,M,299.3,308.5,1304,60.6,8,0
2249,L,299.2,308.5,1442,46.5,11,0
2250,M,299.2,308.4,1396,48.7,13,0
2251,H,299.1,308.3,1424,43.4,16,0
2252,H,299.1,308.3,1451,42.8,21,0
2253,L,299.2,308.4,1386,54.1,26,0
2254,L,299.1,308.3,1325,46.9,28,0
2255,L,299.1,308.3,1559,33.7,30,0
2256,L,299.1,308.3,1489,38.1,32,0
2257,L,299.1,308.3,1892,25.2,34,0
2258,L,299.1,308.2,1319,60.3,36,0
2259,L,299.1,308.3,1431,52.3,38,0
2260,H,299.1,308.3,1521,36.5,40,0
2261,M,299.1,308.2,1435,45.2,45,0
2262,L,299.1,308.3,1533,42.4,48,0
2263,M,299.2,308.4,1529,43.0,50,0
2264,M,299.2,308.4,1415,43.5,53,0
2265,M,299.2,308.4,1330,51.2,56,0
2266,L,299.2,308.5,1381,60.6,59,0
2267,L,299.2,308.5,1370,52.4,61,0
2268,L,299.2,308.5,1438,46.6,63,0
2269,L,299.3,308.6,1314,48.2,65,0
2270,L,299.3,308.6,1437,48.1,67,0
2271,L,299.2,308.5,1821,26.1,69,0
2272,M,299.3,308.6,1448,52.1,71,0
2273,L,299.3,308.5,1589,32.7,74,0
2274,L,299.3,308.6,1520,33.7,76,0
2275,L,299.3,308.6,1605,37.0,78,0
2276,L,299.3,308.7,1393,54.2,80,0
2277,H,299.3,308.7,1408,44.4,82,0
2278,M,299.3,308.7,1459,35.6,87,0
2279,L,299.4,308.7,1525,39.0,90,0
2280,L,299.4,308.8,1390,57.0,92,0
2281,L,299.3,308.7,1536,38.9,94,0
2282,L,299.4,308.7,1459,47.6,96,0
2283,L,299.2,308.5,1387,51.1,98,0
2284,L,299.2,308.5,1378,53.4,100,0
2285,L,299.4,308.7,1381,56.7,102,0
2286,M,299.4,308.7,1289,60.5,104,0
2287,L,299.4,308.6,1746,26.8,107,0
2288,M,299.4,308.6,1541,39.1,109,0
2289,L,299.4,308.7,1504,37.8,112,0
2290,M,299.5,308.7,1321,51.9,114,0
2291,M,299.5,308.8,1886,20.9,117,0
2292,L,299.6,308.9,1422,53.2,120,0
2293,L,299.5,308.9,1520,38.3,122,0
2294,L,299.4,308.8,1627,32.6,124,0
2295,L,299.4,308.7,1512,37.2,126,0
2296,L,299.4,308.7,1553,42.7,128,0
2297,L,299.3,308.7,1802,26.0,130,0
2298,L,299.3,308.6,1482,37.6,132,0
2299,L,299.4,308.7,1446,62.9,134,1
2300,L,299.3,308.6,1371,50.5,136,0
2301,M,299.2,308.6,1586,35.7,138,0
2302,L,299.2,308.5,1515,39.8,141,0
2303,L,299.2,308.5,1374,53.6,143,0
2304,L,299.1,308.5,1455,39.8,145,0
2305,H,299.2,308.5,1342,47.5,147,0
2306,L,299.1,308.6,1260,57.8,152,0
2307,H,299.0,308.5,1623,33.5,154,0
2308,L,299.1,308.5,1371,55.5,159,0
2309,L,299.1,308.6,1611,31.4,161,0
2310,M,299.0,308.4,1535,47.5,163,0
2311,M,299.1,308.6,1491,38.5,166,0
2312,M,299.1,308.6,1441,36.2,169,0
2313,M,299.1,308.8,1725,26.6,172,0
2314,L,299.2,308.9,1368,47.2,175,0
2315,L,299.2,308.9,1526,37.9,177,0
2316,L,299.2,308.8,1542,39.2,179,0
2317,L,299.2,308.8,1605,31.1,181,0
2318,L,299.2,308.8,1405,51.4,183,0
2319,M,299.2,308.8,1700,33.5,185,0
2320,H,299.2,308.8,1440,39.1,188,0
2321,M,299.2,308.8,1314,52.5,193,0
2322,L,299.2,308.7,1514,41.9,196,0
2323,M,299.2,308.7,1401,47.0,198,0
2324,L,299.3,308.8,1636,29.9,201,0
2325,L,299.3,308.8,1603,33.9,203,0
2326,M,299.4,308.7,1487,52.6,205,0
2327,M,299.3,308.7,1420,50.3,208,0
2328,L,299.3,308.7,1579,36.3,211,0
2329,L,299.3,308.7,1484,40.5,213,0
2330,M,299.3,308.7,1390,49.3,215,0
2331,L,299.3,308.6,1384,53.6,218,1
2332,L,299.2,308.5,1378,50.4,220,1
2333,L,299.2,308.5,1445,45.2,222,0
2334,L,299.2,308.4,1445,43.5,224,0
2335,L,299.2,308.4,1509,39.4,0,0
2336,L,299.2,308.4,1434,46.8,2,0
2337,L,299.2,308.4,1877,23.9,4,0
2338,L,299.3,308.3,1651,28.0,6,0
2339,L,299.2,308.2,1466,41.3,8,0
2340,L,299.1,308.1,1479,40.7,10,0
2341,L,299.1,308.2,1409,46.4,12,0
2342,M,299.2,308.2,1674,28.2,14,0
2343,L,299.1,308.3,1305,61.4,17,0
2344,M,299.2,308.3,1755,26.4,19,0
2345,L,299.2,308.4,1475,38.7,22,0
2346,L,299.2,308.4,1402,47.7,24,0
2347,L,299.2,308.3,1410,43.0,26,0
2348,L,299.2,308.4,1436,41.8,28,0
2349,M,299.3,308.5,1386,42.2,30,0
2350,L,299.3,308.6,1744,26.4,33,0
2351,L,299.2,308.4,1393,48.4,35,0
2352,M,299.3,308.5,1422,45.4,37,0
2353,L,299.2,308.4,1841,22.8,40,0
2354,L,299.3,308.6,1433,37.7,42,0
2355,M,299.3,308.5,1305,60.6,44,0
2356,H,299.3,308.6,1498,39.5,47,0
2357,L,299.3,308.5,1772,26.1,52,0
2358,M,299.2,308.4,1381,42.5,54,0
2359,L,299.3,308.5,1413,38.5,57,0
2360,H,299.2,308.4,1388,53.2,59,0
2361,M,299.2,308.6,1631,35.4,64,0
2362,H,299.3,308.6,1520,41.4,67,0
2363,L,299.3,308.5,1510,45.4,72,0
2364,L,299.2,308.5,1366,49.7,74,0
2365,L,299.4,308.5,1845,22.9,76,0
2366,L,299.3,308.5,1485,44.7,78,0
2367,M,299.3,308.5,1496,39.4,80,0
2368,M,299.3,308.4,1468,42.2,83,0
2369,M,299.2,308.4,1856,22.7,86,0
2370,L,299.2,308.4,1620,34.1,89,0
2371,L,299.3,308.5,1409,44.8,91,0
2372,M,299.3,308.5,1404,49.4,93,0
2373,L,299.2,308.4,1350,51.3,96,0
2374,M,299.2,308.4,1538,38.0,98,0
2375,M,299.2,308.4,1476,32.7,101,0
2376,M,299.2,308.3,1364,51.8,104,0
2377,M,299.2,308.3,1582,45.5,107,0
2378,L,299.1,308.2,1348,56.1,110,0
2379,H,299.1,308.2,1450,46.1,112,0
2380,L,299.0,308.1,1242,60.9,117,0
2381,L,299.1,308.2,1493,34.9,119,0
2382,L,299.1,308.3,1601,31.4,121,0
2383,L,299.1,308.2,1568,33.3,123,0
2384,M,299.1,308.3,1506,38.0,125,0
2385,L,299.1,308.3,1524,34.1,128,0
2386,L,299.1,308.4,1543,37.9,130,0
2387,M,299.2,308.5,1474,47.2,132,0
2388,M,299.2,308.5,1526,37.3,135,0
2389,L,299.2,308.5,1867,27.0,138,0
2390,L,299.2,308.5,1487,41.2,140,0
2391,L,299.2,308.4,1580,32.6,142,0
2392,L,299.2,308.5,1340,50.0,144,0
2393,L,299.2,308.5,1544,41.6,146,0
2394,L,299.2,308.5,1488,40.3,148,0
2395,M,299.2,308.5,1742,28.9,150,0
2396,M,299.1,308.5,1592,34.2,153,0
2397,L,299.2,308.6,1582,38.8,156,0
2398,L,299.2,308.5,1490,43.2,158,0
2399,M,299.2,308.5,1594,35.8,160,0
2400,H,299.2,308.6,1462,55.0,163,0
2401,M,299.2,308.6,1367,47.6,168,0
2402,L,299.2,308.7,1325,51.0,171,0
2403,H,299.2,308.7,1448,51.4,173,0
2404,M,299.1,308.7,2008,20.3,178,0
2405,L,299.1,308.7,1498,38.9,181,0
2406,L,299.1,308.6,1437,41.6,183,0
2407,M,299.1,308.6,1499,45.1,185,0
2408,L,299.0,308.4,1356,52.6,188,0
2409,L,299.1,308.5,1539,46.8,190,0
2410,L,299.1,308.5,1689,32.1,192,0
2411,L,299.0,308.5,1559,38.1,194,0
2412,L,299.1,308.6,1408,46.7,196,0
2413,L,299.0,308.5,1886,23.0,198,0
2414,L,299.1,308.5,1415,43.4,0,0
2415,M,299.1,308.5,1587,35.6,2,0
2416,L,299.0,308.4,1571,38.6,5,0
2417,L,298.9,308.3,1576,36.6,7,0
2418,L,298.9,308.3,1660,34.4,9,0
2419,M,298.9,308.2,1328,49.2,11,0
2420,H,298.8,308.2,1450,44.7,14,0
2421,L,298.9,308.2,2384,15.0,19,0
2422,L,298.8,308.2,1443,53.4,21,0
2423,M,298.9,308.2,2022,20.0,23,0
2424,L,298.9,308.2,1828,23.8,26,0
2425,L,298.8,308.1,1472,53.5,28,0
2426,M,298.9,308.2,1372,63.6,30,1
2427,L,298.9,308.3,1855,23.8,33,0
2428,M,299.0,308.3,1377,47.2,35,0
2429,L,298.9,308.3,1432,48.9,38,0
2430,M,298.9,308.2,1335,47.8,40,0
2431,M,298.9,308.2,1411,51.3,43,0
2432,L,298.9,308.2,1510,43.5,46,0
2433,L,299.0,308.3,1441,44.0,48,0
2434,M,299.0,308.2,1358,42.7,50,0
2435,L,298.9,308.2,1686,30.4,53,0
2436,H,299.0,308.2,1662,30.4,55,0
2437,L,299.1,308.3,1426,40.1,60,0
2438,M,299.1,308.4,1330,53.6,62,0
2439,L,299.1,308.4,1693,31.6,65,0
2440,L,299.1,308.4,1426,47.9,67,0
2441,L,299.1,308.5,1676,31.0,69,0
2442,M,299.1,308.4,1332,51.7,71,0
2443,L,299.1,308.5,1647,35.0,74,0
2444,L,299.2,308.6,1267,68.2,76,1
2445,H,299.2,308.7,1375,55.1,78,0
2446,L,299.3,308.6,1422,48.9,83,0
2447,L,299.3,308.7,1408,48.7,85,0
2448,L,299.4,308.9,1440,42.5,87,0
2449,L,299.3,308.8,1772,25.2,89,0
2450,L,299.2,308.7,1492,37.8,91,0
2451,L,299.2,308.7,1650,30.5,93,0
2452,M,299.1,308.6,2329,14.6,95,0
2453,L,299.0,308.6,1648,30.8,98,0
2454,L,299.0,308.6,1653,31.7,100,0
2455,L,299.0,308.6,1946,22.3,102,0
2456,L,299.1,308.6,1555,36.6,104,0
2457,L,299.0,308.6,1661,32.2,106,0
2458,L,299.0,308.6,1434,45.9,108,0
2459,L,299.0,308.6,1297,54.2,110,0
2460,L,299.0,308.6,1466,46.4,112,0
2461,M,298.9,308.6,1517,39.8,114,0
2462,L,298.9,308.5,1742,34.5,117,0
2463,L,298.9,308.5,1580,39.1,119,0
2464,M,298.9,308.5,1534,42.9,121,0
2465,L,298.9,308.6,1481,40.7,124,0
2466,L,299.0,308.6,1429,37.7,126,0
2467,M,298.9,308.6,1574,33.5,128,0
2468,M,298.9,308.6,1524,40.4,131,0
2469,L,299.0,308.7,1507,37.5,134,0
2470,L,298.9,308.5,1467,44.7,136,0
2471,L,298.9,308.4,1301,51.1,138,0
2472,L,298.9,308.5,1429,55.1,140,0
2473,M,298.9,308.5,1555,37.6,142,0
2474,L,298.9,308.5,1503,40.6,145,0
2475,L,298.9,308.5,1459,43.1,147,0
2476,H,298.9,308.4,1449,42.4,149,0
2477,L,298.9,308.5,1387,57.3,154,0
2478,M,298.9,308.5,1456,50.0,156,0
2479,L,299.0,308.5,1604,34.7,159,0
2480,L,299.0,308.6,1734,32.4,161,0
2481,L,299.0,308.6,1378,47.8,163,0
2482,L,298.9,308.7,1504,41.8,165,0
2483,M,298.9,308.7,1402,49.8,167,0
2484,H,298.8,308.6,1524,37.7,170,0
2485,L,298.8,308.6,1593,35.5,175,0
2486,M,298.9,308.7,1772,28.4,177,0
2487,H,298.9,308.6,1623,31.0,180,0
2488,L,298.9,308.7,1356,50.7,185,0
2489,H,298.9,308.7,1500,41.6,187,0
2490,H,299.1,308.8,1566,46.6,192,0
2491,L,299.1,308.9,1445,43.4,197,0
2492,H,299.0,308.8,1382,58.5,199,0
2493,M,299.0,308.8,1418,45.7,204,0
2494,L,299.1,308.8,1329,53.6,207,1
2495,M,299.1,308.8,1491,41.0,209,0
2496,M,299.2,308.9,1573,37.4,212,0
2497,M,299.2,308.9,1521,42.3,215,0
2498,L,299.1,308.9,1467,47.2,218,0
2499,M,299.1,308.9,1325,48.4,220,0
2500,L,299.1,308.9,1617,32.3,223,0
2501,M,299.1,308.9,1476,42.7,225,0
2502,L,299.2,309.0,1515,48.9,228,1
2503,L,299.2,309.0,1408,47.2,0,0
2504,L,299.2,309.1,1468,45.6,2,0
2505,L,299.2,309.1,1387,48.7,4,0
2506,M,299.2,309.1,1503,34.7,6,0
2507,H,299.2,309.1,1410,47.1,9,0
2508,L,299.0,308.9,1615,30.6,14,0
2509,L,299.0,308.9,1511,35.9,16,0
2510,L,299.1,309.0,1405,53.8,18,0
2511,M,299.0,308.9,1526,41.1,20,0
2512,L,298.9,308.8,1530,38.3,23,0
2513,L,299.0,308.7,1583,32.5,25,0
2514,L,298.9,308.6,2069,18.7,27,0
2515,L,298.8,308.5,1490,35.0,29,0
2516,L,298.8,308.5,1736,29.0,31,0
2517,L,298.8,308.5,1395,44.4,33,0
2518,M,298.9,308.6,1425,49.6,35,0
2519,L,298.8,308.6,1631,32.4,38,0
2520,L,298.8,308.6,1535,41.2,40,0
2521,L,298.8,308.6,1584,34.4,42,0
2522,M,298.8,308.7,1543,38.2,44,0
2523,L,298.8,308.7,1635,35.2,47,0
2524,M,298.8,308.7,1446,45.5,49,0
2525,M,298.8,308.6,1598,35.1,52,0
2526,L,298.8,308.6,1501,35.0,55,0
2527,L,298.8,308.5,1450,50.8,57,0
2528,L,298.8,308.6,1730,25.9,59,0
2529,M,298.8,308.6,1571,33.7,61,0
2530,L,298.9,308.7,1438,51.7,64,0
2531,M,298.8,308.5,1510,38.7,66,0
2532,L,298.9,308.7,1389,44.9,69,0
2533,L,298.8,308.7,1490,33.6,71,0
2534,L,298.9,308.7,1729,26.6,73,0
2535,L,299.0,308.8,1495,38.4,75,0
2536,L,298.9,308.8,1281,53.9,77,0
2537,H,298.9,308.7,1353,48.1,79,0
2538,L,299.1,308.8,1429,50.1,84,0
2539,L,299.1,308.8,1413,42.1,86,0
2540,L,299.1,308.8,1502,38.3,88,0
2541,H,299.1,308.8,1553,32.6,90,0
2542,H,299.2,308.9,1712,26.4,95,0
2543,L,299.3,309.0,1786,23.5,100,0
2544,L,299.2,309.0,1951,21.4,102,0
2545,M,299.2,309.0,1541,36.3,104,0
2546,L,299.2,309.1,1605,34.3,107,0
2547,L,299.2,309.1,1578,38.1,109,0
2548,M,299.3,309.2,1440,37.5,111,0
2549,L,299.4,309.2,1489,42.3,114,0
2550,L,299.4,309.3,1366,48.4,116,0
2551,L,299.3,309.2,1541,37.2,118,0
2552,H,299.3,309.1,1552,40.7,120,0
2553,L,299.3,309.1,1473,40.3,125,0
2554,L,299.3,309.1,1531,37.9,127,0
2555,L,299.3,309.2,1511,37.2,129,0
2556,M,299.3,309.1,1449,47.9,131,0
2557,M,299.4,309.1,1440,50.0,134,0
2558,M,299.2,309.0,1881,23.9,137,0
2559,L,299.3,309.0,1447,50.4,140,0
2560,M,299.4,309.1,1326,62.0,142,0
2561,L,299.4,309.2,1607,31.7,145,0
2562,L,299.3,309.1,1551,39.1,147,0
2563,L,299.3,309.1,1496,37.2,149,0
2564,L,299.3,309.1,1493,38.0,151,0
2565,L,299.4,309.1,1304,50.5,153,0
2566,M,299.3,309.0,1420,41.6,155,0
2567,L,299.4,309.1,1766,24.6,158,0
2568,L,299.6,309.2,1450,43.1,160,0
2569,H,299.5,309.2,1872,22.6,162,0
2570,L,299.6,309.2,1713,26.5,167,0
2571,M,299.5,309.2,1497,40.9,169,0
2572,M,299.4,309.1,1352,44.7,172,0
2573,L,299.5,309.2,1499,41.5,175,0
2574,L,299.5,309.3,1972,19.3,177,0
2575,L,299.5,309.3,1422,49.2,179,0
2576,L,299.5,309.3,1523,41.5,181,0
2577,L,299.5,309.4,1563,41.5,183,0
2578,L,299.4,309.3,1391,46.6,185,0
2579,L,299.3,309.1,1795,24.7,187,0
2580,L,299.3,309.1,1293,53.7,189,0
2581,L,299.2,309.1,1345,60.7,191,1
2582,L,299.2,309.0,1615,33.7,193,0
2583,L,299.2,308.9,1342,50.8,195,0
2584,L,299.1,308.8,1502,46.7,197,0
2585,M,299.0,308.7,1620,35.4,199,0
2586,L,299.0,308.7,1537,42.8,202,0
2587,L,299.0,308.7,2248,16.8,204,0
2588,L,299.0,308.7,1706,28.6,206,0
2589,L,299.0,308.7,2250,16.6,208,0
2590,L,299.0,308.7,1396,48.6,0,0
2591,L,298.9,308.6,1522,46.4,2,0
2592,L,298.9,308.6,1539,45.4,4,0
2593,H,298.9,308.5,1415,54.0,6,0
2594,L,298.8,308.5,1446,37.0,11,0
2595,M,298.8,308.6,1486,41.1,13,0
2596,L,299.0,308.7,1426,38.6,16,0
2597,L,299.0,308.7,1449,38.9,18,0
2598,L,299.1,308.8,1320,67.5,20,1
2599,M,299.2,308.9,1447,39.6,22,0
2600,L,299.3,309.0,1422,47.3,25,0
2601,L,299.3,309.1,1399,52.1,27,0
2602,L,299.4,309.2,1427,41.5,29,0
2603,M,299.3,309.2,1334,46.3,31,0
2604,M,299.3,309.1,1385,45.6,34,0
2605,L,299.4,309.2,1552,37.4,37,0
2606,H,299.4,309.3,1534,37.5,39,0
2607,L,299.4,309.3,1448,48.6,44,0
2608,L,299.5,309.3,1409,44.7,46,0
2609,L,299.4,309.2,1621,34.5,48,0
2610,H,299.4,309.1,1547,40.9,50,0
2611,L,299.4,309.1,1957,22.1,55,0
2612,L,299.4,309.1,2421,14.2,57,0
2613,M,299.3,309.1,1571,38.3,59,0
2614,L,299.3,309.1,1634,36.8,62,0
2615,L,299.3,309.0,1516,38.7,64,0
2616,L,299.4,309.1,1207,66.5,66,0
2617,L,299.4,309.1,1670,35.9,68,0
2618,M,299.4,309.1,1461,48.6,70,0
2619,L,299.4,309.2,1569,40.8,73,0
2620,L,299.4,309.2,1556,35.7,75,0
2621,M,299.5,309.3,1506,41.5,77,0
2622,M,299.6,309.4,1642,30.3,80,0
2623,M,299.6,309.4,1283,62.1,83,0
2624,H,299.7,309.5,1375,46.8,86,0
2625,L,299.7,309.4,1399,39.9,91,0
2626,L,299.7,309.4,1650,29.8,93,0
2627,M,299.8,309.6,1346,53.2,95,0
2628,H,299.9,309.6,1410,51.2,98,0
2629,L,300.0,309.7,1586,37.8,103,0
2630,L,300.0,309.8,1372,39.6,105,0
2631,H,300.0,309.7,1529,42.4,107,0
2632,M,300.0,309.7,1652,28.6,112,0
2633,L,300.1,309.8,1532,39.8,115,0
2634,L,300.0,309.7,1554,32.0,117,0
2635,H,299.9,309.6,1462,51.0,119,0
2636,L,299.9,309.6,1254,61.3,124,0
2637,L,299.9,309.6,1294,49.7,126,0
2638,L,299.8,309.5,1739,27.5,128,0
2639,M,299.8,309.4,1412,47.8,130,0
2640,M,299.9,309.5,1372,56.2,133,0
2641,H,299.8,309.5,1420,46.7,136,0
2642,L,299.8,309.5,1542,40.3,141,0
2643,M,299.8,309.4,1401,48.1,143,0
2644,L,299.8,309.4,1510,42.5,146,0
2645,H,299.9,309.5,1547,38.5,148,0
2646,M,299.8,309.5,1453,43.2,153,0
2647,L,299.8,309.4,1408,45.6,156,0
2648,L,299.8,309.4,1436,51.6,158,0
2649,M,299.9,309.5,1582,38.2,160,0
2650,L,299.9,309.6,1280,59.3,163,0
2651,L,299.9,309.5,2008,20.4,165,0
2652,L,299.9,309.5,1772,23.5,167,0
2653,L,299.9,309.5,1779,26.1,169,0
2654,L,299.9,309.5,1567,35.5,171,0
2655,M,299.8,309.4,1751,27.0,173,0
2656,L,299.9,309.5,1349,51.3,176,0
2657,M,300.0,309.5,1425,40.8,178,0
2658,L,300.0,309.4,1395,44.5,181,0
2659,H,299.8,309.3,1595,32.1,183,0
2660,L,299.8,309.3,1291,56.4,188,0
2661,M,299.9,309.4,1509,42.8,190,0
2662,M,299.9,309.4,1483,38.1,193,0
2663,L,299.9,309.3,1620,31.1,196,0
2664,M,299.9,309.4,1487,42.2,198,0
2665,L,299.8,309.4,2256,15.9,201,0
2666,H,299.7,309.2,1691,27.7,203,0
2667,M,299.8,309.3,1663,35.2,208,0
2668,M,299.8,309.3,1640,31.1,211,0
2669,H,299.7,309.3,1494,37.8,214,0
2670,L,299.8,309.4,1467,46.2,219,0
2671,M,299.7,309.3,1399,41.9,221,1
2672,L,299.7,309.3,1445,42.6,0,0
2673,L,299.8,309.4,1480,40.9,2,0
2674,L,299.7,309.3,1546,37.2,4,0
2675,L,299.7,309.3,1574,35.8,6,0
2676,L,299.7,309.3,1592,34.2,8,0
2677,L,299.8,309.5,1495,39.6,10,0
2678,L,299.8,309.6,1447,43.1,12,0
2679,L,299.8,309.5,1476,44.4,14,0
2680,L,299.8,309.5,1641,27.1,16,0
2681,L,299.8,309.5,1545,32.2,18,0
2682,M,299.9,309.6,1364,44.4,20,0
2683,L,299.8,309.5,1590,28.5,23,0
2684,L,299.8,309.4,1460,37.4,25,0
2685,L,299.8,309.4,1609,32.5,27,0
2686,L,299.8,309.4,1633,27.5,29,0
2687,L,299.9,309.4,1348,52.8,31,0
2688,L,299.9,309.4,1322,53.9,33,0
2689,L,300.0,309.5,1641,30.1,35,0
2690,L,300.0,309.5,1728,26.0,37,0
2691,L,300.0,309.6,1431,47.7,39,0
2692,L,300.1,309.7,1641,30.4,41,0
2693,M,300.1,309.6,1622,36.1,43,0
2694,M,300.1,309.6,1625,38.0,46,0
2695,L,300.0,309.5,1869,22.7,49,0
2696,L,300.0,309.6,1452,46.0,51,0
2697,L,300.0,309.6,1618,28.7,53,0
2698,L,300.0,309.4,2010,20.0,55,0
2699,L,299.9,309.4,1363,60.9,57,0
2700,L,299.9,309.3,1473,40.4,59,0
2701,L,299.9,309.2,1333,50.8,61,0
2702,L,299.8,309.2,1760,25.9,63,0
2703,M,299.8,309.2,1372,58.2,65,0
2704,M,299.7,309.2,1608,34.4,68,0
2705,L,299.7,309.2,1326,64.8,71,0
2706,M,299.6,309.1,1560,37.1,73,0
2707,M,299.6,309.0,1539,36.1,76,0
2708,L,299.6,309.1,2266,15.3,79,0
2709,L,299.6,309.1,1641,35.8,81,0
2710,L,299.6,309.1,1574,39.2,83,0
2711,L,299.6,309.1,1407,50.6,85,0
2712,H,299.7,309.2,1302,55.5,87,0
2713,M,299.6,309.2,1651,30.8,92,0
2714,M,299.6,309.1,1366,55.2,95,0
2715,M,299.5,309.0,1701,28.6,98,0
2716,L,299.5,309.0,1498,44.6,101,0
2717,M,299.5,309.1,1422,45.3,103,0
2718,L,299.5,309.1,1357,47.3,106,0
2719,L,299.5,309.2,1690,29.2,108,0
2720,L,299.6,309.2,1559,39.1,110,0
2721,M,299.6,309.3,1553,32.4,112,0
2722,L,299.6,309.3,1558,34.8,115,0
2723,L,299.7,309.4,1362,51.9,117,0
2724,M,299.8,309.3,1470,42.7,119,0
2725,L,299.8,309.4,1555,34.8,122,0
2726,M,299.8,309.4,1423,42.9,124,0
2727,L,299.7,309.3,1434,38.5,127,0
2728,L,299.7,309.3,1779,25.5,129,0
2729,L,299.7,309.3,1417,54.6,131,0
2730,L,299.6,309.2,1425,45.9,133,0
2731,M,299.7,309.2,1597,32.9,135,0
2732,L,299.7,309.2,1346,57.4,138,0
2733,L,299.7,309.2,1422,40.4,140,0
2734,H,299.7,309.2,1572,32.8,142,0
2735,L,299.7,309.2,1412,45.4,147,0
2736,M,299.7,309.1,1576,36.4,149,0
2737,M,299.7,309.1,1508,41.2,152,0
2738,M,299.8,309.1,1496,44.4,155,0
2739,L,299.8,309.2,1572,35.4,158,0
2740,L,299.6,309.0,1525,42.8,160,0
2741,L,299.6,309.0,1378,51.9,162,0
2742,L,299.6,309.1,1369,51.4,164,0
2743,L,299.6,309.1,1476,45.3,166,0
2744,L,299.7,309.2,1620,30.0,168,0
2745,M,299.7,309.1,1603,38.5,170,0
2746,L,299.7,309.2,1411,46.1,173,0
2747,L,299.7,309.2,1616,31.6,175,0
2748,L,299.7,309.2,1631,35.1,177,0
2749,M,299.7,309.2,1685,28.9,179,1
2750,H,299.7,309.2,1456,40.6,182,0
2751,L,299.7,309.1,1417,50.1,187,0
2752,M,299.7,309.1,1851,24.7,189,0
2753,L,299.7,309.1,1715,27.8,192,0
2754,H,299.6,309.1,1630,32.3,194,0
2755,L,299.7,309.2,1478,38.8,199,0
2756,L,299.7,309.2,1781,29.6,201,0
2757,L,299.8,309.2,1439,36.1,203,0
2758,M,299.7,309.2,1412,45.3,205,0
2759,L,299.7,309.1,1483,41.1,208,0
2760,L,299.8,309.2,1400,42.6,210,0
2761,L,299.8,309.3,1299,65.1,212,1
2762,L,299.8,309.2,1479,44.4,214,0
2763,L,299.8,309.2,1491,47.5,216,0
2764,M,299.9,309.3,1389,52.8,0,0
2765,M,299.9,309.4,1399,54.8,3,0
2766,M,299.9,309.4,1889,26.0,6,0
2767,L,300.0,309.5,1925,21.9,9,0
2768,L,300.0,309.5,1675,30.2,11,0
2769,M,300.0,309.6,1477,38.1,13,0
2770,L,300.0,309.6,1364,45.9,16,0
2771,L,299.9,309.5,1451,39.4,18,0
2772,L,299.9,309.4,1467,41.2,20,0
2773,L,299.9,309.4,1858,22.5,22,0
2774,L,300.1,309.4,1559,39.7,24,0
2775,L,300.1,309.4,1560,47.7,26,0
2776,L,300.1,309.4,1453,47.6,28,0
2777,L,300.1,309.4,1464,41.7,30,0
2778,L,300.0,309.4,1308,50.2,32,0
2779,L,300.1,309.5,1353,50.9,34,0
2780,M,300.2,309.6,1556,35.8,36,0
2781,L,300.2,309.5,2183,17.8,39,0
2782,M,300.2,309.6,1491,41.8,41,0
2783,M,300.2,309.6,1528,35.1,44,0
2784,L,300.2,309.6,1430,52.7,47,0
2785,L,300.2,309.5,1495,32.6,49,0
2786,M,300.2,309.5,1630,28.3,51,0
2787,M,300.3,309.6,1524,38.4,54,0
2788,L,300.3,309.6,1326,52.4,57,0
2789,H,300.3,309.5,1438,44.0,59,0
2790,L,300.4,309.6,1356,45.9,64,0
2791,H,300.4,309.6,1416,43.3,66,0
2792,L,300.4,309.7,1584,32.6,71,0
2793,L,300.3,309.6,1597,31.8,73,0
2794,L,300.4,309.6,1553,43.9,75,0
2795,M,300.3,309.5,1405,49.4,77,0
2796,L,300.2,309.5,1539,35.3,80,0
2797,M,300.3,309.6,1398,53.7,82,0
2798,L,300.3,309.6,1568,39.6,85,0
2799,L,300.3,309.6,1404,44.6,87,0
2800,M,300.2,309.5,1500,45.7,89,0
2801,M,300.2,309.5,1642,28.8,92,0
2802,M,300.3,309.6,1509,46.6,95,0
2803,L,300.2,309.5,1343,50.2,98,0
2804,L,300.1,309.5,1450,40.1,100,0
2805,L,300.0,309.4,1460,43.5,102,0
2806,L,300.0,309.3,1364,41.2,104,0
2807,M,299.9,309.3,1452,41.9,106,0
2808,L,299.9,309.3,1471,41.8,109,0
2809,L,299.9,309.2,1598,34.6,111,0
2810,L,299.8,309.1,1772,24.8,113,0
2811,L,299.9,309.2,1761,25.6,115,0
2812,M,300.0,309.3,1413,40.7,117,0
2813,L,300.0,309.3,1887,22.6,120,0
2814,L,300.0,309.3,1395,56.5,122,0
2815,M,300.1,309.4,1569,31.6,124,0
2816,L,300.1,309.4,1434,47.3,127,0
2817,L,300.2,309.5,1417,41.1,129,0
2818,L,300.2,309.5,1729,28.4,131,0
2819,L,300.2,309.5,1356,51.1,133,0
2820,L,300.2,309.5,1436,48.8,135,0
2821,M,300.3,309.6,1419,42.5,137,0
2822,L,300.3,309.6,1593,38.1,140,0
2823,M,300.3,309.5,1320,62.2,142,0
2824,M,300.3,309.5,1448,42.4,145,0
2825,L,300.3,309.4,1470,33.5,148,0
2826,M,300.3,309.4,1612,33.1,150,0
2827,L,300.4,309.4,1412,51.6,153,0
2828,M,300.4,309.4,1875,23.9,155,0
2829,L,300.3,309.3,1612,36.0,158,0
2830,M,300.4,309.3,1411,41.6,160,0
2831,M,300.3,309.2,1490,47.9,163,0
2832,M,300.4,309.3,1467,40.3,166,0
2833,L,300.3,309.2,1807,26.4,169,0
2834,L,300.3,309.1,1368,46.0,171,0
2835,L,300.3,309.2,1572,32.0,173,0
2836,M,300.3,309.1,1458,44.3,175,0
2837,L,300.3,309.1,1699,30.3,178,0
2838,L,300.3,309.3,1478,39.5,180,0
2839,M,300.4,309.4,1362,42.1,182,0
2840,H,300.4,309.4,1487,38.9,185,0
2841,L,300.3,309.4,1705,29.4,190,0
2842,L,300.3,309.3,1345,53.5,192,0
2843,L,300.3,309.2,1532,40.2,194,0
2844,L,300.3,309.2,1650,35.2,196,0
2845,L,300.3,309.2,1398,54.4,198,0
2846,L,300.3,309.2,1412,44.8,200,0
2847,L,300.4,309.3,1525,39.6,202,0
2848,M,300.3,309.3,1391,57.9,204,0
2849,L,300.4,309.3,1766,28.2,207,0
2850,L,300.4,309.3,1671,35.0,209,0
2851,L,300.5,309.3,1373,48.8,211,0
2852,M,300.5,309.4,1347,50.1,213,0
2853,M,300.5,309.3,1539,39.1,216,0
2854,L,300.5,309.3,1470,40.8,219,0
2855,L,300.5,309.3,1528,37.0,221,0
2856,H,300.5,309.3,1471,45.2,223,0
2857,M,300.4,309.2,1528,37.2,228,0
2858,L,300.5,309.3,1417,51.5,231,1
2859,L,300.6,309.4,1549,43.4,233,0
2860,H,300.6,309.4,1463,49.2,235,0
2861,L,300.7,309.5,1479,43.6,240,0
2862,L,300.6,309.5,1867,23.0,242,0
2863,L,300.6,309.4,1471,44.1,244,0
2864,H,300.6,309.4,1380,47.6,246,1
2865,H,300.7,309.7,1623,32.7,0,0
2866,L,300.8,309.7,1997,20.7,5,0
2867,H,300.7,309.6,1390,48.5,7,0
2868,L,300.8,309.7,1418,46.6,12,0
2869,L,300.8,309.7,1519,35.8,14,0
2870,M,300.8,309.7,1519,39.7,16,0
2871,M,300.7,309.6,1536,37.2,19,0
2872,L,300.8,309.6,1680,28.7,22,0
2873,H,300.6,309.4,1555,37.9,24,0
2874,L,300.6,309.5,1471,49.6,29,0
2875,M,300.5,309.4,1877,23.8,31,0
2876,M,300.5,309.3,1578,30.5,34,0
2877,M,300.5,309.4,1655,32.1,37,0
2878,H,300.5,309.4,1502,34.3,40,0
2879,M,300.6,309.4,1367,63.2,45,1
2880,L,300.7,309.5,1541,37.2,48,0
2881,M,300.6,309.6,1588,37.0,50,0
2882,L,300.6,309.6,1684,32.8,53,0
2883,L,300.6,309.5,1437,40.0,55,0
2884,L,300.6,309.6,1409,42.4,57,0
2885,M,300.5,309.5,1320,49.9,59,0
2886,H,300.5,309.5,1635,34.2,62,0
2887,M,300.5,309.5,1691,27.6,67,0
2888,M,300.6,309.6,1365,50.0,70,0
2889,M,300.7,309.7,1523,38.2,73,0
2890,L,300.6,309.7,1593,32.4,76,0
2891,L,300.6,309.6,1682,30.7,78,0
2892,L,300.7,309.6,1329,54.3,80,0
2893,M,300.7,309.6,1568,35.2,82,0
2894,L,300.7,309.6,1733,24.8,85,0
2895,M,300.7,309.6,1473,48.1,87,0
2896,M,300.7,309.5,1633,31.3,90,0
2897,M,300.6,309.5,1530,40.2,93,0
2898,M,300.6,309.5,1550,40.2,96,0
2899,L,300.6,309.4,1410,40.6,99,0
2900,L,300.5,309.3,1574,33.5,101,0
2901,L,300.6,309.4,1425,40.3,103,0
2902,M,300.6,309.4,1541,35.2,105,0
2903,M,300.7,309.5,1733,26.7,108,0
2904,L,300.6,309.4,2496,13.5,111,0
2905,L,300.6,309.4,1552,36.4,113,0
2906,L,300.6,309.3,1409,38.7,115,0
2907,M,300.6,309.4,1581,35.7,117,0
2908,L,300.7,309.5,1251,59.9,120,0
2909,L,300.7,309.6,1500,44.1,122,0
2910,L,300.6,309.5,1576,38.8,124,0
2911,M,300.7,309.5,1352,44.0,126,0
2912,L,300.7,309.6,1661,30.3,129,0
2913,L,300.7,309.6,1541,34.6,131,0
2914,H,300.6,309.6,1888,20.5,133,0
2915,L,300.5,309.5,1255,62.1,138,0
2916,L,300.6,309.6,1411,41.6,140,0
2917,L,300.6,309.5,1516,39.0,142,0
2918,M,300.6,309.5,1492,34.0,144,0
2919,L,300.6,309.6,1726,30.0,147,0
2920,L,300.7,309.7,1598,33.7,149,0
2921,L,300.8,309.8,1657,31.1,151,0
2922,L,300.8,309.7,1481,38.1,153,0
2923,M,300.7,309.7,1397,51.3,155,0
2924,L,300.8,309.7,1461,44.3,158,0
2925,M,300.7,309.6,1388,51.1,160,0
2926,L,300.7,309.7,1507,52.4,163,0
2927,M,300.7,309.6,1421,49.8,165,0
2928,M,300.8,309.7,1258,54.9,168,0
2929,M,300.8,309.7,1482,39.0,171,0
2930,H,300.7,309.6,1403,51.3,174,0
2931,L,300.8,309.7,1373,45.4,179,0
2932,L,300.9,309.7,1460,42.1,181,0
2933,M,300.8,309.7,1751,27.9,183,0
2934,M,300.8,309.6,1546,42.3,186,0
2935,M,300.8,309.7,1680,28.2,189,0
2936,M,300.9,309.7,1394,48.8,192,0
2937,L,300.7,309.6,1810,26.0,195,0
2938,L,300.7,309.5,1479,34.5,197,0
2939,L,300.9,309.7,1431,41.4,199,0
2940,L,300.9,309.7,2355,14.4,201,0
2941,M,300.7,309.6,1996,19.8,203,1
2942,L,300.7,309.5,1461,49.9,0,0
2943,H,300.7,309.5,2007,19.7,2,0
2944,L,300.7,309.6,1505,34.9,7,0
2945,H,300.7,309.6,1925,20.5,9,0
2946,M,300.7,309.5,1622,30.5,14,0
2947,L,300.7,309.5,1592,29.0,17,0
2948,L,300.7,309.5,1850,24.5,19,0
2949,M,300.7,309.5,1470,48.7,21,0
2950,M,300.7,309.5,1445,46.4,24,0
2951,L,300.7,309.5,1685,31.1,27,0
2952,H,300.7,309.5,1667,30.5,29,0
2953,L,300.7,309.5,1578,35.4,34,0
2954,H,300.6,309.4,1691,28.0,36,0
2955,M,300.7,309.5,1439,43.8,41,0
2956,M,300.8,309.6,1404,38.7,44,0
2957,L,300.8,309.6,1498,45.8,47,0
2958,M,300.8,309.5,1481,44.5,49,0
2959,M,300.7,309.4,1589,35.0,52,0
2960,L,300.7,309.5,1467,44.3,55,0
2961,L,300.6,309.4,1654,32.8,57,0
2962,L,300.7,309.5,1508,39.9,59,0
2963,M,300.7,309.6,1439,43.0,61,0
2964,L,300.7,309.5,1692,30.3,64,0
2965,M,300.7,309.5,1838,24.9,66,0
2966,L,300.6,309.3,1601,40.2,69,0
2967,L,300.6,309.4,1369,51.6,71,0
2968,M,300.6,309.4,1312,45.2,73,0
2969,L,300.6,309.4,1468,44.1,76,0
2970,M,300.6,309.4,1452,39.4,78,0
2971,M,300.7,309.5,1393,43.9,81,0
2972,M,300.6,309.4,1432,44.2,84,0
2973,M,300.6,309.3,1510,46.0,87,0
2974,M,300.6,309.4,1521,37.2,90,0
2975,H,300.5,309.4,1360,46.2,93,0
2976,M,300.5,309.3,1881,25.5,98,0
2977,L,300.4,309.3,1413,50.3,101,0
2978,H,300.5,309.4,1642,36.2,103,0
2979,L,300.5,309.5,1542,38.5,108,0
2980,L,300.4,309.5,1447,39.3,110,0
2981,H,300.4,309.4,1530,40.4,112,0
2982,L,300.5,309.5,1795,27.7,117,0
2983,L,300.6,309.6,1290,57.4,119,0
2984,L,300.6,309.7,1639,30.4,121,0
2985,L,300.7,309.8,1596,31.5,123,0
2986,L,300.6,309.8,1455,48.0,125,0
2987,M,300.6,309.8,1659,28.9,127,0
2988,M,300.6,309.8,1532,42.5,130,0
2989,L,300.6,309.8,1502,42.4,133,0
2990,L,300.6,309.8,1688,28.6,135,0
2991,M,300.5,309.7,1341,50.9,137,0
2992,M,300.5,309.7,1685,29.4,140,0
2993,M,300.5,309.8,1370,55.9,143,0
2994,L,300.5,309.8,1461,52.5,146,0
2995,L,300.5,309.8,1550,37.4,148,0
2996,M,300.5,309.8,1508,37.8,150,0
2997,L,300.5,309.8,1345,62.7,153,0
2998,L,300.5,309.7,1616,34.5,155,0
2999,L,300.5,309.7,1395,61.0,157,0
3000,H,300.5,309.8,1324,72.8,159,1
3001,L,300.5,309.8,1445,43.9,164,0
3002,M,300.5,309.8,1555,38.9,166,0
3003,M,300.6,309.9,1449,42.4,169,0
3004,M,300.5,309.9,1466,53.2,172,0
3005,L,300.5,309.9,1503,37.4,175,0
3006,L,300.4,309.7,1488,35.7,177,0
3007,L,300.4,309.7,1314,50.2,179,0
3008,M,300.4,309.7,1547,38.0,181,0
3009,M,300.4,309.7,1466,39.8,184,0
3010,L,300.3,309.6,1537,37.1,187,0
3011,M,300.2,309.5,1434,51.5,189,0
3012,L,300.4,309.6,1432,44.7,192,0
3013,L,300.5,309.6,1390,48.4,194,0
3014,L,300.5,309.7,1580,42.8,196,0
3015,L,300.5,309.7,1589,30.5,198,0
3016,L,300.5,309.8,1441,48.8,200,0
3017,L,300.5,309.8,1305,51.7,202,0
3018,M,300.5,309.8,1566,35.9,204,0
3019,L,300.5,309.8,1379,54.2,207,1
3020,L,300.4,309.6,1543,38.1,209,0
3021,L,300.5,309.8,1421,49.6,211,0
3022,L,300.5,309.6,1760,30.6,213,0
3023,L,300.4,309.5,1711,29.2,215,0
3024,L,300.5,309.6,1465,41.6,217,0
3025,L,300.5,309.6,1366,50.2,219,0
3026,M,300.4,309.5,1888,21.9,221,0
3027,L,300.5,309.5,1777,23.6,0,0
3028,L,300.5,309.5,1379,55.6,2,0
3029,L,300.4,309.5,1525,51.3,4,0
3030,M,300.4,309.6,1563,34.0,6,0
3031,M,300.5,309.7,1389,43.3,9,0
3032,M,300.6,309.8,1447,42.9,12,0
3033,M,300.6,309.7,1934,22.8,15,0
3034,H,300.6,309.7,1470,43.8,18,0
3035,M,300.6,309.7,1428,42.6,23,0
3036,L,300.4,309.6,1319,48.1,26,0
3037,L,300.5,309.7,1887,24.3,28,0
3038,L,300.4,309.5,1349,50.4,30,0
3039,M,300.3,309.5,1665,31.4,32,0
3040,L,300.3,309.5,1474,38.7,35,0
3041,L,300.4,309.5,1543,38.9,37,0
3042,M,300.2,309.4,1459,43.9,39,0
3043,L,300.3,309.5,1551,37.9,42,0
3044,L,300.2,309.4,1981,21.4,44,0
3045,L,300.2,309.4,1526,35.3,46,0
3046,M,300.2,309.4,1501,40.0,48,0
3047,L,300.2,309.4,1558,38.3,51,0
3048,L,300.2,309.3,1532,43.2,53,0
3049,L,300.1,309.2,1326,55.9,55,0
3050,L,300.2,309.2,1431,51.3,57,0
3051,L,300.2,309.3,1366,49.3,59,0
3052,L,300.1,309.2,1421,42.5,61,0
3053,H,300.2,309.3,1506,35.6,63,0
3054,H,300.2,309.3,1342,48.7,68,0
3055,L,300.1,309.2,1427,37.6,73,0
3056,L,300.2,309.2,1667,29.9,75,0
3057,L,300.1,309.1,1400,46.7,77,0
3058,L,300.0,309.0,1709,32.1,79,0
3059,M,300.0,309.0,1368,45.8,81,0
3060,L,300.0,309.1,1882,23.8,84,0
3061,L,300.1,309.1,1353,58.7,86,0
3062,L,299.9,309.0,1553,40.0,88,0
3063,L,300.0,309.1,1431,45.4,90,0
3064,M,300.1,309.1,1731,30.4,92,0
3065,M,300.1,309.2,1687,27.7,95,0
3066,M,300.1,309.2,1457,44.3,98,0
3067,L,300.1,309.2,1533,37.0,101,0
3068,H,300.0,309.0,1622,31.8,103,0
3069,L,300.0,309.1,1791,28.2,108,0
3070,L,300.0,309.1,1631,28.3,110,0
3071,L,300.0,309.0,2174,16.9,112,0
3072,L,300.1,309.0,1314,58.2,114,0
3073,L,300.1,309.1,1478,46.9,116,0
3074,L,300.1,309.2,1783,27.3,118,0
3075,M,300.1,309.2,1385,46.1,120,0
3076,L,300.0,309.2,1444,43.6,123,0
3077,L,300.1,309.3,1841,23.0,125,0
3078,M,300.1,309.4,1349,56.2,127,0
3079,L,300.1,309.3,1340,56.0,130,0
3080,M,299.9,309.2,1539,43.2,132,0
3081,M,300.0,309.3,1932,21.8,135,0
3082,M,300.0,309.3,1407,43.9,138,0
3083,L,300.1,309.3,1712,28.5,141,0
3084,H,300.1,309.4,1329,55.2,143,0
3085,L,300.1,309.2,1441,42.9,148,0
3086,L,300.0,309.2,1610,32.1,150,0
3087,M,300.0,309.1,1474,45.2,152,0
3088,M,300.0,309.1,1624,30.8,155,0
3089,H,300.1,309.3,1520,38.2,158,0
3090,H,300.1,309.3,1448,45.8,163,0
3091,L,300.0,309.3,1558,29.7,168,0
3092,M,300.0,309.3,2293,16.3,170,0
3093,L,300.0,309.3,1397,51.2,173,0
3094,L,300.0,309.3,1972,22.0,175,0
3095,M,299.9,309.2,1574,36.5,177,0
3096,L,299.9,309.2,1560,38.9,180,0
3097,M,299.9,309.2,1353,49.8,182,0
3098,M,299.9,309.2,1389,51.2,185,0
3099,M,299.9,309.1,1513,43.8,188,0
3100,L,299.8,309.1,1578,42.1,191,0
3101,H,299.8,309.0,1467,37.3,193,0
3102,L,299.9,309.1,1412,48.3,198,0
3103,L,299.8,309.1,1668,30.3,200,0
3104,M,299.8,309.2,1678,29.8,202,0
3105,L,299.8,309.1,1612,35.4,205,0
3106,L,299.8,309.1,1485,39.9,207,0
3107,M,299.8,309.1,1456,39.4,209,0
3108,L,299.8,309.2,1504,38.7,212,0
3109,L,299.9,309.2,1491,44.3,214,0
3110,H,299.9,309.2,1525,33.2,0,0
3111,L,300.0,309.2,1759,27.9,5,0
3112,M,299.8,309.1,1355,56.7,7,0
3113,M,299.9,309.1,1345,56.8,10,0
3114,M,299.9,309.2,1683,30.5,13,0
3115,L,299.9,309.2,1658,34.8,16,0
3116,L,300.0,309.2,1566,34.4,18,0
3117,M,300.1,309.3,1469,43.9,20,0
3118,M,300.2,309.5,1458,46.9,23,0
3119,L,300.1,309.4,1858,23.6,26,0
3120,H,300.1,309.4,1563,40.8,28,0
3121,L,300.1,309.4,2141,17.9,33,0
3122,L,300.0,309.3,1473,46.0,35,0
3123,H,300.0,309.4,1498,38.5,37,0
3124,L,300.1,309.4,1568,39.7,42,0
3125,L,300.1,309.4,1694,27.4,44,0
3126,L,300.0,309.4,1499,35.7,46,0
3127,L,300.0,309.5,1717,28.3,48,0
3128,M,300.1,309.5,1462,42.8,50,0
3129,L,300.1,309.6,1642,34.5,53,0
3130,L,300.1,309.6,1760,25.4,55,0
3131,L,300.1,309.5,1660,32.7,57,0
3132,L,300.1,309.5,1557,40.6,59,0
3133,H,300.2,309.6,1442,49.2,61,0
3134,L,300.2,309.6,1359,51.5,66,0
3135,L,300.4,309.8,1342,52.5,68,0
3136,L,300.4,309.9,1435,54.8,70,0
3137,L,300.4,309.9,1567,36.5,72,0
3138,L,300.4,309.9,1376,43.5,74,0
3139,H,300.4,309.9,1513,38.7,76,0
3140,H,300.4,309.9,2563,12.8,81,1
3141,L,300.5,310.0,1521,45.1,86,0
3142,L,300.6,310.0,1658,34.7,88,0
3143,H,300.6,310.0,1419,42.4,90,0
3144,M,300.6,310.0,1478,36.3,95,0
3145,M,300.5,310.0,1415,43.5,98,0
3146,M,300.5,309.9,1780,26.5,101,0
3147,M,300.4,309.7,1440,42.8,104,0
3148,H,300.4,309.8,1448,39.7,107,0
3149,H,300.4,309.7,1500,35.2,112,0
3150,L,300.4,309.8,1513,32.9,117,0
3151,L,300.5,309.8,1428,43.8,119,0
3152,M,300.5,309.8,1473,42.3,121,0
3153,M,300.5,309.9,1483,49.3,124,0
3154,L,300.4,309.7,1534,42.5,127,0
3155,L,300.5,309.8,1367,54.0,129,0
3156,L,300.4,309.7,1467,36.9,131,0
3157,M,300.4,309.7,1488,42.2,133,0
3158,L,300.4,309.7,1679,30.1,136,0
3159,H,300.4,309.8,1409,47.5,138,0
3160,M,300.4,309.7,1367,51.2,143,0
3161,L,300.4,309.8,1314,63.1,146,0
3162,L,300.5,309.9,1480,40.0,148,0
3163,L,300.4,309.8,1549,38.9,150,0
3164,L,300.4,309.7,1685,31.3,152,0
3165,L,300.4,309.6,1536,34.5,154,0
3166,M,300.4,309.7,1539,37.7,156,0
3167,L,300.4,309.7,1384,45.1,159,0
3168,M,300.4,309.6,1614,30.3,161,0
3169,M,300.4,309.6,1675,35.5,164,0
3170,M,300.4,309.7,1685,32.3,167,0
3171,L,300.4,309.6,1386,56.9,170,0
3172,M,300.3,309.6,1488,41.3,172,0
3173,L,300.3,309.6,1624,32.6,175,0
3174,L,300.3,309.6,1600,34.6,177,0
3175,L,300.3,309.6,1468,44.7,179,0
3176,L,300.3,309.6,1435,45.4,181,0
3177,M,300.2,309.5,1564,33.4,183,0
3178,M,300.2,309.4,1329,53.6,186,0
3179,L,300.1,309.3,1570,36.8,189,0
3180,M,300.2,309.4,1433,48.8,191,0
3181,L,300.2,309.4,1527,37.0,194,0
3182,M,300.1,309.3,1443,50.3,196,0
3183,L,300.1,309.3,1616,32.0,199,0
3184,L,300.1,309.3,1654,31.0,201,0
3185,L,300.1,309.3,1685,27.1,203,0
3186,M,300.2,309.4,1456,48.8,205,0
3187,M,300.2,309.4,1752,27.8,208,0
3188,M,300.1,309.2,1438,51.0,211,0
3189,L,300.1,309.1,1551,33.7,214,0
3190,L,300.1,309.2,1599,30.1,216,0
3191,M,300.1,309.2,1732,33.7,218,0
3192,M,300.1,309.2,1418,39.8,221,0
3193,L,300.0,309.1,1401,44.5,0,0
3194,L,300.0,309.0,1454,51.7,2,0
3195,M,300.0,309.2,1635,32.4,4,0
3196,L,300.0,309.1,1489,40.3,7,0
3197,L,300.0,309.1,1465,40.6,9,0
3198,M,300.0,309.1,1463,45.7,11,0
3199,H,300.1,309.1,1560,35.4,14,0
3200,M,300.1,309.2,1454,44.4,19,0
3201,L,300.2,309.1,1479,47.0,22,0
3202,L,300.2,309.2,1430,43.4,24,0
3203,M,300.1,309.1,1533,38.0,26,0
3204,L,300.1,309.0,1404,54.8,29,0
3205,M,300.1,308.9,1548,38.4,31,0
3206,M,300.1,309.0,1612,33.0,34,0
3207,M,300.2,309.0,1642,31.2,37,0
3208,M,300.2,309.1,1406,42.2,40,0
3209,L,300.3,309.2,1587,31.4,43,0
3210,M,300.3,309.2,1364,47.6,45,0
3211,L,300.3,309.2,1462,51.4,48,0
3212,L,300.3,309.2,1649,32.4,50,0
3213,L,300.4,309.2,1752,29.0,52,0
3214,H,300.4,309.3,1396,51.2,54,0
3215,M,300.5,309.4,2179,16.3,59,0
3216,L,300.5,309.5,1653,27.6,62,0
3217,L,300.6,309.5,2025,21.4,64,0
3218,L,300.6,309.6,1426,53.6,66,0
3219,M,300.6,309.6,1503,38.4,68,0
3220,M,300.7,309.6,1525,36.5,71,0
3221,L,300.6,309.6,1423,49.1,74,0
3222,M,300.7,309.7,1435,44.7,76,0
3223,H,300.6,309.5,1495,36.5,79,0
3224,M,300.6,309.5,1557,33.8,84,0
3225,L,300.6,309.4,1474,40.7,87,0
3226,L,300.5,309.3,1465,46.0,89,0
3227,M,300.5,309.3,1589,34.9,91,0
3228,L,300.5,309.3,1475,46.8,94,0
3229,L,300.6,309.4,1442,43.2,96,0
3230,L,300.6,309.4,1556,36.0,98,0
3231,L,300.7,309.3,1425,45.3,100,0
3232,L,300.7,309.3,1580,38.3,102,0
3233,H,300.8,309.4,1474,40.7,104,0
3234,L,300.8,309.4,1489,38.4,109,0
3235,L,300.8,309.4,1946,20.5,111,0
3236,M,300.8,309.4,1342,62.4,113,1
3237,M,300.9,309.5,1758,26.8,116,0
3238,M,300.9,309.4,1724,25.6,119,0
3239,L,301.0,309.5,1430,48.5,122,0
3240,L,300.9,309.5,1612,35.2,124,0
3241,H,300.9,309.5,1469,43.4,126,0
3242,L,300.9,309.6,1384,42.4,131,0
3243,L,301.0,309.6,1724,28.1,133,0
3244,M,301.0,309.6,1397,48.0,135,0
3245,M,301.0,309.6,1588,32.7,138,0
3246,L,301.0,309.7,1468,42.0,141,0
3247,M,301.0,309.8,1594,31.1,143,0
3248,M,301.0,309.7,1511,39.3,146,0
3249,L,301.1,309.8,1493,38.9,149,0
3250,H,301.2,309.8,1709,27.0,151,0
3251,L,301.1,309.6,1501,36.1,156,0
3252,L,301.1,309.7,1668,30.8,158,0
3253,L,301.1,309.6,1502,48.9,160,0
3254,M,301.0,309.7,1288,58.4,162,0
3255,L,301.0,309.7,1491,42.9,165,0
3256,L,301.1,309.8,1519,39.6,167,0
3257,L,301.2,309.9,1984,19.7,169,0
3258,L,301.2,309.9,1643,32.9,171,0
3259,M,301.2,310.0,1625,31.6,173,0
3260,M,301.3,310.0,2068,17.8,176,0
3261,H,301.3,310.1,1469,39.7,179,0
3262,L,301.3,310.1,1558,36.3,184,0
3263,L,301.3,310.0,1344,54.8,186,0
3264,H,301.3,310.1,1455,44.1,188,0
3265,L,301.3,310.1,1355,53.6,193,0
3266,L,301.3,310.1,1269,56.8,195,1
3267,L,301.3,310.0,1550,41.5,197,0
3268,M,301.3,310.1,1525,37.8,199,0
3269,M,301.3,310.0,1696,32.4,202,0
3270,L,301.4,310.1,1937,21.8,205,0
3271,M,301.4,310.0,1689,32.1,207,0
3272,M,301.3,310.0,1593,30.8,210,0
3273,M,301.3,309.9,1565,36.0,213,0
3274,L,301.3,310.0,1665,31.4,0,0
3275,H,301.3,310.0,1532,36.3,2,0
3276,L,301.3,310.0,1438,40.9,7,0
3277,L,301.3,310.1,1531,41.6,9,0
3278,L,301.3,310.0,1506,40.8,11,0
3279,L,301.2,309.9,1382,52.4,13,0
3280,M,301.2,309.9,1456,50.8,15,0
3281,M,301.2,310.0,1445,45.6,18,0
3282,L,301.2,309.9,1515,40.9,21,0
3283,L,301.2,309.9,1449,45.5,23,0
3284,H,301.2,309.9,1362,50.7,25,0
3285,L,301.2,309.9,1687,29.7,30,0
3286,L,301.2,310.0,1618,37.6,32,0
3287,M,301.2,310.1,1558,32.6,34,0
3288,L,301.3,310.1,1662,31.0,37,0
3289,M,301.2,310.1,1295,56.6,39,0
3290,L,301.2,310.2,1385,42.3,42,0
3291,M,301.2,310.1,1479,45.5,44,0
3292,L,301.3,310.3,1400,44.3,47,0
3293,M,301.2,310.3,1357,54.5,49,0
3294,L,301.1,310.2,1657,34.1,52,0
3295,L,301.1,310.2,1496,43.4,54,0
3296,M,301.2,310.3,1379,43.2,56,0
3297,L,301.2,310.3,1548,38.6,59,0
3298,L,301.2,310.3,1499,38.1,61,0
3299,L,301.3,310.5,1390,45.8,63,0
3300,H,301.3,310.4,1538,38.4,65,0
3301,L,301.3,310.5,1365,47.7,70,0
3302,L,301.3,310.5,1503,48.6,72,0
3303,L,301.2,310.4,1390,49.9,74,0
3304,L,301.2,310.3,1497,45.7,76,0
3305,M,301.3,310.4,1577,48.3,78,0
3306,L,301.4,310.5,1432,54.3,81,0
3307,M,301.4,310.5,1563,39.9,83,0
3308,L,301.4,310.4,1433,43.4,86,0
3309,L,301.3,310.4,1384,50.1,88,0
3310,L,301.3,310.4,1346,46.7,90,0
3311,L,301.3,310.4,1459,44.7,92,0
3312,L,301.4,310.4,1639,28.9,94,0
3313,L,301.4,310.4,1737,31.9,96,0
3314,L,301.4,310.5,1489,43.5,98,0
3315,M,301.5,310.6,1492,43.0,100,0
3316,M,301.4,310.5,1217,60.6,103,0
3317,L,301.5,310.5,1636,28.7,106,0
3318,L,301.4,310.4,1436,49.7,108,0
3319,L,301.4,310.4,1689,30.6,110,0
3320,L,301.5,310.5,2289,16.4,112,0
3321,L,301.5,310.6,1522,41.0,114,0
3322,L,301.5,310.5,1351,52.9,116,0
3323,L,301.5,310.5,1589,36.7,118,0
3324,L,301.5,310.6,1578,34.1,120,0
3325,L,301.5,310.6,1587,33.7,122,0
3326,L,301.5,310.6,1962,20.2,124,0
3327,M,301.5,310.6,2432,14.2,126,0
3328,L,301.6,310.6,1418,43.9,129,0
3329,L,301.6,310.7,1683,29.7,131,0
3330,L,301.7,310.8,1385,50.7,133,0
3331,L,301.7,310.8,1559,44.5,135,0
3332,M,301.7,310.8,1671,31.6,137,0
3333,M,301.6,310.8,1343,49.5,140,0
3334,M,301.6,310.8,1548,34.2,143,0
3335,L,301.7,310.9,1705,31.2,146,0
3336,L,301.6,310.8,1535,35.4,148,0
3337,L,301.6,310.8,1564,34.1,150,0
3338,M,301.6,310.9,1510,40.9,152,0
3339,L,301.6,310.9,1492,45.2,155,0
3340,M,301.5,310.8,1452,44.1,157,0
3341,H,301.4,310.7,1329,52.0,160,0
3342,L,301.5,310.8,1382,52.4,165,0
3343,M,301.5,310.8,1628,36.4,167,0
3344,L,301.4,310.7,1706,27.9,170,0
3345,L,301.3,310.7,1594,34.1,172,0
3346,L,301.3,310.7,1761,24.3,174,0
3347,L,301.3,310.6,1529,41.8,176,0
3348,M,301.3,310.7,1532,40.7,178,0
3349,L,301.4,310.7,1673,27.8,181,0
3350,L,301.4,310.8,1285,62.6,183,1
3351,L,301.4,310.8,1680,31.4,185,0
3352,L,301.4,310.8,1610,34.6,187,0
3353,L,301.6,310.9,1632,31.6,189,0
3354,L,301.6,310.9,1559,40.2,191,0
3355,L,301.5,310.8,1367,49.0,193,0
3356,L,301.6,310.8,1355,57.8,195,1
3357,H,301.6,310.7,1414,51.7,197,0
3358,L,301.5,310.6,1522,36.6,202,0
3359,L,301.5,310.6,1525,41.9,204,0
3360,L,301.5,310.6,1394,46.5,206,0
3361,L,301.5,310.6,1519,40.7,208,0
3362,L,301.4,310.6,1445,43.9,210,0
3363,L,301.4,310.6,1555,43.3,212,0
3364,L,301.4,310.5,1633,39.5,0,0
3365,M,301.4,310.6,1630,30.3,2,0
3366,M,301.4,310.7,1692,32.3,5,0
3367,H,301.5,310.7,1790,26.2,8,0
3368,L,301.5,310.8,1350,58.5,13,0
3369,L,301.5,310.9,2760,8.0,15,1
3370,L,301.4,310.7,1584,32.2,17,0
3371,L,301.4,310.7,1989,21.8,19,0
3372,L,301.4,310.8,1431,44.3,21,0
3373,L,301.4,310.7,1568,35.2,23,0
3374,L,301.4,310.7,1376,50.6,25,0
3375,M,301.4,310.6,1459,46.9,27,0
3376,M,301.5,310.8,1385,47.5,30,0
3377,H,301.5,310.8,1591,29.6,33,0
3378,L,301.5,310.7,1568,33.1,38,0
3379,M,301.4,310.7,1459,37.7,40,0
3380,L,301.4,310.7,1590,36.3,43,0
3381,L,301.3,310.6,1376,47.6,45,0
3382,L,301.3,310.6,1510,38.5,47,0
3383,H,301.4,310.6,1674,33.6,49,0
3384,L,301.3,310.6,1426,40.7,54,0
3385,L,301.5,310.7,1466,43.6,56,0
3386,H,301.5,310.8,1474,38.7,58,0
3387,M,301.6,310.8,1290,65.3,63,0
3388,M,301.7,310.9,1435,48.0,66,0
3389,M,301.5,310.7,1416,53.2,69,0
3390,H,301.5,310.7,1599,40.4,72,0
3391,L,301.5,310.7,1466,47.3,77,0
3392,L,301.5,310.7,1408,47.3,79,0
3393,L,301.5,310.6,1490,48.1,81,0
3394,L,301.5,310.6,1405,42.3,83,0
3395,L,301.4,310.5,1647,33.3,85,0
3396,M,301.4,310.6,1459,35.0,87,0
3397,L,301.4,310.6,1648,30.7,90,0
3398,L,301.4,310.7,1675,30.7,92,0
3399,L,301.4,310.7,1605,34.2,94,0
3400,H,301.4,310.7,1536,44.4,96,0
3401,M,301.4,310.7,1617,34.3,101,0
3402,L,301.4,310.6,1347,53.3,104,0
3403,L,301.3,310.5,1337,52.7,106,0
3404,L,301.3,310.4,1695,30.9,108,0
3405,M,301.3,310.4,1635,32.5,110,0
3406,L,301.2,310.4,1470,44.0,113,0
3407,L,301.2,310.4,1381,49.8,115,0
3408,M,301.2,310.4,1382,41.6,117,0
3409,M,301.2,310.4,1697,30.0,120,0
3410,L,301.2,310.3,1451,39.7,123,0
3411,L,301.3,310.3,1419,55.7,125,0
3412,L,301.3,310.3,1313,55.6,127,0
3413,L,301.3,310.3,1560,36.3,129,0
3414,L,301.3,310.3,1555,41.2,131,0
3415,L,301.4,310.4,1579,36.9,133,0
3416,L,301.5,310.5,1435,44.6,135,0
3417,L,301.6,310.6,1621,33.7,137,0
3418,H,301.6,310.6,1555,40.4,139,0
3419,L,301.5,310.5,1611,33.8,144,0
3420,L,301.6,310.6,1834,23.5,146,0
3421,M,301.5,310.5,1612,29.8,148,0
3422,L,301.5,310.4,1629,34.1,151,0
3423,L,301.4,310.4,1496,35.2,153,0
3424,L,301.5,310.5,1593,32.9,155,0
3425,M,301.5,310.5,1623,33.5,157,0
3426,L,301.5,310.5,1380,48.7,160,0
3427,L,301.6,310.6,1562,34.4,162,0
3428,L,301.6,310.6,1391,49.4,164,0
3429,H,301.5,310.5,1551,34.3,166,0
3430,H,301.6,310.6,1821,26.2,171,0
3431,L,301.6,310.7,1429,43.6,176,0
3432,M,301.6,310.7,2012,20.7,178,0
3433,M,301.6,310.6,1924,23.6,181,0
3434,M,301.5,310.5,1412,44.1,184,0
3435,L,301.5,310.5,1389,54.9,187,0
3436,L,301.5,310.5,1466,48.1,189,0
3437,L,301.5,310.5,2297,15.8,191,0
3438,L,301.4,310.4,1471,37.5,193,0
3439,L,301.4,310.3,1492,41.4,195,0
3440,L,301.3,310.3,1460,41.5,197,0
3441,L,301.4,310.4,1559,39.4,199,0
3442,M,301.4,310.5,1495,52.5,201,0
3443,L,301.5,310.5,1535,39.0,204,0
3444,L,301.5,310.6,1381,50.7,206,0
3445,M,301.6,310.6,1599,36.1,208,0
3446,H,301.6,310.6,1400,49.5,211,0
3447,L,301.7,310.6,1624,34.5,216,0
3448,L,301.6,310.6,1478,36.6,218,0
3449,L,301.7,310.7,1605,33.3,220,0
3450,L,301.6,310.6,1506,43.4,222,0
3451,L,301.6,310.6,1455,43.9,0,0
3452,H,301.6,310.5,1602,32.3,2,0
3453,L,301.5,310.4,1425,54.4,7,0
3454,L,301.5,310.4,1918,21.8,9,0
3455,H,301.4,310.3,1611,41.5,11,0
3456,H,301.4,310.4,1610,38.6,16,0
3457,M,301.5,310.4,2639,12.0,21,1
3458,L,301.5,310.4,1329,46.6,24,0
3459,L,301.5,310.4,1270,54.2,26,0
3460,L,301.5,310.3,1415,41.6,28,0
3461,H,301.6,310.4,1330,49.5,30,0
3462,H,301.6,310.5,1786,27.1,35,0
3463,L,301.6,310.5,1809,25.5,40,0
3464,L,301.7,310.6,1303,59.7,42,0
3465,M,301.8,310.7,1383,45.7,44,0
3466,L,301.7,310.6,1447,56.9,47,0
3467,L,301.8,310.7,1461,44.2,49,0
3468,L,301.8,310.7,2092,18.6,51,0
3469,M,301.8,310.7,1429,47.9,53,0
3470,L,301.8,310.8,1736,26.5,56,0
3471,L,301.8,310.7,1441,49.3,58,0
3472,L,301.8,310.7,1523,43.3,60,0
3473,M,301.8,310.8,1691,33.4,62,0
3474,M,301.9,310.8,1557,35.3,65,0
3475,L,301.8,310.7,1644,33.4,68,0
3476,L,301.8,310.6,1522,43.8,70,0
3477,L,301.8,310.7,1547,41.7,72,0
3478,L,301.8,310.7,1597,30.8,74,0
3479,M,301.8,310.8,1619,31.0,76,0
3480,L,301.9,310.8,1400,58.2,79,0
3481,L,302.0,310.9,1663,31.5,81,0
3482,L,301.9,310.8,1540,37.6,83,0
3483,H,301.9,310.8,1455,42.7,85,0
3484,L,301.9,310.8,1519,39.0,90,0
3485,L,301.9,310.8,1427,47.7,92,0
3486,L,301.9,310.8,1650,29.8,94,0
3487,M,301.8,310.8,1508,38.8,96,0
3488,L,301.9,310.9,1379,54.8,99,0
3489,L,301.9,310.9,1542,36.7,101,0
3490,M,301.9,310.9,1763,28.4,103,0
3491,H,301.9,310.9,1590,34.3,106,0
3492,H,301.9,311.0,1336,63.6,111,0
3493,M,301.9,311.0,1638,35.4,116,0
3494,L,301.9,311.0,1356,45.7,119,0
3495,M,301.9,311.0,1384,47.4,121,0
3496,L,301.9,310.9,1309,48.0,124,0
3497,L,301.9,311.0,1642,33.1,126,0
3498,L,301.9,311.0,1289,54.9,128,0
3499,L,301.9,311.0,1353,43.8,130,0
3500,H,301.9,311.0,1871,26.0,132,0
3501,H,301.9,311.0,1291,63.6,137,0
3502,M,301.8,310.9,1346,44.6,142,0
3503,L,301.7,310.8,1493,47.6,145,0
3504,M,301.7,310.8,1524,41.3,147,0
3505,L,301.6,310.8,1726,26.7,150,0
3506,H,301.6,310.8,1435,47.2,152,0
3507,M,301.7,310.8,1502,34.4,157,0
3508,L,301.7,310.9,1608,33.0,160,0
3509,L,301.8,311.0,1771,27.2,162,0
3510,L,301.7,311.0,1474,42.6,164,0
3511,L,301.8,311.0,1322,53.0,166,0
3512,M,301.8,311.0,1393,49.5,168,0
3513,M,301.9,311.1,1417,52.5,171,0
3514,H,301.9,311.0,1430,49.8,174,0
3515,M,301.9,311.1,1605,40.0,179,0
3516,L,302.0,311.1,1402,47.8,182,0
3517,L,302.0,311.0,1550,35.2,184,0
3518,L,301.9,311.0,1376,44.9,186,0
3519,M,301.9,310.9,1569,32.5,188,0
3520,L,301.9,311.0,1669,32.2,191,0
3521,L,301.9,311.0,1541,38.9,193,0
3522,L,301.8,311.0,1651,32.5,195,0
3523,L,301.8,310.9,1521,39.3,197,0
3524,M,301.8,310.8,1365,48.2,199,0
3525,L,301.8,310.9,1609,31.7,202,0
3526,H,301.8,310.8,1470,37.6,204,0
3527,M,301.9,310.9,1573,38.9,209,0
3528,L,302.0,310.9,1378,53.1,212,1
3529,L,301.9,310.9,1567,39.0,214,1
3530,M,301.9,310.9,1441,43.7,0,0
3531,M,301.9,310.9,1641,33.2,3,0
3532,L,301.9,310.9,1486,40.3,6,0
3533,L,302.0,311.0,1563,36.2,8,0
3534,M,302.0,311.1,1769,26.0,10,0
3535,H,301.9,311.0,1672,29.9,13,0
3536,L,302.0,311.0,1632,34.2,18,0
3537,M,302.0,311.0,1980,21.5,20,0
3538,L,302.0,311.1,1635,36.0,23,0
3539,L,302.0,311.0,1686,32.5,25,0
3540,L,301.9,310.9,1574,31.4,27,0
3541,L,301.8,310.8,1546,43.4,29,0
3542,L,301.8,310.9,1899,24.7,31,0
3543,L,301.8,310.9,1449,36.5,33,0
3544,M,301.9,310.9,1483,37.0,35,0
3545,L,301.8,310.8,1576,38.6,38,0
3546,M,301.9,310.9,1317,51.9,40,0
3547,M,301.9,311.0,1467,48.1,43,0
3548,L,301.9,310.9,1616,34.5,46,0
3549,M,301.8,310.9,1299,60.4,48,0
3550,M,301.9,311.0,1432,41.5,51,0
3551,L,301.9,310.9,1799,24.2,54,0
3552,M,301.8,310.9,1358,52.3,56,0
3553,M,301.8,310.8,1618,37.8,59,0
3554,L,301.9,310.8,1525,43.2,62,0
3555,L,301.8,310.7,1551,37.7,64,0
3556,L,301.9,310.8,1735,31.5,66,0
3557,M,301.8,310.7,1309,43.3,68,0
3558,L,301.7,310.6,1743,26.2,71,0
3559,M,301.7,310.7,1659,29.9,73,0
3560,L,301.8,310.7,1680,32.4,76,0
3561,L,301.7,310.6,1486,38.5,78,0
3562,L,301.7,310.6,1471,43.8,80,0
3563,M,301.8,310.7,1465,35.8,82,0
3564,M,301.7,310.6,1492,42.2,85,0
3565,M,301.8,310.7,1420,52.0,88,0
3566,L,301.8,310.6,1295,62.3,91,0
3567,L,301.8,310.5,1548,34.1,93,0
3568,L,301.8,310.6,1372,54.7,95,0
3569,M,301.8,310.6,1552,35.9,97,0
3570,H,301.8,310.6,1441,46.3,100,0
3571,M,301.7,310.6,1691,27.7,105,0
3572,L,301.8,310.6,1451,50.7,108,0
3573,L,301.8,310.6,1452,48.4,110,0
3574,L,301.7,310.6,1406,46.0,112,0
3575,L,301.7,310.5,1567,39.1,114,0
3576,L,301.6,310.4,1599,41.7,116,0
3577,M,301.6,310.4,1455,39.0,118,0
3578,M,301.7,310.5,1625,35.9,121,0
3579,L,301.8,310.6,2672,11.8,124,1
3580,L,301.8,310.6,1650,31.9,126,0
3581,M,301.8,310.6,1459,40.2,128,0
3582,L,301.8,310.6,1395,50.5,131,0
3583,L,301.8,310.7,1751,29.3,133,0
3584,L,301.8,310.6,1192,68.9,135,0
3585,L,301.9,310.7,1947,25.0,137,0
3586,L,301.8,310.5,1593,34.9,139,0
3587,H,301.8,310.5,1478,38.6,141,0
3588,M,301.7,310.6,1505,44.5,146,0
3589,L,301.7,310.5,2465,13.7,149,0
3590,L,301.8,310.6,1403,46.8,151,0
3591,M,301.7,310.5,1458,41.4,153,0
3592,H,301.6,310.4,1369,45.4,156,0
3593,M,301.6,310.4,1377,44.9,161,0
3594,M,301.6,310.4,1452,45.7,164,0
3595,L,301.6,310.4,1517,41.1,167,0
3596,L,301.7,310.5,1354,50.0,169,0
3597,M,301.7,310.5,1724,33.0,171,0
3598,L,301.7,310.5,1399,53.2,174,0
3599,H,301.7,310.5,1388,50.5,176,0
3600,L,301.7,310.5,1523,34.7,181,0
3601,L,301.7,310.5,1377,43.1,183,0
3602,M,301.7,310.6,1417,45.2,185,0
3603,L,301.7,310.7,1542,40.0,188,0
3604,L,301.8,310.8,1557,33.3,190,0
3605,L,301.7,310.7,1641,31.9,192,0
3606,L,301.7,310.7,1318,55.0,194,0
3607,L,301.6,310.7,1638,33.8,196,0
3608,M,301.7,310.8,1954,21.6,198,0
3609,M,301.7,310.9,1644,32.5,201,0
3610,M,301.7,310.8,1594,32.4,204,0
3611,L,301.7,310.9,1405,46.4,207,1
3612,L,301.7,310.8,1622,37.8,0,0
3613,L,301.7,310.9,1557,39.4,2,0
3614,L,301.8,311.0,1606,33.3,4,0
3615,M,301.8,311.1,1647,31.6,6,0
3616,M,301.8,311.1,1413,42.2,9,0
3617,L,301.8,311.0,1529,41.6,12,0
3618,L,301.9,311.1,1448,46.3,14,0
3619,L,301.9,311.2,1435,44.2,16,0
3620,H,301.9,311.2,1474,41.8,18,0
3621,L,301.9,311.2,1657,29.1,23,0
3622,L,302.0,311.3,1509,39.9,25,0
3623,M,302.0,311.3,1530,36.4,27,0
3624,M,302.0,311.4,1587,35.9,30,0
3625,M,302.1,311.4,1467,43.4,33,0
3626,M,302.2,311.5,1360,53.0,36,0
3627,L,302.2,311.5,1588,30.6,39,0
3628,L,302.2,311.4,1609,32.1,41,0
3629,L,302.1,311.3,1415,44.1,43,0
3630,L,302.0,311.2,1845,27.3,45,0
3631,M,302.1,311.4,1419,36.2,47,0
3632,L,302.1,311.3,1634,30.6,50,0
3633,M,302.2,311.3,1521,40.6,52,0
3634,L,302.2,311.4,1499,37.7,55,0
3635,M,302.1,311.2,1616,35.1,57,0
3636,L,302.2,311.4,1449,46.5,60,0
3637,M,302.2,311.4,1626,31.6,62,0
3638,M,302.3,311.5,1445,44.8,65,0
3639,L,302.4,311.6,1622,35.0,68,0
3640,H,302.4,311.6,1544,39.1,70,0
3641,L,302.3,311.6,1488,41.8,75,0
3642,L,302.3,311.6,1309,57.6,77,0
3643,L,302.3,311.6,1784,26.4,79,0
3644,L,302.2,311.5,1548,32.4,81,0
3645,L,302.2,311.5,1413,43.5,83,0
3646,M,302.2,311.5,1863,25.7,85,0
3647,L,302.2,311.5,1427,43.8,88,0
3648,M,302.2,311.5,1443,47.0,90,0
3649,L,302.2,311.5,1481,40.4,93,0
3650,L,302.1,311.4,1446,39.7,95,0
3651,L,302.1,311.5,1444,44.9,97,0
3652,M,302.1,311.5,1341,50.8,99,0
3653,L,302.1,311.4,1518,37.4,102,0
3654,L,302.1,311.4,1603,35.9,104,0
3655,L,302.1,311.4,1686,30.9,106,0
3656,M,302.1,311.5,1383,53.6,108,0
3657,L,302.1,311.5,1477,45.4,111,0
3658,M,302.2,311.5,1449,44.5,113,0
3659,M,302.2,311.5,1734,25.0,116,0
3660,L,302.3,311.6,1398,49.1,119,0
3661,M,302.3,311.7,1639,36.6,121,0
3662,M,302.3,311.7,1517,37.6,124,0
3663,M,302.3,311.7,1442,41.7,127,0
3664,M,302.3,311.7,1685,30.8,130,0
3665,M,302.4,311.8,1358,50.6,133,0
3666,M,302.3,311.6,1608,39.9,136,0
3667,L,302.3,311.6,1665,34.3,139,0
3668,L,302.3,311.7,1510,38.7,141,0
3669,L,302.4,311.8,1465,40.2,143,0
3670,L,302.3,311.7,1701,27.5,145,0
3671,M,302.3,311.7,1486,39.6,147,0
3672,L,302.3,311.6,1658,32.3,150,0
3673,H,302.3,311.7,1449,44.5,152,0
3674,L,302.2,311.5,1346,52.4,157,0
3675,M,302.1,311.5,1866,23.1,159,0
3676,M,302.2,311.5,1562,38.0,162,0
3677,M,302.3,311.7,1368,53.6,165,0
3678,L,302.2,311.5,1567,33.1,168,0
3679,L,302.2,311.5,1725,34.0,170,0
3680,L,302.2,311.5,1744,31.2,172,0
3681,M,302.1,311.3,1453,45.1,174,0
3682,L,302.1,311.2,1550,34.8,177,0
3683,M,302.0,311.2,1558,39.1,179,0
3684,L,302.0,311.2,1270,65.3,182,1
3685,M,301.9,311.1,1380,51.6,184,0
3686,L,302.0,311.1,1406,50.5,187,0
3687,M,302.0,311.2,1625,30.7,189,0
3688,L,302.0,311.2,1420,45.8,192,0
3689,L,302.1,311.4,1889,22.7,194,0
3690,L,302.1,311.3,1477,43.6,196,0
3691,L,302.1,311.2,1460,46.9,198,0
3692,L,302.1,311.3,1758,24.4,200,0
3693,L,302.1,311.3,1521,31.5,202,0
3694,M,302.1,311.3,1511,45.0,204,0
3695,L,302.2,311.3,1530,37.3,207,1
3696,L,302.1,311.2,1454,46.8,0,0
3697,L,302.2,311.2,1928,23.1,2,0
3698,H,302.2,311.3,1758,26.4,4,0
3699,L,302.2,311.2,1649,33.2,9,0
3700,L,302.1,311.2,1447,50.3,11,0
3701,L,302.1,311.2,1417,48.0,13,0
3702,L,302.0,311.2,1434,44.9,15,0
3703,M,302.0,311.2,1418,49.5,17,0
3704,M,302.0,311.2,1400,49.5,20,0
3705,M,302.0,311.3,1725,27.7,23,0
3706,L,302.0,311.3,1567,41.1,26,0
3707,M,302.1,311.3,1497,38.4,28,0
3708,L,302.1,311.4,1549,44.6,31,0
3709,L,302.2,311.4,1754,26.9,33,0
3710,L,302.2,311.5,1489,38.3,35,0
3711,L,302.2,311.5,1543,38.5,37,0
3712,L,302.3,311.5,1543,33.1,39,0
3713,L,302.3,311.5,1565,35.6,41,0
3714,M,302.3,311.4,1855,23.9,43,0
3715,M,302.4,311.4,1475,45.2,46,0
3716,L,302.3,311.4,1609,32.3,49,0
3717,H,302.3,311.4,1443,44.1,51,0
3718,L,302.4,311.4,1450,44.1,56,0
3719,L,302.4,311.5,1590,39.9,58,0
3720,M,302.4,311.4,1508,41.2,60,0
3721,M,302.2,311.2,1544,43.6,63,0
3722,L,302.2,311.2,1451,41.8,66,0
3723,L,302.3,311.2,1758,24.4,68,0
3724,M,302.3,311.2,1507,47.7,70,0
3725,H,302.3,311.1,1543,37.5,73,0
3726,M,302.3,311.2,1505,36.7,78,0
3727,L,302.3,311.2,1786,24.3,81,0
3728,L,302.3,311.3,1457,44.5,83,0
3729,M,302.4,311.3,1312,61.5,85,0
3730,M,302.3,311.2,1405,47.7,88,0
3731,M,302.2,311.2,1377,43.0,91,0
3732,M,302.2,311.2,1347,49.8,94,0
3733,L,302.2,311.1,1470,39.6,97,0
3734,M,302.2,311.2,1873,24.0,99,0
3735,M,302.2,311.1,1434,58.6,102,0
3736,H,302.2,311.1,1628,30.6,105,0
3737,L,302.2,311.1,1351,48.6,110,0
3738,M,302.3,311.2,1454,43.8,112,0
3739,M,302.2,311.2,1663,29.6,115,0
3740,L,302.3,311.2,1401,49.7,118,0
3741,L,302.4,311.3,1503,38.2,120,0
3742,L,302.4,311.4,1564,35.0,122,0
3743,L,302.5,311.4,1759,24.6,124,0
3744,L,302.5,311.4,1409,53.1,126,0
3745,L,302.6,311.4,1738,25.8,128,0
3746,H,302.5,311.3,1393,47.5,130,0
3747,L,302.5,311.1,1499,38.8,135,0
3748,L,302.5,311.1,1493,39.0,137,0
3749,L,302.4,311.1,1652,33.9,139,0
3750,L,302.3,311.1,1589,29.9,141,0
3751,L,302.4,311.1,1520,42.2,143,0
3752,H,302.3,311.1,1455,40.3,145,0
3753,L,302.2,311.0,1463,46.8,150,0
3754,L,302.3,311.0,1442,43.7,152,0
3755,L,302.3,311.0,1329,51.5,154,0
3756,L,302.3,311.1,1546,33.1,156,0
3757,M,302.2,311.1,1516,33.7,158,0
3758,M,302.2,311.0,1476,47.4,161,0
3759,L,302.3,311.0,1412,47.0,164,0
3760,L,302.3,310.9,1377,46.8,166,1
3761,M,302.4,311.0,1490,37.1,168,0
3762,M,302.3,311.0,1526,37.7,171,0
3763,L,302.3,311.0,1428,47.9,174,0
3764,L,302.4,311.0,1329,54.6,176,0
3765,M,302.4,311.1,1443,51.8,178,0
3766,L,302.3,311.1,1373,53.0,181,0
3767,L,302.3,311.1,1630,35.6,183,0
3768,L,302.2,311.0,1555,34.2,185,0
3769,M,302.2,311.0,1436,47.0,187,0
3770,L,302.3,311.0,1609,31.0,190,0
3771,M,302.3,311.0,1384,49.7,192,0
3772,L,302.4,311.1,1448,44.8,195,0
3773,M,302.4,311.1,1887,22.4,197,0
3774,M,302.4,311.1,1480,45.7,200,0
3775,H,302.5,311.1,1850,23.3,203,0
3776,L,302.5,311.1,1538,36.8,208,0
3777,M,302.4,311.1,1721,30.1,210,0
3778,M,302.4,311.1,1366,54.4,0,0
3779,L,302.3,311.0,1657,31.1,3,0
3780,L,302.4,311.1,1446,42.9,5,0
3781,L,302.3,310.8,1465,43.8,7,0
3782,L,302.2,310.8,1827,23.8,9,0
3783,H,302.2,310.8,1397,47.6,11,0
3784,L,302.2,310.8,1744,29.7,16,0
3785,L,302.3,310.9,1545,36.7,18,0
3786,L,302.3,310.9,1587,36.6,20,0
3787,L,302.3,310.8,1377,47.3,22,1
3788,L,302.3,310.8,1511,48.1,24,0
3789,L,302.3,310.8,1650,32.4,26,0
3790,L,302.3,310.9,1412,48.9,28,0
3791,L,302.3,311.0,1528,43.1,30,0
3792,L,302.3,310.9,1459,35.0,32,0
3793,L,302.3,310.9,1379,49.3,34,1
3794,M,302.2,310.8,1356,48.3,36,0
3795,M,302.1,310.8,1409,41.3,39,0
3796,M,302.1,310.8,1504,37.5,42,0
3797,L,302.1,310.8,1622,36.8,45,0
3798,L,302.1,310.8,1786,25.7,47,0
3799,L,302.2,310.9,1506,34.0,49,0
3800,M,302.1,310.9,1916,23.1,51,0
3801,M,302.2,310.9,1771,27.6,54,0
3802,M,302.2,310.9,1488,44.2,57,0
3803,L,302.2,310.9,1531,37.5,60,0
3804,L,302.3,310.9,1529,33.4,62,0
3805,M,302.4,311.0,1580,36.5,64,0
3806,M,302.3,310.9,1360,44.0,67,1
3807,M,302.3,311.0,1546,35.5,70,0
3808,M,302.3,310.9,1762,24.5,73,0
3809,L,302.2,310.8,1350,56.6,76,0
3810,M,302.2,310.8,1562,38.1,78,0
3811,M,302.1,310.7,1608,30.3,81,0
3812,L,302.0,310.6,1392,50.0,84,0
3813,L,302.0,310.6,1467,44.9,86,0
3814,M,302.1,310.6,1326,59.1,88,1
3815,L,302.2,310.7,1769,24.9,91,0
3816,L,302.1,310.6,1459,47.6,93,0
3817,M,302.1,310.6,1421,52.0,95,0
3818,L,302.1,310.7,1491,42.8,98,0
3819,L,302.2,310.7,1567,36.4,100,0
3820,L,302.3,310.8,1421,41.4,102,0
3821,L,302.3,310.9,1596,33.5,104,0
3822,M,302.4,311.0,1464,44.2,106,0
3823,M,302.3,310.9,1581,36.1,109,0
3824,L,302.3,310.9,1620,30.3,112,0
3825,H,302.2,310.7,1413,48.9,114,0
3826,H,302.3,310.8,1438,43.8,119,0
3827,M,302.4,310.9,1469,41.6,124,0
3828,M,302.3,310.8,1762,27.8,127,0
3829,H,302.3,310.9,1366,48.4,130,1
3830,L,302.3,310.9,1891,22.7,135,0
3831,M,302.3,310.9,1742,29.7,137,0
3832,M,302.2,310.9,1465,43.5,140,0
3833,M,302.3,311.0,1541,36.6,143,0
3834,M,302.3,311.1,1295,57.1,146,0
3835,M,302.3,311.1,1435,43.1,149,0
3836,L,302.4,311.2,1466,43.9,152,0
3837,L,302.4,311.2,1450,47.9,154,0
3838,L,302.4,311.1,1880,24.5,156,0
3839,M,302.3,311.0,1578,33.5,158,0
3840,L,302.4,311.0,1610,33.1,161,0
3841,L,302.4,311.1,1565,42.8,163,0
3842,L,302.5,311.2,1545,40.1,165,0
3843,L,302.5,311.2,1227,60.1,167,0
3844,L,302.4,311.1,1484,45.9,169,0
3845,L,302.3,311.0,1591,32.7,171,0
3846,L,302.3,310.9,1403,47.2,173,0
3847,M,302.3,311.0,1450,45.7,175,0
3848,L,302.3,310.9,1720,28.1,178,0
3849,L,302.3,311.0,1561,37.2,180,0
3850,M,302.3,311.0,1421,41.3,182,0
3851,H,302.2,310.9,1415,48.4,185,0
3852,L,302.3,310.9,2034,19.7,190,0
3853,L,302.4,311.0,1486,40.4,192,0
3854,L,302.4,311.0,1338,67.6,194,1
3855,H,302.4,311.1,1578,32.3,196,0
3856,M,302.4,311.2,1330,58.6,201,0
3857,H,302.4,311.2,1506,40.8,204,0
3858,L,302.5,311.4,1559,37.6,209,0
3859,L,302.6,311.5,1599,37.0,211,0
3860,L,302.6,311.5,1427,38.9,213,0
3861,M,302.5,311.5,1481,41.1,215,0
3862,H,302.5,311.5,1496,43.8,218,0
3863,L,302.5,311.4,1674,27.0,223,0
3864,M,302.5,311.4,1629,31.7,225,0
3865,H,302.6,311.5,1629,34.4,228,1
3866,L,302.6,311.6,1311,53.2,0,0
3867,M,302.7,311.6,2709,9.7,2,1
3868,M,302.7,311.7,1759,29.9,5,0
3869,L,302.7,311.7,1480,45.2,8,0
3870,L,302.7,311.8,1461,46.1,10,0
3871,M,302.7,311.8,1728,30.0,12,0
3872,L,302.7,311.9,1389,46.5,15,0
3873,L,302.6,311.8,1638,35.1,17,0
3874,L,302.6,311.7,1254,54.1,19,0
3875,L,302.6,311.8,1427,50.1,21,0
3876,L,302.6,311.8,1627,31.8,23,0
3877,H,302.6,311.7,1471,48.3,25,0
3878,L,302.6,311.7,1773,27.1,30,0
3879,M,302.6,311.7,1430,51.7,32,0
3880,L,302.5,311.6,1595,29.5,35,0
3881,L,302.5,311.5,1521,44.1,37,0
3882,L,302.5,311.6,1419,43.7,39,0
3883,M,302.4,311.4,1534,40.1,41,0
3884,H,302.5,311.5,1626,36.0,44,0
3885,L,302.5,311.5,1677,29.2,49,0
3886,L,302.4,311.3,1392,50.5,51,0
3887,L,302.4,311.2,1448,50.5,53,0
3888,L,302.3,311.2,1903,22.9,55,0
3889,L,302.4,311.2,1404,52.0,57,0
3890,L,302.3,311.2,1386,53.5,59,0
3891,L,302.2,311.1,1418,47.0,61,0
3892,M,302.3,311.1,1338,53.3,63,0
3893,L,302.3,311.2,1549,40.6,66,0
3894,M,302.3,311.2,1432,42.7,68,0
3895,M,302.3,311.2,1546,40.0,71,0
3896,M,302.2,311.2,1627,33.2,74,0
3897,M,302.2,311.1,1640,32.8,77,0
3898,M,302.1,311.1,1423,36.8,80,0
3899,M,302.1,311.0,1711,28.7,83,0
3900,M,302.1,311.1,1450,51.6,86,0
3901,H,302.2,311.1,1553,34.1,89,0
3902,L,302.2,311.1,1630,34.6,94,0
3903,H,302.2,311.1,1476,39.6,96,0
3904,H,302.2,311.1,1426,50.6,101,0
3905,M,302.2,311.2,1561,34.9,106,0
3906,L,302.3,311.2,1297,62.5,109,0
3907,M,302.3,311.2,1842,23.9,111,0
3908,L,302.3,311.2,1633,36.4,114,0
3909,H,302.3,311.3,1744,30.3,116,0
3910,L,302.4,311.4,1831,26.9,121,0
3911,M,302.3,311.3,1339,50.8,123,0
3912,L,302.4,311.4,1475,40.4,126,0
3913,M,302.4,311.4,1675,29.6,128,0
3914,L,302.5,311.5,1493,35.1,131,0
3915,L,302.5,311.5,1700,29.5,133,0
3916,L,302.6,311.6,1453,37.0,135,0
3917,L,302.6,311.7,1542,34.1,137,0
3918,M,302.5,311.5,1358,52.7,139,0
3919,H,302.5,311.5,1655,32.3,142,0
3920,L,302.6,311.5,1885,27.5,147,0
3921,L,302.7,311.5,1494,41.4,149,0
3922,M,302.6,311.4,1757,29.5,151,0
3923,M,302.6,311.4,1718,31.2,154,0
3924,M,302.5,311.4,1636,35.0,157,0
3925,L,302.6,311.6,1638,29.6,160,0
3926,L,302.6,311.5,1609,36.0,162,0
3927,H,302.7,311.5,1556,35.0,164,0
3928,L,302.6,311.5,1442,59.8,169,1
3929,M,302.7,311.6,1501,38.8,171,0
3930,M,302.6,311.6,2041,19.2,174,0
3931,M,302.7,311.7,1784,25.1,177,0
3932,L,302.6,311.6,1953,22.4,180,0
3933,L,302.6,311.6,1576,34.7,182,0
3934,M,302.6,311.6,1518,39.0,184,0
3935,M,302.6,311.6,1227,68.2,187,1
3936,L,302.5,311.5,1985,18.8,190,0
3937,L,302.5,311.5,1802,26.4,192,0
3938,L,302.5,311.5,1603,32.4,194,0
3939,L,302.5,311.6,1400,54.0,196,0
3940,L,302.3,311.5,1395,54.2,198,0
3941,L,302.2,311.4,1987,19.9,200,0
3942,M,302.2,311.4,1398,47.2,202,0
3943,L,302.3,311.4,1333,66.7,205,1
3944,L,302.2,311.2,1381,49.4,207,0
3945,L,302.2,311.3,1570,36.1,0,0
3946,M,302.2,311.3,1658,31.0,2,0
3947,H,302.2,311.3,1749,29.2,5,0
3948,M,302.2,311.3,1510,37.1,10,0
3949,L,302.3,311.5,1384,50.8,13,0
3950,L,302.3,311.4,1570,37.2,15,0
3951,M,302.3,311.4,1571,32.7,17,0
3952,L,302.3,311.4,1476,37.3,20,0
3953,M,302.3,311.4,1484,39.5,22,0
3954,M,302.3,311.4,1909,23.2,25,0
3955,L,302.3,311.5,1448,49.6,28,0
3956,M,302.3,311.4,1500,40.2,30,0
3957,L,302.2,311.4,1510,44.9,33,0
3958,L,302.2,311.3,1378,55.5,35,0
3959,M,302.2,311.4,1538,37.4,37,0
3960,L,302.2,311.4,1390,48.1,40,0
3961,M,302.2,311.4,1642,32.1,42,0
3962,L,302.4,311.5,1785,24.8,45,0
3963,H,302.3,311.5,1526,38.2,47,0
3964,M,302.3,311.6,1668,33.2,52,0
3965,L,302.3,311.5,1507,37.5,55,0
3966,L,302.3,311.5,1530,37.8,57,0
3967,M,302.3,311.4,1479,45.6,59,0
3968,M,302.3,311.4,1418,41.3,62,0
3969,L,302.3,311.4,1504,38.7,65,0
3970,M,302.3,311.4,1345,47.6,67,0
3971,H,302.2,311.4,1625,35.4,70,0
3972,L,302.3,311.4,1511,34.7,75,0
3973,L,302.3,311.4,1535,41.8,77,0
3974,L,302.4,311.5,1505,37.9,79,0
3975,H,302.4,311.5,1540,43.7,81,0
3976,H,302.3,311.4,1372,46.0,86,0
3977,M,302.2,311.3,1510,36.6,91,0
3978,L,302.2,311.3,1382,46.4,94,0
3979,L,302.3,311.3,1439,41.8,96,0
3980,M,302.2,311.3,1375,47.0,98,0
3981,M,302.2,311.3,1931,21.9,101,0
3982,L,302.2,311.3,1475,48.6,104,0
3983,L,302.2,311.3,1389,46.9,106,0
3984,L,302.3,311.3,1652,32.8,108,0
3985,L,302.3,311.2,1386,50.3,110,0
3986,M,302.2,311.3,1577,29.8,112,0
3987,M,302.3,311.3,1444,43.1,115,0
3988,L,302.2,311.3,1554,40.2,118,0
3989,L,302.2,311.3,1602,32.8,120,0
3990,H,302.2,311.2,1692,28.2,122,0
3991,L,302.3,311.3,1682,34.4,127,0
3992,L,302.3,311.3,1614,34.1,129,0
3993,L,302.3,311.3,1324,47.8,131,0
3994,L,302.3,311.4,1434,40.3,133,0
3995,L,302.3,311.3,1621,31.6,135,0
3996,M,302.3,311.3,1625,33.1,137,0
3997,L,302.2,311.1,1394,53.7,140,0
3998,L,302.1,311.0,1586,35.1,142,0
3999,L,302.0,311.0,1420,45.9,144,0
4000,L,302.1,311.2,1422,50.3,146,0
4001,H,302.1,311.2,1598,37.9,148,0
4002,L,302.1,311.2,1454,59.2,153,1
4003,L,302.1,311.2,1519,39.3,155,0
4004,L,302.0,311.1,1373,55.7,157,0
4005,M,302.0,311.1,1406,48.8,159,0
4006,L,302.1,311.2,1492,45.0,162,0
4007,L,302.1,311.2,1369,50.8,164,0
4008,M,302.2,311.2,1471,41.9,166,0
4009,L,302.2,311.2,1630,36.0,169,0
4010,M,302.1,311.1,1605,37.6,171,0
4011,L,302.2,311.1,1447,52.1,174,0
4012,M,302.2,311.2,1360,52.8,176,0
4013,M,302.2,311.1,1728,34.0,179,0
4014,L,302.1,311.0,1740,30.8,182,0
4015,L,302.1,310.9,1477,41.4,184,0
4016,L,302.1,310.9,1658,30.3,186,0
4017,L,302.0,310.8,1902,23.4,188,0
4018,M,302.0,310.8,1783,23.1,190,0
4019,M,302.0,310.9,1558,45.3,193,0
4020,L,302.1,311.0,1351,49.5,196,0
4021,H,302.1,310.9,1452,42.5,198,0
4022,L,302.1,310.9,1666,30.7,203,0
4023,L,302.1,311.0,1364,50.0,205,0
4024,M,302.1,311.0,1351,60.3,207,1
4025,H,302.1,311.0,1729,26.1,210,0
4026,M,302.1,311.0,1574,34.1,215,0
4027,L,302.0,311.0,1566,37.8,218,0
4028,L,302.0,310.9,1455,43.2,220,0
4029,H,302.0,310.9,1679,29.0,222,0
4030,L,302.0,310.8,2143,17.3,227,0
4031,L,302.0,310.8,1447,42.7,229,0
4032,L,302.0,310.8,1383,50.3,231,1
4033,L,302.1,310.8,1772,27.1,233,0
4034,L,302.0,310.8,1615,29.0,235,1
4035,L,302.0,310.8,1454,36.6,0,0
4036,L,302.0,310.8,1445,49.1,2,0
4037,M,302.0,310.8,1609,35.2,4,0
4038,L,302.0,310.9,1546,34.4,7,0
4039,L,301.9,310.8,1567,39.3,9,0
4040,L,302.0,310.8,1767,27.4,11,0
4041,L,302.0,310.9,1539,34.2,13,0
4042,L,302.0,310.9,1564,39.0,15,0
4043,M,302.0,310.8,1445,46.3,17,0
4044,M,301.9,310.9,1419,47.7,20,1
4045,M,301.8,310.9,1881,20.9,23,0
4046,M,301.9,310.9,1421,46.2,26,0
4047,L,301.9,311.0,1455,46.0,29,0
4048,L,301.9,311.0,2691,12.1,31,1
4049,L,301.8,310.8,1505,41.2,33,0
4050,L,301.8,310.8,1456,46.6,35,0
4051,L,301.8,310.8,1383,46.4,37,0
4052,M,301.9,310.8,1563,39.2,39,0
4053,M,301.9,310.9,2305,16.1,42,0
4054,M,301.9,310.9,1456,43.6,45,0
4055,L,302.0,311.0,1865,22.7,48,0
4056,L,301.9,310.9,1597,36.9,50,0
4057,L,302.0,310.9,1495,38.6,52,0
4058,M,302.0,310.9,1456,47.2,54,0
4059,L,301.9,310.8,1465,44.3,57,0
4060,M,302.0,310.9,1352,55.5,59,0
4061,L,301.9,310.8,1906,21.7,62,0
4062,L,302.0,310.9,1446,44.0,64,0
4063,L,302.0,310.8,1948,19.7,66,0
4064,L,301.9,310.7,1480,47.1,68,0
4065,M,301.9,310.7,1511,37.6,70,0
4066,M,301.9,310.7,1472,47.0,73,0
4067,L,301.9,310.7,1429,51.0,76,0
4068,L,301.9,310.7,1405,48.8,78,0
4069,M,301.9,310.7,1405,47.9,80,0
4070,L,302.0,310.7,1348,58.1,83,0
4071,L,301.9,310.6,1331,68.6,85,1
4072,L,301.9,310.6,1610,33.4,87,0
4073,M,301.9,310.6,1412,46.5,89,0
4074,L,302.0,310.7,1453,42.7,92,0
4075,L,302.0,310.6,1583,38.9,94,0
4076,M,302.0,310.6,1539,37.4,96,0
4077,L,302.0,310.5,1635,39.8,99,0
4078,H,302.1,310.7,1294,62.4,101,1
4079,L,302.0,310.5,1978,22.0,106,0
4080,L,302.0,310.4,1357,58.0,108,1
4081,L,302.0,310.4,1336,58.2,110,1
4082,L,302.0,310.4,1568,39.2,112,0
4083,M,302.0,310.4,1567,36.4,114,0
4084,L,302.0,310.4,1611,35.6,117,0
4085,H,302.0,310.5,1841,23.6,119,0
4086,L,302.0,310.5,1567,36.1,124,0
4087,L,301.9,310.4,1376,54.9,126,1
4088,L,301.9,310.5,1477,42.4,128,0
4089,M,301.9,310.5,1590,40.3,130,0
4090,L,302.0,310.5,2197,15.8,133,0
4091,M,302.0,310.4,1595,32.9,135,0
4092,H,302.0,310.5,1812,24.4,138,0
4093,M,302.0,310.5,1573,32.1,143,0
4094,L,302.0,310.5,1651,30.9,146,0
4095,H,302.0,310.5,1459,43.2,148,0
4096,L,301.9,310.4,1370,51.7,153,1
4097,L,301.9,310.4,1518,34.1,155,0
4098,L,302.0,310.3,1648,29.6,157,0
4099,L,302.0,310.4,1464,47.2,159,0
4100,L,302.0,310.4,1895,23.2,161,0
4101,L,301.9,310.4,1884,23.4,163,0
4102,L,302.0,310.4,1450,46.6,165,0
4103,L,302.0,310.4,1448,43.4,167,0
4104,L,302.1,310.5,1389,49.6,169,0
4105,L,302.0,310.6,1583,35.2,171,0
4106,L,301.9,310.5,1425,51.1,173,0
4107,L,302.0,310.5,1809,27.1,175,0
4108,L,301.9,310.5,1892,21.8,177,0
4109,M,301.9,310.6,1475,47.8,179,0
4110,L,302.0,310.6,1361,46.7,182,0
4111,M,302.0,310.6,1563,41.0,184,0
4112,H,301.9,310.5,1472,39.7,187,0
4113,L,302.0,310.6,1325,55.3,192,0
4114,L,302.0,310.6,1358,53.1,194,0
4115,H,302.0,310.6,1346,54.7,196,0
4116,M,302.0,310.5,1381,58.4,201,0
4117,L,301.9,310.5,1340,55.7,204,1
4118,L,302.0,310.6,1366,47.7,206,0
4119,L,302.1,310.7,1325,45.1,208,1
4120,M,302.1,310.7,1376,46.3,210,1
4121,M,302.1,310.7,1364,47.8,213,1
4122,L,302.2,310.6,1462,43.6,0,0
4123,M,302.1,310.6,1517,38.9,2,0
4124,L,302.1,310.6,1385,53.6,5,0
4125,L,302.1,310.6,1439,40.0,7,0
4126,M,302.0,310.6,1623,34.3,9,0
4127,H,302.0,310.6,1438,43.2,12,0
4128,L,301.9,310.4,1708,24.8,17,0
4129,M,301.8,310.3,1666,32.7,19,0
4130,L,301.9,310.4,1286,62.8,22,1
4131,L,301.9,310.3,1485,46.3,24,0
4132,M,301.8,310.3,1409,52.5,26,0
4133,L,301.8,310.3,1765,27.3,29,0
4134,L,301.8,310.3,1688,28.8,31,0
4135,M,301.7,310.3,1787,26.7,33,0
4136,L,301.7,310.1,1487,48.0,36,0
4137,L,301.7,310.1,1384,50.5,38,0
4138,L,301.7,310.2,1311,57.4,40,1
4139,H,301.7,310.2,1620,30.8,42,0
4140,L,301.7,310.2,1331,61.2,47,1
4141,H,301.7,310.1,1462,38.3,49,0
4142,L,301.7,310.1,1424,50.2,54,0
4143,L,301.7,310.1,1500,39.6,56,0
4144,L,301.8,310.1,1738,28.0,58,0
4145,M,301.8,310.3,1465,46.5,60,0
4146,L,301.8,310.3,1482,41.4,63,0
4147,L,301.9,310.3,1398,44.0,65,0
4148,L,301.9,310.3,1972,21.3,67,0
4149,L,301.9,310.4,1603,37.6,69,0
4150,L,301.9,310.4,1610,34.8,71,0
4151,M,301.9,310.4,1373,48.0,73,1
4152,M,302.0,310.5,1425,44.7,76,0
4153,M,302.0,310.4,1212,55.6,79,1
4154,M,302.0,310.4,1828,26.3,82,0
4155,L,302.0,310.5,1370,44.4,85,1
4156,M,302.0,310.5,1823,25.1,87,0
4157,L,302.0,310.5,1263,60.6,90,1
4158,L,301.9,310.4,1889,21.5,92,0
4159,M,302.0,310.5,1639,32.9,94,0
4160,M,302.0,310.4,1608,33.1,97,0
4161,H,301.9,310.3,1653,32.4,100,0
4162,L,302.0,310.4,1591,29.8,105,0
4163,L,302.1,310.5,1696,30.9,107,0
4164,L,302.2,310.6,1346,47.5,109,1
4165,M,302.2,310.5,1507,40.4,111,0
4166,H,302.3,310.6,1525,48.7,114,0
4167,M,302.3,310.7,1559,33.9,119,0
4168,L,302.2,310.6,1632,30.5,122,0
4169,L,302.1,310.5,1559,36.0,124,0
4170,M,302.2,310.6,1355,51.5,126,1
4171,M,302.2,310.5,1832,23.7,129,0
4172,L,302.2,310.6,1386,50.0,132,0
4173,M,302.2,310.6,1346,49.2,134,1
4174,L,302.3,310.7,1499,37.8,137,0
4175,L,302.3,310.7,1612,33.4,139,0
4176,M,302.3,310.7,1544,39.7,141,0
4177,L,302.5,310.9,1477,39.2,144,0
4178,L,302.5,310.9,1624,34.4,146,0
4179,L,302.4,310.9,1349,46.1,148,1
4180,L,302.4,310.8,1686,28.8,150,0
4181,M,302.4,310.7,1521,40.4,152,0
4182,L,302.4,310.7,1362,54.8,155,1
4183,L,302.3,310.7,1402,50.9,157,0
4184,L,302.2,310.6,1334,53.2,159,1
4185,L,302.2,310.6,1348,48.4,161,1
4186,M,302.2,310.6,1570,34.6,163,0
4187,M,302.2,310.7,1601,33.0,166,0
4188,M,302.3,310.8,1611,31.8,169,0
4189,L,302.4,310.9,1560,31.8,172,0
4190,H,302.4,310.9,1444,40.7,174,0
4191,L,302.4,311.0,1317,59.4,179,0
4192,M,302.5,311.0,1463,43.1,181,0
4193,L,302.4,311.1,1634,34.2,184,0
4194,L,302.4,311.0,1423,46.2,186,0
4195,L,302.5,311.0,1548,38.4,188,0
4196,M,302.5,311.0,1563,35.6,190,0
4197,L,302.4,311.0,1573,36.5,193,0
4198,M,302.4,311.1,1432,44.5,195,0
4199,M,302.5,311.1,1638,32.0,198,0
4200,L,302.5,311.1,1571,34.2,201,0
4201,L,302.4,311.0,2211,15.4,203,0
4202,L,302.4,311.0,1555,40.6,205,0
4203,M,302.3,310.9,1558,31.9,207,0
4204,M,302.3,310.9,1523,43.2,210,0
4205,L,302.3,310.8,1723,26.3,213,0
4206,M,302.3,310.8,1721,28.4,215,0
4207,M,302.3,310.9,1710,30.4,218,1
4208,M,302.3,310.9,1627,32.3,0,0
4209,M,302.2,310.8,1422,47.0,3,0
4210,L,302.1,310.8,1565,35.3,6,0
4211,L,302.1,310.7,1314,52.8,8,1
4212,M,302.0,310.6,1392,60.5,10,0
4213,L,302.1,310.7,1465,40.7,13,0
4214,L,301.9,310.6,1573,36.6,15,0
4215,M,302.0,310.7,2157,17.8,17,0
4216,L,301.9,310.7,1370,50.3,20,0
4217,L,301.9,310.6,1462,38.8,22,0
4218,M,302.0,310.6,1479,40.5,24,0
4219,L,301.9,310.7,1717,26.8,27,0
4220,M,301.9,310.6,1260,65.9,29,0
4221,L,301.9,310.6,1467,39.3,32,0
4222,M,302.0,310.6,1535,38.6,34,0
4223,L,302.0,310.7,1657,31.9,37,0
4224,L,302.0,310.7,1698,28.1,39,0
4225,L,302.1,310.7,1359,49.3,41,1
4226,L,302.1,310.8,1596,37.1,43,0
4227,L,302.2,310.8,1383,46.9,45,0
4228,L,302.2,310.8,2203,16.6,47,0
4229,M,302.2,310.8,1408,46.8,49,0
4230,L,302.2,310.8,1673,32.9,52,0
4231,L,302.2,310.8,1340,47.8,54,0
4232,L,302.2,310.9,1452,42.3,56,0
4233,M,302.2,310.9,1302,53.4,58,0
4234,H,302.2,310.9,1522,35.9,61,0
4235,L,302.2,310.8,1438,41.4,66,0
4236,L,302.2,310.9,1604,40.5,68,0
4237,L,302.2,311.0,1832,23.2,70,0
4238,M,302.3,311.0,1521,34.8,72,0
4239,L,302.3,311.0,1446,37.6,75,0
4240,L,302.4,311.1,1905,20.9,77,0
4241,L,302.4,311.0,1475,47.9,79,0
4242,L,302.4,311.0,1462,48.5,81,0
4243,M,302.4,310.9,1435,42.3,83,0
4244,L,302.4,310.9,1469,39.6,86,0
4245,M,302.6,311.1,1520,43.0,88,0
4246,L,302.6,311.0,1537,35.5,91,0
4247,L,302.6,311.0,1369,60.0,93,1
4248,L,302.6,311.0,1506,37.2,95,0
4249,L,302.5,310.9,1330,56.9,97,1
4250,L,302.6,311.0,1660,38.0,99,0
4251,H,302.5,310.9,1356,55.5,101,1
4252,H,302.6,311.0,1438,51.0,106,0
4253,M,302.6,311.0,1329,48.6,111,1
4254,L,302.6,311.0,1284,68.0,114,1
4255,M,302.5,311.0,1387,52.1,116,0
4256,M,302.6,311.0,1591,33.9,119,0
4257,M,302.6,311.0,1589,39.0,122,0
4258,M,302.7,311.1,1297,60.7,125,1
4259,L,302.7,311.2,1545,35.1,128,0
4260,H,302.7,311.1,1418,43.4,130,0
4261,L,302.7,311.1,1730,28.1,135,0
4262,L,302.6,311.0,2001,20.7,137,0
4263,L,302.6,311.0,1620,36.2,139,0
4264,M,302.6,311.0,1542,39.7,141,0
4265,L,302.6,311.0,1424,38.0,144,0
4266,L,302.7,311.1,1440,39.5,146,0
4267,L,302.6,311.0,1520,42.8,148,0
4268,L,302.7,311.0,1694,29.8,150,0
4269,L,302.6,311.0,1610,39.2,152,0
4270,L,302.6,310.9,1331,52.0,154,1
4271,L,302.6,310.8,1470,41.2,156,0
4272,L,302.5,310.8,1577,36.9,158,0
4273,L,302.6,310.8,1486,36.4,160,0
4274,L,302.4,310.6,1445,40.3,162,0
4275,M,302.4,310.5,1500,36.7,164,0
4276,M,302.2,310.4,1456,47.5,167,0
4277,L,302.2,310.4,1743,28.1,170,0
4278,L,302.0,310.1,1409,50.4,172,0
4279,L,302.0,310.1,1361,45.4,174,1
4280,L,302.1,310.1,1753,28.9,176,0
4281,L,302.0,310.0,1832,22.9,178,0
4282,L,301.9,309.9,1374,48.5,180,1
4283,M,301.8,309.9,1334,61.0,182,1
4284,L,301.8,310.0,1493,40.3,185,0
4285,L,301.7,309.9,1317,49.0,187,1
4286,M,301.7,309.9,1434,47.9,189,0
4287,M,301.7,309.9,1457,39.2,192,0
4288,M,301.7,310.0,1391,50.6,195,0
4289,M,301.8,310.0,1781,23.9,198,0
4290,L,301.8,310.0,1642,32.6,201,0
4291,L,301.8,310.0,2032,19.0,203,0
4292,M,301.8,310.1,2372,13.9,205,1
4293,L,301.8,310.0,1393,44.9,208,0
4294,M,301.7,310.1,1743,27.3,210,0
4295,L,301.8,310.2,1457,40.4,213,0
4296,L,301.8,310.2,2825,5.8,215,1
4297,M,301.8,310.2,1609,34.2,217,0
4298,M,301.8,310.2,1437,42.3,0,0
4299,L,301.7,310.1,1402,50.1,3,0
4300,M,301.7,310.1,1644,34.6,5,0
4301,L,301.7,310.2,1471,51.1,8,0
4302,L,301.7,310.1,2695,12.6,10,0
4303,L,301.7,310.2,1435,48.1,12,0
4304,L,301.6,310.1,1694,26.3,14,0
4305,L,301.6,310.1,1687,26.6,16,0
4306,L,301.6,310.0,1869,22.9,18,0
4307,L,301.4,309.9,1259,63.9,20,1
4308,H,301.4,309.9,1460,47.2,22,0
4309,M,301.3,309.9,1501,39.5,27,0
4310,L,301.4,310.0,1776,25.6,30,0
4311,M,301.5,310.1,1468,40.8,32,0
4312,L,301.5,310.1,1430,46.5,35,0
4313,L,301.4,310.1,1502,46.6,37,0
4314,H,301.4,310.1,1623,32.3,39,0
4315,M,301.4,310.0,1651,29.8,44,0
4316,L,301.5,310.1,1639,33.4,47,0
4317,M,301.5,310.0,1417,44.6,49,0
4318,L,301.5,310.1,1541,42.2,52,0
4319,M,301.6,310.2,1411,45.1,54,0
4320,L,301.7,310.3,1397,44.6,57,0
4321,L,301.7,310.2,1686,28.9,59,0
4322,M,301.7,310.1,1431,44.0,61,0
4323,L,301.8,310.3,1341,50.5,64,1
4324,L,301.7,310.2,1486,43.0,66,0
4325,L,301.6,310.2,1384,57.1,68,0
4326,L,301.6,310.1,1362,55.8,70,1
4327,H,301.7,310.1,1660,29.3,72,0
4328,L,301.6,310.1,1326,48.2,77,1
4329,L,301.6,310.0,1566,30.3,79,0
4330,L,301.5,309.8,1549,38.5,81,0
4331,M,301.6,309.9,1746,31.1,83,0
4332,M,301.7,309.9,1452,41.5,86,0
4333,L,301.6,309.8,1588,33.9,89,0
4334,L,301.6,309.8,1472,42.5,91,0
4335,L,301.7,309.9,1607,37.7,93,0
4336,H,301.6,309.9,1423,53.6,95,0
4337,L,301.6,309.9,1440,43.4,100,0
4338,L,301.6,309.9,1397,43.7,102,0
4339,L,301.7,309.9,1524,46.6,104,0
4340,M,301.7,309.9,1533,40.9,106,0
4341,L,301.7,309.8,1398,46.0,109,0
4342,M,301.7,309.8,1284,68.2,111,1
4343,L,301.7,309.8,1491,39.3,114,0
4344,H,301.8,309.9,1418,51.3,116,0
4345,M,301.8,309.8,1546,39.8,121,0
4346,L,301.8,309.7,1598,30.4,124,0
4347,H,301.9,309.8,1724,27.5,126,0
4348,L,301.9,309.8,1507,44.7,131,0
4349,L,301.9,309.7,1595,31.4,133,0
4350,M,301.9,309.7,1568,37.5,135,0
4351,L,301.8,309.6,1432,43.7,138,0
4352,L,301.9,309.7,1424,42.8,140,0
4353,M,302.0,309.7,1386,62.7,142,1
4354,L,302.0,309.8,1456,58.1,145,0
4355,H,302.0,309.8,1280,57.3,147,1
4356,L,302.0,309.8,1649,31.0,152,0
4357,L,302.0,309.9,1407,52.8,154,0
4358,H,302.0,309.9,1606,34.5,156,0
4359,M,302.1,310.0,1531,38.0,161,0
4360,L,302.1,310.1,1543,35.8,164,0
4361,M,302.1,310.1,1379,48.2,166,1
4362,L,302.1,310.1,1447,46.6,169,0
4363,H,302.1,310.1,1844,24.6,171,0
4364,H,302.1,310.1,1615,29.9,176,0
4365,L,302.0,310.0,1449,48.8,181,0
4366,L,302.0,309.9,1388,51.4,183,0
4367,H,302.0,309.9,1447,42.8,185,0
4368,L,302.0,310.0,1664,28.6,190,0
4369,H,302.0,309.9,1735,27.2,192,0
4370,L,302.0,309.9,1308,57.6,197,1
4371,L,302.0,309.8,1480,40.0,199,0
4372,M,301.9,309.6,1439,41.7,201,0
4373,M,301.9,309.7,1533,35.9,204,0
4374,L,302.0,309.7,1551,34.8,207,0
4375,L,302.0,309.7,1414,36.3,209,0
4376,M,301.9,309.6,1551,34.6,211,0
4377,M,301.8,309.6,1436,49.0,214,0
4378,M,301.9,309.6,1385,45.8,217,0
4379,M,301.8,309.5,1732,30.1,220,0
4380,L,301.9,309.6,1410,49.0,223,0
4381,L,301.9,309.6,1446,43.2,225,0
4382,L,301.8,309.5,1525,39.6,227,0
4383,L,301.7,309.5,1298,65.5,229,1
4384,L,301.8,309.6,1443,42.7,231,0
4385,L,301.8,309.7,1442,45.3,233,1
4386,L,301.9,309.7,1719,31.9,0,0
4387,L,302.0,309.8,1532,39.4,2,0
4388,L,302.0,309.8,1701,27.2,4,0
4389,M,302.1,310.0,1355,45.1,6,1
4390,M,302.2,310.1,1421,45.4,9,0
4391,M,302.2,310.1,1368,51.6,12,1
4392,L,302.2,310.1,1458,45.1,15,0
4393,M,302.2,310.1,1572,34.6,17,0
4394,L,302.2,310.0,1483,48.7,20,0
4395,L,302.3,310.1,1513,40.4,22,0
4396,H,302.3,310.1,1383,42.9,24,0
4397,L,302.4,310.2,1539,37.7,29,0
4398,M,302.3,310.1,1563,37.8,31,0
4399,L,302.3,310.1,1653,29.7,34,0
4400,L,302.3,310.1,1353,50.9,36,1
4401,H,302.2,310.0,1468,43.6,38,0
4402,H,302.3,310.2,1506,33.8,43,0
4403,L,302.3,310.1,1388,49.9,48,0
4404,M,302.4,310.2,1485,45.9,50,0
4405,L,302.4,310.2,1331,45.5,53,1
4406,L,302.5,310.3,1326,58.5,55,1
4407,L,302.3,310.2,1394,55.4,57,0
4408,L,302.4,310.1,2009,18.9,59,0
4409,M,302.4,310.1,1358,54.6,61,1
4410,L,302.5,310.2,1586,32.2,64,0
4411,L,302.5,310.3,1688,31.6,66,0
4412,L,302.6,310.5,1450,43.2,68,0
4413,M,302.7,310.5,1398,47.3,70,0
4414,L,302.7,310.5,1520,39.3,73,0
4415,L,302.6,310.4,1514,42.7,75,0
4416,M,302.6,310.4,1532,36.1,77,0
4417,L,302.6,310.4,1365,66.8,80,1
4418,L,302.6,310.3,1642,33.2,82,0
4419,M,302.6,310.2,2676,10.8,84,1
4420,H,302.6,310.2,1873,21.3,87,0
4421,L,302.6,310.2,1325,62.4,92,1
4422,M,302.6,310.2,2157,17.2,94,0
4423,M,302.6,310.2,1563,39.0,97,0
4424,M,302.6,310.2,1631,31.0,100,0
4425,L,302.5,310.2,1547,36.9,103,0
4426,L,302.6,310.3,1479,40.4,105,0
4427,M,302.4,310.1,1379,48.9,107,1
4428,L,302.4,310.1,1906,21.2,110,0
4429,M,302.3,310.1,1731,33.4,112,0
4430,H,302.3,310.1,1688,30.4,115,0
4431,H,302.3,310.2,1443,54.6,120,0
4432,L,302.4,310.2,1445,46.4,125,0
4433,H,302.4,310.2,1435,44.9,127,0
4434,L,302.4,310.1,1556,32.9,132,0
4435,L,302.3,310.1,1321,52.7,134,1
4436,M,302.4,310.1,1577,35.8,136,0
4437,L,302.4,310.2,1578,31.2,139,0
4438,L,302.4,310.1,1418,52.3,141,0
4439,M,302.4,310.2,1392,55.8,143,0
4440,L,302.5,310.3,1446,44.0,146,0
4441,L,302.5,310.2,1329,50.6,148,1
4442,L,302.5,310.2,1563,34.8,150,0
4443,L,302.5,310.3,1405,57.4,152,0
4444,L,302.4,310.2,2224,16.0,154,0
4445,L,302.5,310.2,1716,29.9,156,0
4446,L,302.5,310.3,1584,35.5,158,0
4447,M,302.5,310.3,1488,41.8,160,0
4448,L,302.4,310.3,1374,51.2,163,1
4449,M,302.4,310.3,1378,54.3,165,1
4450,L,302.5,310.3,1551,37.3,168,0
4451,L,302.5,310.3,1549,40.9,170,0
4452,M,302.5,310.3,1447,39.2,172,0
4453,L,302.4,310.2,1400,53.7,175,0
4454,L,302.4,310.1,1401,48.8,177,0
4455,H,302.4,310.1,1597,28.9,179,0
4456,L,302.3,310.1,1487,46.0,184,0
4457,M,302.5,310.3,1710,27.3,186,0
4458,L,302.6,310.4,1478,47.7,189,0
4459,L,302.6,310.4,1743,26.3,191,0
4460,L,302.6,310.5,1596,32.8,193,0
4461,L,302.7,310.5,1642,30.8,195,0
4462,L,302.7,310.5,1263,67.8,197,1
4463,L,302.8,310.6,2016,19.9,199,0
4464,L,302.8,310.6,1671,30.5,201,0
4465,L,302.8,310.6,1404,43.2,203,0
4466,L,302.8,310.6,1470,41.1,205,0
4467,L,302.8,310.6,1617,37.9,207,0
4468,L,302.7,310.5,1725,29.0,209,0
4469,L,302.7,310.5,1446,40.9,211,1
4470,L,302.7,310.6,1564,34.3,0,0
4471,L,302.8,310.6,1670,29.1,2,0
4472,L,302.7,310.6,1501,48.7,4,0
4473,L,302.7,310.5,1551,35.9,6,0
4474,L,302.7,310.5,1563,35.0,8,0
4475,L,302.7,310.5,1351,41.8,10,1
4476,L,302.6,310.4,1415,52.1,12,0
4477,L,302.6,310.3,1647,34.2,14,0
4478,L,302.5,310.2,1477,41.6,16,0
4479,L,302.6,310.2,1923,21.5,18,0
4480,H,302.7,310.4,1305,55.2,20,1
4481,M,302.6,310.4,1544,35.1,25,0
4482,H,302.7,310.5,1568,36.9,28,0
4483,L,302.7,310.4,1489,42.7,33,0
4484,M,302.6,310.4,1451,43.1,35,0
4485,L,302.7,310.4,1542,35.7,38,0
4486,M,302.6,310.5,1965,20.2,40,0
4487,L,302.5,310.5,1436,36.5,43,0
4488,M,302.5,310.4,1509,37.6,45,0
4489,L,302.5,310.4,1487,40.2,48,0
4490,L,302.5,310.4,1967,20.3,50,0
4491,H,302.6,310.4,1409,53.3,52,0
4492,M,302.6,310.5,1420,56.4,57,0
4493,L,302.7,310.5,1511,37.7,60,0
4494,H,302.6,310.4,1649,30.1,62,0
4495,L,302.6,310.4,1359,57.2,67,1
4496,M,302.5,310.4,1605,36.0,69,0
4497,L,302.5,310.3,1523,36.0,72,0
4498,H,302.6,310.4,1614,36.0,74,0
4499,H,302.6,310.3,1721,27.4,79,0
4500,L,302.6,310.4,1638,36.2,84,0
4501,L,302.5,310.2,1307,54.0,86,1
4502,L,302.4,310.2,1642,28.3,88,0
4503,M,302.5,310.2,1751,30.5,90,0
4504,L,302.4,310.1,1645,31.6,93,0
4505,L,302.4,310.1,1426,46.8,95,0
4506,M,302.4,310.1,1520,36.6,97,0
4507,L,302.4,310.1,1709,31.8,100,0
4508,L,302.4,310.0,1426,46.6,102,0
4509,L,302.4,310.1,1429,43.7,104,0
4510,L,302.4,310.2,1346,62.4,106,1
4511,L,302.5,310.2,1454,43.0,108,0
4512,M,302.5,310.3,1411,49.5,110,0
4513,L,302.4,310.3,1900,24.4,113,0
4514,L,302.4,310.3,1479,36.2,115,0
4515,L,302.5,310.4,1415,48.2,117,0
4516,L,302.5,310.3,1539,39.0,119,0
4517,L,302.4,310.3,1520,31.6,121,0
4518,L,302.4,310.3,1480,45.8,123,0
4519,L,302.4,310.4,1666,29.7,125,0
4520,L,302.4,310.4,1456,47.6,127,0
4521,L,302.4,310.4,1865,23.9,129,0
4522,M,302.5,310.5,1918,21.6,131,0
4523,L,302.5,310.4,1488,48.4,134,0
4524,M,302.5,310.5,1527,38.8,136,0
4525,M,302.4,310.4,1463,42.2,139,0
4526,L,302.4,310.4,1521,38.5,142,0
4527,M,302.4,310.5,1372,45.7,144,1
4528,L,302.5,310.5,1507,39.5,147,0
4529,M,302.4,310.4,1586,34.3,149,0
4530,L,302.5,310.4,1487,42.0,152,0
4531,L,302.5,310.5,1520,41.2,154,0
4532,H,302.5,310.4,1422,41.9,156,0
4533,M,302.4,310.3,1375,52.5,161,1
4534,L,302.4,310.2,1633,28.0,164,0
4535,L,302.4,310.2,1503,36.2,166,0
4536,L,302.4,310.2,1351,45.1,168,1
4537,L,302.3,310.2,1548,35.3,170,0
4538,L,302.4,310.3,1923,23.3,172,0
4539,L,302.5,310.3,1592,32.6,174,0
4540,M,302.5,310.4,1580,35.6,176,0
4541,L,302.5,310.4,1427,46.8,179,0
4542,M,302.5,310.4,1581,32.7,181,0
4543,M,302.6,310.5,1542,39.9,184,0
4544,L,302.5,310.4,1349,55.1,187,1
4545,L,302.5,310.5,1463,43.0,189,0
4546,M,302.5,310.4,1429,43.2,191,0
4547,M,302.5,310.4,1451,53.6,194,0
4548,L,302.6,310.5,1511,37.2,197,0
4549,L,302.6,310.6,1549,37.5,199,0
4550,M,302.5,310.5,1507,40.2,201,0
4551,M,302.6,310.5,1524,33.7,204,0
4552,M,302.7,310.5,1880,22.7,207,0
4553,L,302.6,310.5,1461,45.4,0,0
4554,L,302.6,310.5,1748,28.2,2,0
4555,L,302.7,310.6,1690,26.7,4,0
4556,M,302.7,310.6,1349,51.2,6,1
4557,L,302.7,310.6,1686,26.3,9,0
4558,L,302.7,310.7,1369,47.5,11,1
4559,L,302.7,310.7,1433,43.7,13,0
4560,L,302.7,310.7,1597,41.9,15,0
4561,L,302.9,310.8,1610,32.2,17,0
4562,L,302.7,310.7,1398,57.7,19,0
4563,L,302.7,310.7,1977,20.0,21,0
4564,L,302.8,310.8,1516,39.5,23,0
4565,H,302.7,310.8,1275,55.0,25,1
4566,L,302.8,310.8,1402,50.5,30,0
4567,M,302.8,310.8,1451,44.7,32,0
4568,M,302.7,310.8,1555,36.1,35,0
4569,L,302.8,310.9,1636,35.0,38,0
4570,L,302.8,310.9,1312,52.2,40,1
4571,L,302.8,310.9,1708,29.8,42,0
4572,M,302.9,311.0,1556,36.5,44,0
4573,H,302.8,311.0,1436,43.5,47,0
4574,M,302.9,311.0,1402,40.7,52,0
4575,M,302.9,311.0,1437,49.9,55,0
4576,M,302.9,311.1,1926,21.8,58,0
4577,L,303.0,311.2,1800,23.7,61,0
4578,L,303.0,311.2,1641,32.6,63,0
4579,L,303.0,311.2,1374,48.2,65,1
4580,L,303.0,311.2,1494,37.0,67,0
4581,L,303.0,311.2,1601,32.9,69,0
4582,L,302.9,311.2,1634,36.9,71,0
4583,M,302.9,311.2,1467,37.7,73,0
4584,L,302.8,311.1,1550,32.3,76,0
4585,L,302.8,311.1,1563,32.2,78,0
4586,L,302.7,310.9,1395,48.3,80,0
4587,M,302.8,311.0,1507,33.4,82,0
4588,L,302.8,311.0,1564,38.5,85,0
4589,L,302.8,311.1,1721,30.0,87,0
4590,L,302.8,311.1,1456,36.1,89,0
4591,H,302.9,311.2,2102,17.8,91,0
4592,L,302.9,311.1,1555,33.9,96,0
4593,L,303.0,311.2,1409,41.9,98,0
4594,M,303.0,311.2,1387,41.4,100,0
4595,M,303.0,311.2,1460,43.9,103,0
4596,L,303.0,311.2,1361,47.6,106,1
4597,M,303.0,311.1,1490,43.0,108,0
4598,L,303.1,311.2,1399,49.2,111,0
4599,L,303.1,311.1,1420,55.8,113,0
4600,L,303.0,311.0,1359,44.2,115,1
4601,M,303.0,311.1,1372,54.3,117,1
4602,M,303.0,311.0,1409,41.7,120,0
4603,H,302.9,311.0,1452,58.3,123,0
4604,L,302.9,311.0,1820,24.6,128,0
4605,H,302.9,311.0,1469,48.7,130,0
4606,L,302.9,311.1,1556,45.3,135,0
4607,L,303.0,311.1,1980,20.2,137,0
4608,M,303.0,311.2,1519,38.0,139,0
4609,L,303.0,311.2,1456,44.0,142,0
4610,L,303.1,311.2,1394,45.3,144,0
4611,L,303.0,311.3,1365,56.2,146,1
4612,L,303.0,311.3,2194,16.5,148,0
4613,L,303.1,311.3,1403,55.6,150,0
4614,H,303.0,311.2,1503,37.0,152,0
4615,L,303.0,311.3,1793,29.3,157,0
4616,L,303.1,311.4,1829,24.5,159,0
4617,M,303.1,311.4,1831,23.3,161,0
4618,M,303.0,311.3,1335,53.6,164,1
4619,H,303.1,311.3,2056,19.7,167,0
4620,L,303.1,311.3,1336,52.6,172,1
4621,L,303.0,311.2,1341,51.0,174,1
4622,M,303.0,311.1,1526,37.3,176,0
4623,L,303.0,311.1,1525,40.7,179,0
4624,M,303.0,311.1,1428,39.8,181,0
4625,L,303.0,311.2,1511,45.7,184,0
4626,L,303.0,311.2,1664,29.8,186,0
4627,M,303.0,311.2,1592,38.9,188,0
4628,M,303.0,311.1,1597,36.7,191,0
4629,L,303.0,311.2,1735,26.1,194,0
4630,L,302.9,311.2,1751,23.8,196,0
4631,L,303.0,311.2,1383,44.6,198,0
4632,M,302.9,311.2,1330,53.7,200,1
4633,L,303.0,311.2,1382,50.5,203,0
4634,L,303.0,311.2,1755,30.4,205,0
4635,M,303.0,311.2,1614,35.7,207,0
4636,L,303.0,311.3,1466,43.0,210,0
4637,M,303.1,311.3,1847,24.7,212,0
4638,L,303.1,311.3,1474,34.8,215,0
4639,L,303.1,311.3,1657,31.8,217,0
4640,L,303.1,311.2,1435,40.1,219,0
4641,H,303.1,311.3,1494,42.7,221,0
4642,L,303.2,311.4,1238,54.6,226,1
4643,L,303.2,311.4,1324,54.2,228,1
4644,L,303.2,311.4,1514,41.2,230,0
4645,L,303.3,311.4,1732,25.6,232,0
4646,L,303.3,311.4,1497,46.0,234,1
4647,L,303.3,311.4,1958,21.5,0,0
4648,L,303.3,311.4,1630,32.5,2,0
4649,M,303.3,311.4,1395,59.1,4,0
4650,L,303.3,311.4,1658,30.5,7,0
4651,L,303.2,311.4,1349,51.1,9,1
4652,L,303.1,311.2,1452,52.9,11,0
4653,M,303.1,311.1,1594,35.5,13,0
4654,M,303.1,311.0,1510,47.6,16,0
4655,L,303.1,311.1,1854,22.6,19,0
4656,L,303.1,311.2,1626,32.3,21,0
4657,L,303.1,311.2,1628,35.2,23,0
4658,L,303.1,311.2,1679,34.8,25,0
4659,M,303.1,311.2,1489,44.5,27,0
4660,L,303.2,311.2,1439,43.9,30,0
4661,L,303.3,311.3,1350,48.1,32,1
4662,H,303.3,311.2,1607,31.7,34,0
4663,L,303.3,311.3,1389,53.9,39,0
4664,M,303.3,311.3,1566,46.1,41,0
4665,M,303.4,311.4,1307,54.0,44,1
4666,M,303.3,311.5,1569,36.6,47,0
4667,H,303.3,311.4,1651,30.6,50,0
4668,H,303.3,311.4,1692,27.9,55,0
4669,M,303.3,311.5,1373,47.3,60,1
4670,L,303.2,311.4,1610,35.5,63,0
4671,L,303.3,311.4,1511,43.4,65,0
4672,L,303.3,311.5,1412,55.6,67,0
4673,L,303.4,311.5,1501,36.2,69,0
4674,L,303.4,311.5,1414,44.8,71,0
4675,H,303.5,311.5,1629,33.5,73,0
4676,L,303.4,311.5,1879,21.3,78,0
4677,H,303.5,311.6,1466,47.0,80,0
4678,H,303.6,311.7,1476,40.1,85,0
4679,L,303.6,311.8,1695,30.7,90,0
4680,L,303.6,311.7,1491,39.8,92,0
4681,M,303.6,311.8,1659,34.7,94,0
4682,L,303.6,311.8,1567,31.7,97,0
4683,L,303.6,311.8,1736,32.9,99,0
4684,M,303.6,311.8,1421,44.8,101,1
4685,M,303.6,311.8,1627,30.8,104,0
4686,M,303.5,311.6,1562,34.2,107,0
4687,L,303.5,311.6,2183,17.0,110,0
4688,L,303.5,311.6,1577,38.1,112,0
4689,M,303.4,311.5,1560,36.4,114,0
4690,M,303.4,311.5,1483,43.0,117,0
4691,L,303.5,311.5,1535,33.3,120,0
4692,M,303.4,311.4,1606,29.6,122,0
4693,M,303.4,311.5,1817,24.7,125,0
4694,L,303.4,311.5,1424,50.8,128,0
4695,L,303.3,311.6,1514,34.7,130,0
4696,L,303.4,311.6,1449,41.7,132,0
4697,M,303.5,311.6,1573,34.0,134,0
4698,L,303.4,311.6,1564,41.9,137,0
4699,L,303.5,311.6,1428,46.2,139,0
4700,L,303.5,311.7,1620,31.0,141,0
4701,H,303.5,311.7,1584,32.7,143,0
4702,L,303.6,311.8,1222,66.8,148,1
4703,M,303.6,311.8,1432,42.5,150,0
4704,L,303.7,311.9,1561,33.3,153,0
4705,L,303.6,311.8,1614,33.2,155,0
4706,L,303.5,311.7,1959,22.3,157,0
4707,L,303.5,311.8,1944,23.5,159,0
4708,L,303.4,311.7,1793,25.8,161,0
4709,M,303.4,311.6,1446,50.0,163,0
4710,L,303.4,311.7,1673,32.2,166,0
4711,M,303.4,311.7,1515,44.2,168,0
4712,L,303.4,311.8,1564,35.9,171,0
4713,L,303.5,311.8,1451,45.2,173,0
4714,H,303.4,311.8,1693,28.3,175,0
4715,L,303.4,311.7,1476,42.3,180,0
4716,L,303.4,311.6,1712,30.1,182,0
4717,M,303.4,311.6,1425,45.4,184,0
4718,L,303.3,311.6,1337,56.8,187,1
4719,M,303.4,311.7,1690,34.9,189,0
4720,M,303.4,311.7,1353,44.1,192,1
4721,L,303.5,311.8,1927,21.9,195,0
4722,M,303.4,311.8,1391,42.7,197,0
4723,L,303.4,311.8,1366,50.9,200,1
4724,L,303.4,311.9,1771,31.6,202,0
4725,M,303.4,311.8,1515,42.6,204,0
4726,M,303.4,311.8,2133,18.3,207,0
4727,M,303.4,311.8,1341,47.0,210,1
4728,L,303.4,311.7,1406,47.1,213,0
4729,L,303.4,311.8,1306,61.0,215,1
4730,L,303.3,311.7,1508,35.5,217,0
4731,L,303.3,311.6,1301,45.1,219,1
4732,L,303.3,311.7,1539,38.5,221,0
4733,L,303.3,311.6,1484,44.6,223,0
4734,L,303.2,311.5,1507,39.2,225,0
4735,L,303.2,311.5,1544,42.5,227,0
4736,L,303.2,311.5,1513,37.9,0,0
4737,M,303.2,311.5,1336,58.2,2,1
4738,M,303.2,311.4,2102,19.0,5,0
4739,L,303.2,311.4,1351,53.8,8,1
4740,L,303.3,311.5,1601,35.2,10,0
4741,L,303.2,311.3,1393,52.9,12,0
4742,L,303.3,311.3,1592,33.7,14,0
4743,L,303.3,311.3,1409,51.8,16,0
4744,L,303.3,311.3,1393,47.4,18,0
4745,H,303.2,311.2,1475,43.1,20,0
4746,L,303.2,311.2,1427,45.6,25,0
4747,L,303.3,311.2,1763,27.3,27,0
4748,L,303.2,311.2,1363,46.7,29,1
4749,L,303.2,311.2,1404,50.9,31,0
4750,M,303.2,311.2,1688,31.9,33,0
4751,L,303.3,311.4,1510,37.3,36,0
4752,H,303.3,311.3,1502,39.5,38,0
4753,H,303.2,311.4,1607,36.6,43,0
4754,M,303.3,311.5,1384,54.8,48,0
4755,L,303.4,311.7,1295,51.3,51,1
4756,H,303.4,311.7,1991,19.0,53,0
4757,L,303.4,311.6,1497,42.8,58,0
4758,L,303.5,311.6,1465,48.7,60,0
4759,L,303.5,311.6,1361,46.5,62,1
4760,L,303.6,311.7,1546,38.5,64,0
4761,H,303.7,311.9,1332,52.7,66,1
4762,M,303.7,312.0,2663,11.4,71,1
4763,L,303.7,312.1,1443,45.9,74,0
4764,M,303.7,312.0,1402,48.6,76,0
4765,L,303.7,312.0,1892,22.5,79,0
4766,M,303.6,312.0,1645,35.7,81,0
4767,L,303.6,311.9,1473,50.1,84,0
4768,L,303.6,312.0,1309,52.9,86,1
4769,H,303.6,311.9,1544,37.1,88,0
4770,L,303.5,311.9,1344,49.3,93,1
4771,M,303.6,311.9,1617,36.0,95,0
4772,M,303.6,312.0,1435,37.9,98,0
4773,L,303.6,312.0,1391,50.3,101,0
4774,L,303.6,312.0,1827,23.3,103,0
4775,L,303.5,312.0,1761,25.8,105,0
4776,L,303.5,312.1,1522,36.4,107,0
4777,M,303.5,312.2,1818,23.6,109,0
4778,H,303.6,312.2,1371,54.6,112,1
4779,L,303.7,312.3,1511,38.9,117,0
4780,L,303.7,312.4,1404,46.6,119,0
4781,L,303.7,312.3,1384,45.9,121,0
4782,L,303.8,312.5,1368,52.6,123,0
4783,L,303.7,312.5,1641,36.0,125,0
4784,L,303.9,312.6,1642,32.3,127,0
4785,H,303.9,312.7,1401,50.0,129,0
4786,L,303.8,312.6,1577,41.3,134,0
4787,L,303.7,312.6,1396,44.1,136,0
4788,H,303.7,312.6,1514,35.5,138,0
4789,L,303.8,312.8,1646,35.8,143,0
4790,L,303.8,312.8,1443,40.7,145,0
4791,M,303.7,312.7,1469,48.5,147,0
4792,H,303.7,312.7,1564,40.2,150,0
4793,H,303.6,312.6,1498,40.2,155,0
4794,L,303.6,312.6,1699,27.9,160,0
4795,L,303.6,312.5,1431,49.0,162,0
4796,L,303.5,312.4,1390,47.3,164,0
4797,L,303.5,312.5,1380,46.1,166,0
4798,L,303.5,312.5,1457,46.4,168,0
4799,L,303.5,312.5,1418,42.2,170,0
4800,M,303.5,312.5,1353,51.0,172,0
4801,L,303.5,312.4,1574,32.7,175,0
4802,M,303.5,312.4,1318,54.2,177,0
4803,L,303.6,312.5,1710,31.4,180,0
4804,L,303.7,312.6,1621,38.8,182,0
4805,L,303.6,312.6,1606,33.6,184,0
4806,H,303.6,312.5,1375,54.0,186,0
4807,L,303.5,312.4,1503,36.5,191,0
4808,L,303.5,312.3,1404,48.6,193,0
4809,L,303.4,312.2,1656,32.7,195,0
4810,M,303.4,312.1,1499,39.4,197,0
4811,M,303.4,312.0,1748,28.4,200,0
4812,L,303.4,311.9,1531,37.9,203,0
4813,M,303.3,311.8,1536,40.6,205,0
4814,L,303.4,311.8,1401,53.0,208,1
4815,H,303.4,311.9,1534,33.2,210,0
4816,L,303.4,312.0,1521,35.9,215,1
4817,L,303.5,312.1,1674,30.8,0,0
4818,M,303.6,312.1,1967,20.9,2,0
4819,L,303.6,312.2,1696,30.7,5,0
4820,M,303.6,312.1,1627,32.5,7,0
4821,L,303.5,311.9,1405,45.6,10,0
4822,L,303.5,311.9,1565,38.9,12,0
4823,L,303.5,311.9,1493,38.7,14,0
4824,L,303.4,311.8,1499,45.0,16,0
4825,L,303.3,311.8,1692,30.6,18,0
4826,L,303.4,311.8,2268,15.8,20,0
4827,L,303.4,311.8,1438,58.9,22,0
4828,L,303.5,311.9,1515,39.2,24,0
4829,L,303.4,311.9,1491,38.2,26,0
4830,L,303.5,312.0,1756,29.7,28,0
4831,L,303.5,312.0,1366,54.5,30,1
4832,L,303.5,312.0,1436,45.1,32,0
4833,L,303.4,311.9,1377,41.6,34,1
4834,M,303.4,311.9,1510,42.2,36,0
4835,M,303.4,311.9,1419,50.9,39,0
4836,L,303.3,311.8,1315,62.0,42,1
4837,H,303.3,311.8,1806,27.7,44,0
4838,H,303.3,311.8,1649,29.4,49,0
4839,H,303.4,311.9,1402,50.0,54,0
4840,L,303.4,311.9,1298,63.9,59,1
4841,M,303.3,311.8,1441,44.9,61,0
4842,M,303.3,311.8,1489,49.4,64,0
4843,L,303.3,311.8,1842,24.5,67,0
4844,M,303.4,311.8,1316,50.9,69,1
4845,M,303.3,311.8,1583,33.3,72,0
4846,M,303.3,311.8,1548,33.5,75,0
4847,L,303.4,311.9,1434,44.6,78,0
4848,H,303.5,312.0,1397,52.9,80,0
4849,M,303.5,312.0,1475,42.9,85,0
4850,L,303.5,312.0,1441,56.8,88,0
4851,L,303.7,312.1,1363,51.8,90,1
4852,L,303.7,312.2,1619,34.9,92,0
4853,L,303.7,312.2,1487,34.0,94,0
4854,L,303.7,312.2,1568,33.8,96,0
4855,L,303.7,312.3,1375,46.2,98,0
4856,M,303.6,312.3,1698,31.3,100,0
4857,L,303.7,312.3,1606,37.4,103,0
4858,L,303.7,312.3,1349,51.0,105,0
4859,L,303.7,312.4,1535,38.6,107,0
4860,M,303.6,312.4,1504,49.5,109,0
4861,L,303.5,312.3,1946,21.1,112,0
4862,L,303.5,312.1,1326,55.7,114,0
4863,M,303.6,312.3,1915,22.3,116,0
4864,L,303.6,312.3,1451,43.4,119,0
4865,M,303.5,312.3,1624,34.8,121,0
4866,L,303.6,312.4,1781,28.7,124,0
4867,L,303.6,312.5,1345,54.1,126,0
4868,L,303.6,312.4,1418,46.0,128,0
4869,L,303.7,312.4,1718,26.5,130,0
4870,M,303.7,312.4,1631,28.5,132,0
4871,L,303.7,312.4,1513,40.1,135,0
4872,L,303.7,312.4,1316,59.3,137,0
4873,M,303.7,312.4,1474,38.8,139,0
4874,L,303.8,312.5,1619,30.9,142,0
4875,L,303.7,312.4,1702,31.2,144,0
4876,M,303.7,312.4,1540,37.4,146,0
4877,M,303.7,312.4,1546,33.7,149,0
4878,L,303.7,312.4,1348,51.0,152,0
4879,H,303.7,312.5,1520,35.6,154,0
4880,M,303.8,312.6,1527,41.9,159,0
4881,M,303.8,312.6,1406,47.1,162,0
4882,L,303.7,312.5,1462,46.2,165,0
4883,M,303.8,312.6,1684,29.3,167,0
4884,H,303.8,312.5,1655,28.0,170,0
4885,H,303.8,312.5,1748,25.1,175,0
4886,L,303.8,312.5,1372,45.7,180,0
4887,L,303.7,312.5,1481,33.3,182,0
4888,L,303.7,312.4,1512,39.2,184,0
4889,L,303.7,312.5,1632,36.6,186,0
4890,L,303.7,312.4,1525,43.9,188,0
4891,M,303.7,312.3,1756,26.4,190,0
4892,L,303.7,312.3,1922,23.1,193,0
4893,M,303.8,312.5,1448,44.3,195,0
4894,H,303.8,312.5,1447,46.6,198,0
4895,M,303.8,312.4,1597,33.4,203,0
4896,M,303.7,312.4,1642,32.3,206,0
4897,H,303.8,312.5,1525,38.0,209,0
4898,H,303.6,312.4,1460,53.7,214,0
4899,L,303.6,312.3,2168,17.7,219,0
4900,L,303.6,312.4,1388,41.9,221,0
4901,M,303.6,312.3,1630,32.4,223,0
4902,L,303.6,312.3,1616,29.3,226,0
4903,L,303.6,312.4,2232,16.8,0,0
4904,H,303.6,312.4,1480,50.7,2,0
4905,L,303.6,312.4,1363,53.1,7,0
4906,H,303.6,312.4,1436,45.6,9,0
4907,M,303.6,312.5,1607,33.7,14,0
4908,M,303.6,312.5,1459,48.2,17,0
4909,L,303.5,312.4,1481,43.7,20,0
4910,M,303.5,312.4,1606,31.7,22,0
4911,L,303.5,312.3,1681,29.8,25,0
4912,L,303.5,312.2,1511,37.1,27,0
4913,M,303.5,312.3,1593,35.2,29,0
4914,M,303.5,312.3,1532,41.7,32,0
4915,H,303.5,312.3,1386,49.0,35,0
4916,H,303.4,312.3,1769,27.9,40,0
4917,M,303.4,312.2,1561,38.2,45,0
4918,L,303.3,312.2,1457,40.7,48,0
4919,L,303.3,312.2,1506,40.0,50,0
4920,L,303.4,312.2,1337,69.4,52,1
4921,L,303.4,312.3,1287,54.8,54,0
4922,M,303.4,312.2,1615,35.7,56,0
4923,M,303.4,312.2,1972,23.5,59,0
4924,H,303.4,312.3,1522,42.1,62,0
4925,L,303.4,312.3,1680,30.6,67,0
4926,L,303.4,312.3,1502,36.0,69,0
4927,M,303.5,312.3,1543,33.3,71,0
4928,L,303.5,312.3,1584,35.2,74,0
4929,L,303.5,312.4,1340,44.5,76,0
4930,L,303.4,312.3,1663,33.9,78,0
4931,M,303.3,312.1,1693,30.0,80,0
4932,L,303.3,312.1,1418,44.7,83,0
4933,H,303.4,312.2,1554,36.8,85,0
4934,L,303.4,312.2,1580,35.8,90,0
4935,L,303.4,312.3,1479,42.8,92,0
4936,L,303.5,312.4,1284,70.6,94,1
4937,L,303.4,312.3,1540,38.7,96,0
4938,M,303.5,312.4,1606,30.1,98,0
4939,L,303.6,312.5,1286,62.4,101,0
4940,L,303.6,312.6,1502,39.5,103,0
4941,M,303.6,312.7,1699,31.5,105,0
4942,L,303.5,312.6,1602,34.2,108,0
4943,H,303.6,312.6,1436,42.0,110,0
4944,M,303.6,312.7,1765,27.5,115,0
4945,L,303.6,312.7,1418,44.1,118,0
4946,M,303.7,312.7,1669,31.7,120,0
4947,L,303.7,312.7,1395,53.9,123,0
4948,M,303.8,312.7,1500,41.7,125,0
4949,M,303.8,312.7,1555,33.4,128,0
4950,M,303.8,312.7,1919,20.2,131,0
4951,L,303.8,312.7,1596,36.6,134,0
4952,M,303.8,312.7,1374,53.6,136,0
4953,L,303.7,312.5,1670,26.1,139,0
4954,L,303.7,312.6,1702,29.1,141,0
4955,M,303.8,312.5,1366,45.1,143,0
4956,M,303.8,312.5,2344,15.2,146,0
4957,M,303.8,312.6,1768,23.9,149,0
4958,L,303.8,312.5,1523,47.0,152,0
4959,L,303.8,312.6,1735,25.9,154,0
4960,L,303.9,312.7,1339,62.3,156,0
4961,L,303.9,312.7,1800,24.3,158,0
4962,M,304.0,312.7,1456,51.2,160,0
4963,L,303.9,312.7,1789,24.4,163,0
4964,L,303.9,312.7,1602,33.9,165,0
4965,M,303.8,312.7,1364,49.3,167,0
4966,L,303.8,312.6,1793,28.1,170,0
4967,L,303.9,312.6,1426,53.4,172,0
4968,M,303.9,312.7,1485,43.3,174,0
4969,L,303.9,312.7,1528,38.4,177,0
4970,L,303.8,312.6,1565,36.0,179,0
4971,L,303.8,312.7,1838,27.8,181,0
4972,H,303.8,312.6,1811,24.9,183,0
4973,L,303.8,312.7,1461,38.2,188,0
4974,L,303.8,312.7,1414,41.7,190,0
4975,L,303.7,312.7,1426,45.5,192,0
4976,L,303.7,312.7,1359,56.8,194,1
4977,L,303.7,312.7,1540,44.8,196,0
4978,L,303.6,312.7,1429,47.7,198,0
4979,M,303.7,312.7,1612,36.3,200,0
4980,M,303.7,312.8,1685,31.8,203,0
4981,M,303.7,312.8,1558,37.7,206,0
4982,L,303.7,313.0,1811,24.3,209,0
4983,L,303.8,313.1,1869,25.8,211,0
4984,L,303.8,313.1,1256,58.7,213,1
4985,M,303.8,313.0,1789,23.5,215,0
4986,L,303.7,312.9,1502,40.5,0,0
4987,M,303.7,313.0,1303,54.4,2,0
4988,L,303.8,313.1,2497,13.0,5,1
4989,L,303.9,313.2,1499,37.4,7,0
4990,L,303.9,313.2,1393,46.5,9,0
4991,M,303.9,313.0,1475,41.0,11,0
4992,L,303.8,312.9,1573,34.6,14,0
4993,L,303.8,312.9,1819,23.7,16,0
4994,M,303.5,312.6,1642,29.4,18,0
4995,L,303.6,312.6,1540,39.8,21,0
4996,M,303.6,312.8,1400,43.2,23,0
4997,M,303.6,312.8,2659,11.4,26,1
4998,M,303.6,312.8,1825,25.2,29,0
4999,M,303.7,312.9,1532,41.3,32,0
5000,L,303.7,312.8,1832,23.6,35,0
5001,M,303.6,312.7,2174,17.6,37,0
5002,L,303.7,312.8,1627,31.7,40,0
5003,L,303.7,312.8,1437,51.3,42,0
5004,L,303.7,312.8,1364,46.3,44,0
5005,M,303.7,312.9,1444,52.7,46,0
5006,M,303.7,312.8,1366,47.3,49,0
5007,L,303.8,312.9,1442,48.3,52,0
5008,H,303.7,312.8,1488,42.8,54,0
5009,L,303.7,312.8,1523,40.7,59,0
5010,L,303.7,312.8,1543,38.3,61,0
5011,M,303.7,312.8,1634,33.8,63,0
5012,M,303.8,312.9,1815,27.8,66,0
5013,M,303.8,312.9,1594,35.2,69,0
5014,L,303.8,313.0,1452,38.6,72,0
5015,L,303.9,313.0,1759,28.4,74,0
5016,L,303.9,313.0,1408,47.5,76,0
5017,L,303.9,313.0,1483,45.0,78,0
5018,M,303.9,313.0,1620,36.6,80,0
5019,M,304.0,313.1,1466,39.5,83,0
5020,L,304.1,313.1,1556,36.3,86,0
5021,L,304.0,313.0,1350,61.1,88,0
5022,L,304.0,313.1,1404,47.1,90,0
5023,M,304.0,313.0,1575,34.5,92,0
5024,L,303.9,313.1,1639,29.0,95,0
5025,M,303.9,313.1,1473,42.8,97,0
5026,L,303.9,313.2,1481,40.0,100,0
5027,L,304.0,313.3,1294,54.6,102,0
5028,M,303.9,313.2,1630,29.3,104,0
5029,M,303.9,313.2,1624,39.8,107,0
5030,M,303.9,313.1,1437,48.3,110,0
5031,M,303.8,313.0,1514,45.0,113,0
5032,M,304.0,313.1,1694,31.4,116,0
5033,L,304.0,313.1,1564,50.9,119,0
5034,M,303.9,313.1,1514,41.1,121,0
5035,M,304.0,313.2,1500,40.6,124,0
5036,L,304.0,313.2,1615,37.8,127,0
5037,M,304.1,313.2,1586,41.1,129,0
5038,L,304.1,313.3,1732,28.5,132,0
5039,H,304.1,313.3,1689,32.5,134,0
5040,H,304.1,313.2,1586,34.6,139,0
5041,L,304.0,313.2,1314,47.1,144,0
5042,L,304.1,313.2,1569,35.8,146,0
5043,L,304.1,313.2,1468,39.4,148,0
5044,L,304.1,313.2,1412,47.5,150,0
5045,M,304.1,313.2,1510,46.9,152,0
5046,M,304.1,313.2,1410,42.4,155,0
5047,M,304.1,313.3,1680,29.3,158,0
5048,H,304.0,313.2,1271,68.6,161,1
5049,H,304.0,313.1,1472,45.5,166,0
5050,H,304.0,313.0,1701,30.4,171,0
5051,L,303.9,313.0,1480,39.9,176,0
5052,L,303.9,313.0,1433,48.4,178,0
5053,L,303.8,312.9,1514,34.3,180,0
5054,L,303.8,312.9,1619,35.7,182,0
5055,H,303.8,312.9,1378,45.6,184,0
5056,M,303.9,312.9,1430,53.5,189,0
5057,L,303.8,312.9,1367,49.9,192,0
5058,L,303.9,312.9,1526,42.5,194,0
5059,L,303.9,312.8,1419,47.9,196,0
5060,L,304.0,312.8,1542,42.7,198,0
5061,L,304.0,312.9,1363,62.5,200,1
5062,L,304.0,312.9,1313,53.9,202,0
5063,H,304.0,312.9,1495,46.6,0,0
5064,L,304.0,313.0,1407,42.1,5,0
5065,L,304.1,313.0,1566,37.2,7,0
5066,L,304.1,313.1,1550,30.9,9,0
5067,M,304.2,313.2,1396,50.5,11,0
5068,M,304.3,313.3,1540,39.0,14,0
5069,M,304.2,313.2,1380,48.7,17,0
5070,M,304.2,313.1,1608,31.1,20,0
5071,H,304.2,313.0,1442,40.9,23,0
5072,L,304.1,313.0,1408,45.3,28,0
5073,M,304.0,313.0,1454,46.8,30,0
5074,L,304.1,313.1,1666,34.6,33,0
5075,L,304.1,313.2,1366,46.6,35,0
5076,L,304.2,313.2,1464,44.9,37,0
5077,L,304.3,313.3,1775,24.9,39,0
5078,M,304.3,313.4,1482,43.8,41,0
5079,M,304.2,313.4,1411,54.8,44,0
5080,L,304.2,313.3,1410,51.6,47,0
5081,M,304.1,313.3,1494,39.0,49,0
5082,H,304.1,313.2,1590,43.4,52,0
5083,L,304.1,313.1,1327,54.1,57,0
5084,L,304.1,313.1,1969,20.8,59,0
5085,M,304.0,313.0,1377,56.0,61,0
5086,L,304.0,313.0,1541,45.9,64,0
5087,M,304.0,313.0,1685,28.2,66,0
5088,L,304.0,313.1,1465,41.0,69,0
5089,M,303.9,313.1,1483,47.2,71,0
5090,M,303.9,313.2,1570,40.7,74,0
5091,L,303.9,313.2,1345,48.2,77,0
5092,M,303.9,313.2,1608,40.6,79,0
5093,M,304.0,313.3,1415,52.8,82,0
5094,M,304.1,313.5,1470,45.8,85,0
5095,M,304.1,313.5,1428,39.9,88,0
5096,H,304.2,313.5,1627,32.2,91,0
5097,L,304.2,313.4,1457,49.4,96,0
5098,L,304.2,313.4,1475,40.2,98,0
5099,L,304.2,313.5,1438,50.1,100,0
5100,M,304.2,313.5,1437,47.2,102,0
5101,M,304.1,313.4,1518,42.4,105,0
5102,M,304.1,313.5,1587,33.6,108,0
5103,L,304.1,313.4,1399,43.7,111,0
5104,L,304.1,313.5,1469,44.6,113,0
5105,L,304.1,313.4,1374,56.6,115,0
5106,L,304.0,313.3,1519,36.7,117,0
5107,L,303.9,313.2,1540,44.4,119,0
5108,L,303.9,313.3,1394,51.6,121,0
5109,M,304.0,313.4,1389,45.8,123,0
5110,M,304.0,313.5,1732,26.2,126,0
5111,L,304.1,313.6,1556,37.4,129,0
5112,M,304.1,313.6,1441,43.7,131,0
5113,L,304.1,313.6,1382,46.7,134,0
5114,M,304.2,313.8,1481,44.9,136,0
5115,M,304.2,313.7,2113,18.4,139,0
5116,L,304.2,313.8,1401,53.9,142,0
5117,L,304.1,313.6,1611,31.4,144,0
5118,M,304.2,313.6,1512,33.4,146,0
5119,L,304.2,313.6,1411,46.0,149,0
5120,M,304.2,313.6,1424,43.7,151,0
5121,L,304.2,313.6,1469,40.0,154,0
5122,H,304.2,313.5,1684,29.8,156,0
5123,M,304.2,313.5,1532,41.3,161,0
5124,M,304.2,313.5,1557,37.3,164,0
5125,M,304.3,313.5,1416,48.1,167,0
5126,L,304.3,313.5,1802,25.4,170,0
5127,M,304.3,313.5,2245,15.1,172,0
5128,L,304.2,313.4,1434,42.5,175,0
5129,M,304.1,313.3,1725,28.3,177,0
5130,L,304.2,313.3,1668,35.7,180,0
5131,L,304.1,313.3,1452,43.9,182,0
5132,L,304.1,313.3,1415,50.0,184,0
5133,L,304.1,313.2,1824,25.8,186,0
5134,L,304.1,313.3,1438,45.5,188,0
5135,L,304.1,313.3,1883,24.5,190,0
5136,L,304.2,313.4,1735,28.9,192,0
5137,L,304.3,313.5,1464,36.7,194,0
5138,M,304.3,313.6,1489,40.3,196,0
5139,M,304.4,313.6,1510,38.9,199,0
5140,M,304.3,313.6,1585,32.1,202,0
5141,L,304.4,313.7,1509,35.0,205,1
5142,L,304.4,313.6,1568,39.1,0,0
5143,M,304.3,313.5,1525,42.0,2,0
5144,L,304.4,313.7,1607,33.5,5,0
5145,L,304.5,313.7,1670,32.9,7,0
5146,L,304.4,313.6,1585,38.9,9,0
5147,L,304.4,313.6,1569,38.4,11,0
5148,L,304.4,313.6,1507,43.1,13,0
5149,L,304.3,313.5,1452,41.5,15,0
5150,L,304.3,313.5,1590,29.8,17,0
5151,L,304.3,313.6,1409,56.0,19,0
5152,L,304.3,313.5,2643,12.7,21,0
5153,L,304.2,313.4,1644,31.7,23,0
5154,L,304.2,313.4,1568,37.6,25,0
5155,H,304.2,313.3,1625,37.3,27,0
5156,L,304.2,313.4,1482,41.4,32,0
5157,H,304.1,313.3,1397,49.6,34,0
5158,L,304.1,313.3,1459,50.3,39,0
5159,L,304.2,313.4,1490,44.0,41,0
5160,L,304.1,313.2,1434,50.1,43,0
5161,M,304.1,313.2,2028,18.9,45,0
5162,L,304.2,313.3,1464,45.9,48,0
5163,M,304.2,313.4,1713,23.5,50,0
5164,M,304.3,313.4,1624,32.1,53,0
5165,L,304.2,313.4,1421,43.4,56,0
5166,H,304.2,313.5,1546,41.4,58,0
5167,L,304.2,313.4,1639,32.7,63,0
5168,H,304.1,313.4,1696,29.6,65,0
5169,L,304.1,313.3,1470,39.9,70,0
5170,M,304.1,313.3,1480,38.4,72,0
5171,M,304.2,313.4,1329,54.5,75,0
5172,L,304.2,313.4,1740,28.2,78,0
5173,M,304.2,313.5,1739,28.1,80,0
5174,M,304.2,313.5,1390,47.8,83,0
5175,L,304.2,313.4,1740,23.7,86,0
5176,M,304.0,313.3,1844,27.1,88,0
5177,H,304.0,313.1,1388,53.2,91,0
5178,H,304.0,313.2,1517,43.1,96,0
5179,M,304.0,313.1,1450,42.8,101,0
5180,L,304.0,313.2,1584,38.7,104,0
5181,L,304.0,313.1,1720,28.7,106,0
5182,L,303.9,313.1,1586,31.9,108,0
5183,M,303.9,313.0,1901,22.5,110,0
5184,L,304.0,313.0,1397,42.4,113,0
5185,L,304.0,313.0,2012,21.1,115,0
5186,L,304.0,313.0,2354,15.0,117,0
5187,L,304.0,313.1,1648,35.7,119,0
5188,L,304.0,313.2,1632,30.6,121,0
5189,M,304.1,313.2,1427,46.9,123,0
5190,L,304.1,313.2,1452,48.0,126,0
5191,L,304.0,313.2,1416,46.0,128,0
5192,L,303.9,313.1,1310,62.9,130,0
5193,H,304.0,313.1,1408,39.8,132,0
5194,M,303.9,313.1,1668,34.4,137,0
5195,L,303.9,313.0,1551,36.8,140,0
5196,H,303.9,313.0,1517,36.0,142,0
5197,H,303.8,312.9,1570,35.8,147,0
5198,L,303.8,312.8,1428,53.3,152,0
5199,L,303.8,312.8,1503,40.0,154,0
5200,L,303.8,312.8,1416,58.7,156,0
5201,M,303.7,312.7,1396,47.3,158,0
5202,L,303.7,312.7,1335,51.1,161,0
5203,M,303.7,312.6,1671,30.5,163,0
5204,L,303.7,312.7,1989,22.4,166,0
5205,L,303.7,312.7,1468,43.3,168,0
5206,H,303.7,312.6,1711,27.6,170,0
5207,M,303.8,312.7,1488,41.3,175,0
5208,L,303.8,312.7,1664,29.3,178,0
5209,M,303.8,312.7,1507,38.5,180,0
5210,L,303.7,312.6,1466,42.5,183,0
5211,L,303.7,312.5,1433,53.6,185,0
5212,L,303.7,312.5,1397,45.7,187,0
5213,M,303.7,312.6,1429,43.3,189,0
5214,L,303.7,312.7,1572,37.2,192,0
5215,M,303.7,312.7,1532,42.7,194,0
5216,M,303.7,312.7,1316,51.8,197,0
5217,M,303.8,312.8,1420,47.9,200,0
5218,L,303.8,312.9,1589,37.2,203,0
5219,L,303.8,313.0,1365,59.9,205,1
5220,L,303.8,313.0,1633,32.9,207,0
5221,L,303.9,313.0,1626,31.4,209,0
5222,L,303.9,313.1,1665,29.6,0,0
5223,M,303.9,313.2,1350,47.2,2,0
5224,L,303.9,313.2,1590,31.9,5,0
5225,M,304.0,313.2,1437,53.9,7,0
5226,L,303.9,313.0,1403,48.3,10,0
5227,L,303.9,313.1,1440,41.1,12,0
5228,M,303.9,313.1,1343,61.4,14,0
5229,H,303.9,313.1,1790,26.7,17,0
5230,M,303.8,313.1,2117,18.6,22,0
5231,L,303.8,313.1,1458,42.2,25,0
5232,L,303.6,312.9,1381,57.8,27,0
5233,L,303.6,312.9,1450,45.3,29,0
5234,L,303.7,312.9,1461,50.1,31,0
5235,M,303.7,312.9,1511,41.0,33,0
5236,L,303.8,313.1,1394,45.4,36,0
5237,L,303.8,313.0,1499,42.3,38,0
5238,L,303.7,313.0,1457,44.1,40,0
5239,L,303.7,313.0,1753,29.0,42,0
5240,L,303.7,313.0,1694,28.0,44,0
5241,L,303.7,313.1,1683,28.4,46,0
5242,L,303.7,313.1,1496,47.4,48,0
5243,L,303.7,313.1,1721,34.8,50,0
5244,L,303.6,313.0,1593,31.6,52,0
5245,L,303.6,313.0,1575,38.3,54,0
5246,L,303.5,313.0,1465,41.0,56,0
5247,L,303.6,313.1,1405,38.3,58,0
5248,M,303.5,313.0,1902,21.6,60,0
5249,M,303.4,312.9,1422,39.9,63,0
5250,L,303.5,312.9,1332,52.9,66,0
5251,M,303.4,312.9,1307,54.3,68,0
5252,L,303.5,313.0,1322,59.5,71,0
5253,L,303.5,313.0,1547,40.3,73,0
5254,L,303.5,313.1,1897,23.6,75,0
5255,M,303.5,313.0,1403,51.9,77,0
5256,L,303.5,313.0,1393,51.6,80,0
5257,L,303.5,313.0,1482,38.5,82,0
5258,M,303.5,312.9,1572,44.7,84,0
5259,L,303.5,312.9,1544,36.9,87,0
5260,M,303.5,313.0,1492,46.1,89,0
5261,L,303.4,312.8,1513,35.8,92,0
5262,L,303.4,312.8,1449,43.9,94,0
5263,L,303.5,312.8,1877,22.3,96,0
5264,L,303.4,312.8,1376,53.4,98,0
5265,M,303.5,312.9,1883,23.3,100,0
5266,M,303.4,312.8,1518,38.7,103,0
5267,M,303.5,312.9,1438,42.8,106,0
5268,L,303.4,312.9,1389,54.1,109,0
5269,L,303.5,312.9,1504,44.8,111,0
5270,L,303.5,312.9,1275,64.4,113,0
5271,L,303.6,313.0,1534,39.7,115,0
5272,M,303.6,313.0,1396,38.2,117,0
5273,L,303.6,313.1,1395,44.1,120,0
5274,L,303.6,313.0,1617,30.9,122,0
5275,L,303.7,313.1,1423,41.2,124,0
5276,L,303.5,313.0,1606,34.0,126,0
5277,L,303.5,312.9,1501,44.0,128,0
5278,M,303.5,312.9,1618,30.4,130,0
5279,L,303.6,313.0,1522,35.8,133,0
5280,L,303.6,312.9,1480,41.4,135,0
5281,M,303.7,313.0,1469,39.9,137,0
5282,H,303.8,313.2,1381,52.4,140,0
5283,L,303.8,313.2,1525,41.9,145,0
5284,M,303.8,313.2,1732,29.6,147,0
5285,L,303.8,313.1,1523,39.8,150,0
5286,L,303.8,313.1,1422,42.4,152,0
5287,H,303.8,313.2,1506,46.9,154,0
5288,L,303.8,313.2,1531,39.4,159,0
5289,M,303.9,313.3,1507,34.3,161,0
5290,L,303.9,313.3,1526,40.7,164,0
5291,L,303.8,313.3,1406,52.1,166,0
5292,M,303.9,313.3,1567,35.0,168,0
5293,M,303.9,313.4,1464,49.1,171,0
5294,L,303.9,313.4,1442,48.5,174,0
5295,L,303.8,313.2,1336,47.8,176,0
5296,H,303.8,313.2,1379,50.2,178,0
5297,L,303.7,313.1,1406,48.6,183,0
5298,M,303.7,313.1,2130,18.1,185,0
5299,L,303.7,313.1,1355,49.1,188,0
5300,M,303.8,313.2,1710,26.5,190,0
5301,L,303.8,313.1,1309,55.8,193,0
5302,L,303.9,313.1,1491,37.2,195,0
5303,L,303.9,313.2,1481,44.1,197,0
5304,L,303.9,313.1,1425,49.3,199,0
5305,H,303.9,313.2,1680,29.1,201,0
5306,H,304.0,313.2,1612,31.7,206,0
5307,L,304.0,313.3,1530,34.8,211,0
5308,L,304.0,313.2,1481,42.6,213,0
5309,M,303.9,313.2,1422,48.0,215,1
5310,L,303.8,313.0,1427,43.0,0,0
5311,H,303.7,312.9,1460,49.8,2,0
5312,L,303.6,312.9,1873,23.5,7,0
5313,M,303.7,312.9,1566,32.6,9,0
5314,L,303.6,312.8,1701,30.8,12,0
5315,L,303.6,312.8,1710,27.2,14,0
5316,M,303.6,312.8,1689,33.1,16,0
5317,L,303.6,312.7,1637,32.9,19,0
5318,L,303.5,312.6,1496,39.0,21,0
5319,M,303.5,312.7,1402,47.0,23,0
5320,L,303.4,312.7,1363,45.5,26,0
5321,M,303.4,312.7,1576,49.9,28,0
5322,M,303.4,312.7,1357,55.3,31,0
5323,M,303.4,312.7,1399,48.4,34,0
5324,M,303.4,312.8,1526,30.8,37,0
5325,L,303.5,312.7,1694,27.3,40,0
5326,M,303.5,312.7,1420,49.1,42,0
5327,M,303.5,312.7,2116,16.7,45,0
5328,M,303.7,312.9,1406,41.9,48,0
5329,L,303.7,313.0,1456,45.5,51,0
5330,L,303.6,312.9,1588,31.9,53,0
5331,L,303.7,312.8,1448,44.5,55,0
5332,H,303.6,312.7,1403,46.2,57,0
5333,M,303.5,312.6,1405,51.6,62,0
5334,M,303.4,312.6,2706,9.8,65,1
5335,M,303.3,312.4,1505,38.9,68,0
5336,L,303.2,312.4,1663,33.7,71,0
5337,M,303.3,312.6,1482,44.4,73,0
5338,M,303.3,312.5,1674,32.7,76,0
5339,M,303.4,312.7,1594,32.8,79,0
5340,L,303.5,312.7,1393,49.3,82,0
5341,H,303.5,312.8,1404,55.8,84,0
5342,M,303.5,312.8,1375,45.7,89,0
5343,L,303.5,312.8,1607,38.4,92,0
5344,L,303.4,312.8,1360,50.8,94,0
5345,L,303.5,312.8,1524,39.4,96,0
5346,L,303.4,312.7,1534,35.5,98,0
5347,L,303.3,312.7,1262,63.8,100,0
5348,L,303.3,312.6,1623,34.6,102,0
5349,M,303.3,312.7,1642,33.6,104,0
5350,M,303.4,312.8,1622,35.1,107,0
5351,M,303.5,312.9,1530,34.5,110,0
5352,M,303.4,312.8,1590,36.3,113,0
5353,L,303.4,312.7,1589,34.0,116,0
5354,L,303.4,312.6,1462,37.5,118,0
5355,H,303.3,312.5,1328,49.8,120,0
5356,H,303.3,312.6,1692,29.0,125,0
5357,L,303.3,312.5,1968,20.6,130,0
5358,H,303.3,312.6,1827,24.2,132,0
5359,M,303.3,312.6,1397,47.1,137,0
5360,L,303.3,312.6,1463,44.0,140,0
5361,L,303.3,312.7,1643,30.7,142,0
5362,L,303.2,312.6,1281,57.0,144,0
5363,L,303.2,312.5,1518,39.9,146,0
5364,L,303.2,312.6,1601,35.3,148,0
5365,L,303.1,312.6,1548,36.4,150,0
5366,H,303.1,312.6,1404,40.6,152,0
5367,M,303.1,312.5,1766,26.7,157,0
5368,M,303.1,312.5,1667,30.0,160,0
5369,H,303.0,312.5,1507,37.9,163,0
5370,H,303.0,312.4,1627,37.1,168,0
5371,L,302.9,312.3,1435,47.7,173,0
5372,H,302.9,312.3,1509,46.8,175,0
5373,M,302.9,312.3,1809,25.0,180,0
5374,L,302.9,312.3,1515,40.8,183,0
5375,L,302.9,312.3,1530,34.9,185,0
5376,H,302.8,312.3,1336,57.5,187,0
5377,L,302.9,312.4,2030,19.1,192,0
5378,L,302.9,312.4,1550,36.9,194,0
5379,L,302.9,312.4,1446,41.7,196,0
5380,L,302.8,312.3,1494,37.5,198,0
5381,L,302.8,312.4,1651,27.0,200,0
5382,L,302.9,312.4,1698,33.8,202,0
5383,L,302.8,312.3,1504,40.3,204,0
5384,M,302.9,312.4,1421,46.0,206,0
5385,H,302.9,312.3,1754,26.9,209,0
5386,L,302.9,312.2,1469,42.0,214,0
5387,L,302.8,312.2,1433,50.0,216,0
5388,M,302.8,312.3,1432,49.0,218,0
5389,L,302.8,312.3,1366,49.1,221,0
5390,H,302.8,312.3,1483,47.2,223,0
5391,L,302.7,312.2,1572,34.4,228,0
5392,L,302.8,312.2,1481,40.2,230,0
5393,L,302.8,312.3,1473,42.6,232,0
5394,M,302.8,312.3,1262,70.5,234,1
5395,L,302.8,312.4,1529,36.8,237,0
5396,L,302.8,312.4,1523,39.7,239,0
5397,M,302.8,312.3,1416,42.7,241,0
5398,L,302.9,312.4,1923,23.9,244,0
5399,H,302.8,312.4,1411,53.8,246,1
5400,L,302.7,312.4,1477,46.3,251,1
5401,M,302.6,312.3,1454,54.8,253,1
5402,L,302.7,312.3,1421,48.5,0,0
5403,L,302.7,312.3,1858,25.4,2,0
5404,H,302.8,312.5,1422,46.1,4,0
5405,L,302.7,312.4,1444,48.7,9,0
5406,L,302.7,312.4,1360,47.8,11,0
5407,L,302.7,312.4,1954,24.8,13,0
5408,L,302.6,312.4,1628,33.0,15,0
5409,L,302.7,312.4,1433,44.2,17,0
5410,M,302.7,312.5,1417,51.5,19,0
5411,L,302.8,312.6,1462,39.4,22,0
5412,L,302.9,312.6,1328,59.9,24,0
5413,H,302.7,312.5,1527,36.4,26,0
5414,L,302.6,312.3,1534,34.3,31,0
5415,M,302.6,312.4,1410,50.3,33,0
5416,L,302.6,312.3,1660,30.3,36,0
5417,L,302.6,312.4,1386,45.8,38,0
5418,L,302.6,312.4,1398,41.6,40,0
5419,L,302.6,312.3,1321,53.4,42,0
5420,L,302.6,312.3,1512,34.2,44,0
5421,M,302.6,312.3,1566,36.6,46,0
5422,M,302.7,312.4,1422,44.5,49,0
5423,L,302.6,312.3,1647,31.8,52,0
5424,L,302.6,312.2,1377,45.5,54,0
5425,L,302.5,312.2,1775,27.9,56,0
5426,L,302.6,312.3,1554,42.0,58,0
5427,L,302.7,312.4,1423,51.9,60,0
5428,L,302.7,312.4,1453,47.3,62,0
5429,L,302.8,312.4,1590,34.4,64,0
5430,L,302.8,312.5,1694,28.4,66,0
5431,L,302.8,312.5,1462,43.4,68,0
5432,L,302.8,312.4,1392,46.2,70,0
5433,L,302.9,312.5,1550,45.5,72,0
5434,L,302.9,312.5,1629,30.4,74,0
5435,M,303.0,312.5,1524,42.1,76,0
5436,M,302.9,312.5,1679,30.9,79,0
5437,M,302.9,312.6,1394,46.4,82,0
5438,L,302.9,312.5,1683,32.1,85,0
5439,L,303.0,312.5,1626,30.5,87,0
5440,H,303.0,312.5,1698,30.0,89,0
5441,M,303.0,312.6,1392,42.9,94,0
5442,L,303.1,312.7,1353,51.8,97,0
5443,M,303.0,312.7,1426,46.8,99,0
5444,L,303.0,312.7,2024,19.9,102,0
5445,M,303.0,312.8,1648,32.1,104,0
5446,L,303.1,312.9,1511,40.1,107,0
5447,L,303.1,312.8,1465,44.1,109,0
5448,L,303.0,312.7,1551,41.8,111,0
5449,L,303.1,312.8,2329,15.1,113,0
5450,H,303.1,312.8,1435,41.9,115,0
5451,L,303.0,312.7,1361,48.8,120,0
5452,M,303.0,312.7,1553,35.8,122,0
5453,L,303.0,312.6,1451,42.1,125,0
5454,L,303.0,312.5,1461,40.2,127,0
5455,M,303.1,312.6,1895,23.5,129,0
5456,M,303.1,312.6,1567,32.9,132,0
5457,M,303.0,312.5,1602,33.7,135,0
5458,L,303.1,312.6,1514,42.1,138,0
5459,L,303.1,312.5,1453,49.1,140,0
5460,M,303.0,312.4,1526,36.1,142,0
5461,M,302.9,312.3,1339,52.1,145,0
5462,L,302.9,312.3,1889,22.8,148,0
5463,L,302.9,312.4,1561,34.8,150,0
5464,M,302.9,312.4,1659,33.1,152,0
5465,L,302.9,312.4,1424,49.5,155,0
5466,M,302.9,312.3,1426,44.7,157,0
5467,L,302.9,312.4,1383,51.4,160,0
5468,L,302.8,312.3,1764,29.9,162,0
5469,M,302.7,312.2,1439,42.5,164,0
5470,M,302.7,312.2,1585,35.5,167,0
5471,L,302.7,312.3,1346,61.2,170,0
5472,L,302.8,312.3,1386,57.8,172,0
5473,L,302.7,312.2,1369,51.8,174,0
5474,M,302.7,312.1,1378,46.9,176,0
5475,L,302.7,312.2,1336,46.8,179,0
5476,M,302.6,312.1,1445,42.0,181,0
5477,L,302.7,312.1,1763,26.5,184,0
5478,L,302.7,312.2,1611,34.1,186,0
5479,M,302.7,312.1,1564,32.1,188,0
5480,H,302.7,312.1,1478,36.0,191,0
5481,L,302.6,312.0,1781,28.5,196,0
5482,L,302.6,312.1,1782,26.8,198,0
5483,M,302.6,312.1,2000,21.9,200,0
5484,M,302.5,312.0,1826,25.3,203,0
5485,L,302.6,312.1,1344,51.0,206,0
5486,L,302.6,312.2,1520,43.0,208,0
5487,M,302.6,312.1,1611,39.9,210,0
5488,L,302.7,312.2,1450,52.1,213,1
5489,L,302.6,312.1,1499,35.0,215,0
5490,L,302.6,312.1,1288,68.5,0,1
5491,M,302.7,312.2,1350,58.6,2,0
5492,M,302.9,312.4,1334,50.9,5,0
5493,L,302.8,312.4,1376,57.1,8,0
5494,L,302.8,312.4,1368,49.5,10,0
5495,H,302.9,312.5,1357,55.0,12,0
5496,M,302.9,312.5,1924,24.0,17,0
5497,M,302.9,312.5,1551,40.0,20,0
5498,M,302.9,312.5,1903,21.2,23,0
5499,H,302.9,312.3,1417,48.7,26,0
5500,L,302.7,312.1,1601,35.2,31,0
5501,L,302.7,312.1,1543,37.5,33,0
5502,L,302.6,312.1,1439,52.3,35,0
5503,H,302.6,312.0,1657,29.3,37,0
5504,L,302.8,312.2,1458,51.0,42,0
5505,L,302.8,312.2,1746,27.4,44,0
5506,L,302.9,312.2,1677,30.5,46,0
5507,L,302.8,312.1,1520,39.9,48,0
5508,L,302.9,312.2,1367,55.1,50,0
5509,L,302.8,312.2,1509,36.5,52,0
5510,L,302.8,312.1,1418,51.4,54,0
5511,L,302.8,312.1,1958,20.3,56,0
5512,L,302.8,312.2,1682,30.9,58,0
5513,M,302.8,312.2,1452,50.3,60,0
5514,L,302.7,312.0,1828,24.0,63,0
5515,H,302.7,312.0,1484,41.5,65,0
5516,L,302.6,312.0,1674,32.2,70,0
5517,L,302.6,311.9,1448,49.5,72,0
5518,M,302.5,311.8,2023,19.1,74,0
5519,L,302.5,311.9,1452,47.4,77,0
5520,M,302.6,312.0,1496,45.0,79,0
5521,L,302.6,311.9,1397,46.9,82,0
5522,L,302.6,311.9,1453,39.1,84,0
5523,M,302.5,311.9,1524,34.8,86,0
5524,L,302.6,311.9,1633,30.9,89,0
5525,M,302.6,312.0,1363,45.7,91,0
5526,L,302.5,311.9,1520,44.9,94,0
5527,M,302.5,311.9,1532,38.8,96,0
5528,L,302.4,311.8,1384,50.9,99,0
5529,M,302.4,311.8,1539,39.9,101,0
5530,M,302.3,311.8,1355,50.1,104,0
5531,M,302.3,311.7,1504,37.3,107,0
5532,L,302.4,311.8,1476,46.6,110,0
5533,L,302.4,311.7,1721,26.9,112,0
5534,M,302.3,311.7,1494,37.1,114,0
5535,L,302.3,311.7,1465,43.5,117,0
5536,M,302.3,311.8,1363,54.0,119,1
5537,L,302.4,311.8,1648,30.0,122,0
5538,M,302.3,311.8,1879,23.0,124,0
5539,H,302.3,311.7,1482,39.0,127,0
5540,L,302.4,311.8,1493,38.4,132,0
5541,L,302.4,311.8,1433,42.2,134,0
5542,L,302.3,311.7,1400,41.6,136,0
5543,L,302.4,311.8,1255,59.0,138,0
5544,L,302.2,311.7,1471,45.6,140,0
5545,H,302.2,311.6,1357,44.2,142,0
5546,L,302.3,311.7,1453,41.2,147,0
5547,M,302.3,311.7,1540,28.9,149,0
5548,L,302.3,311.8,1605,35.2,152,0
5549,H,302.3,311.9,1374,52.4,154,0
5550,M,302.3,311.9,1508,42.3,159,0
5551,H,302.4,311.9,1366,47.3,162,0
5552,H,302.5,312.0,1579,35.7,167,0
5553,L,302.5,311.9,1306,59.7,172,0
5554,M,302.5,312.0,1521,40.2,174,0
5555,L,302.5,312.0,1411,44.2,177,0
5556,H,302.5,312.0,1357,42.0,179,0
5557,M,302.5,312.0,1436,43.5,184,0
5558,L,302.5,311.9,1553,40.1,187,0
5559,M,302.5,312.0,1451,43.2,189,0
5560,L,302.4,311.9,1541,37.9,192,0
5561,M,302.3,311.7,1341,46.3,194,0
5562,L,302.3,311.7,1648,32.1,197,0
5563,M,302.3,311.7,1640,31.5,199,0
5564,L,302.4,311.8,1416,46.1,202,0
5565,L,302.4,311.9,1671,29.9,204,0
5566,L,302.4,312.0,1457,45.5,206,0
5567,M,302.5,312.0,1445,54.8,0,0
5568,L,302.5,312.1,1534,38.6,3,0
5569,L,302.4,312.0,1508,36.9,5,0
5570,M,302.4,312.1,1492,47.7,7,0
5571,L,302.4,312.0,1562,37.9,10,0
5572,L,302.4,312.0,1545,36.4,12,0
5573,L,302.5,312.2,1738,25.3,14,0
5574,L,302.4,312.0,1305,49.1,16,0
5575,H,302.4,312.0,1477,39.7,18,0
5576,H,302.4,312.0,1457,43.4,23,0
5577,L,302.4,312.1,1455,40.4,28,0
5578,L,302.5,312.2,1574,38.7,30,0
5579,L,302.6,312.2,1695,27.1,32,0
5580,M,302.6,312.2,1458,38.8,34,0
5581,M,302.5,312.1,1454,47.6,37,0
5582,L,302.5,312.0,2052,18.9,40,0
5583,L,302.5,312.0,1673,29.9,42,0
5584,L,302.4,311.9,1578,29.9,44,0
5585,M,302.5,312.0,1642,29.1,46,0
5586,M,302.4,311.8,1557,31.5,49,0
5587,L,302.5,311.9,1481,42.9,52,0
5588,M,302.5,311.8,1566,37.6,54,0
5589,M,302.5,311.9,1298,57.5,57,0
5590,M,302.5,311.9,1340,59.4,60,0
5591,L,302.5,312.0,1574,33.8,63,0
5592,L,302.5,311.9,1437,46.7,65,0
5593,L,302.6,311.9,1354,48.0,67,0
5594,L,302.6,311.9,1598,35.5,69,0
5595,M,302.7,312.0,1944,21.4,71,0
5596,M,302.7,312.0,1538,36.7,74,0
5597,L,302.7,312.0,1501,37.0,77,0
5598,L,302.8,312.1,1441,52.1,79,0
5599,M,302.7,312.0,1652,31.0,81,0
5600,L,302.8,312.1,1487,36.6,84,0
5601,L,302.9,312.2,1605,33.9,86,0
5602,L,302.9,312.1,1334,54.7,88,0
5603,L,302.9,312.2,1340,57.8,90,0
5604,L,302.9,312.2,1513,37.8,92,0
5605,L,302.9,312.2,1510,41.4,94,0
5606,L,302.9,312.2,1729,23.6,96,0
5607,M,302.9,312.2,1745,25.5,98,0
5608,M,303.1,312.3,1623,31.6,101,0
5609,M,303.1,312.4,1378,50.1,104,0
5610,L,303.1,312.4,1407,41.2,107,0
5611,M,303.0,312.3,1674,29.5,109,0
5612,L,303.0,312.3,1486,42.4,112,0
5613,M,303.0,312.3,1483,38.8,114,0
5614,H,303.0,312.2,1624,28.8,117,0
5615,M,303.0,312.2,1257,71.3,122,1
5616,L,303.0,312.3,1480,41.4,125,0
5617,L,303.1,312.4,1404,61.5,127,1
5618,M,303.0,312.4,1645,29.6,129,0
5619,L,303.0,312.3,1932,21.9,132,0
5620,L,303.0,312.3,1533,38.5,134,0
5621,M,302.9,312.2,1292,54.4,136,0
5622,L,302.9,312.2,1571,40.6,139,0
5623,L,302.9,312.3,1578,36.3,141,0
5624,M,302.8,312.2,1469,36.9,143,0
5625,L,302.7,312.1,1728,24.4,146,0
5626,H,302.7,312.1,1603,32.5,148,0
5627,L,302.7,312.1,1597,39.8,153,0
5628,L,302.7,312.1,1688,32.0,155,0
5629,L,302.7,312.2,1405,51.4,157,0
5630,M,302.8,312.2,1615,32.9,159,0
5631,L,302.8,312.2,1515,36.8,162,0
5632,L,302.7,312.2,1376,52.8,164,0
5633,L,302.7,312.2,1447,47.5,166,0
5634,M,302.6,312.2,1353,56.5,168,0
5635,L,302.6,312.1,1502,47.3,171,0
5636,L,302.6,312.0,1447,45.5,173,0
5637,M,302.5,312.0,1487,46.1,175,0
5638,L,302.6,312.1,1519,38.1,178,0
5639,L,302.6,312.1,1668,28.7,180,0
5640,L,302.6,312.1,1420,51.6,182,0
5641,L,302.6,312.1,1473,37.3,184,0
5642,L,302.5,312.0,1495,38.8,186,0
5643,L,302.5,312.0,1574,42.0,188,0
5644,L,302.5,312.0,1383,51.3,190,0
5645,M,302.5,312.0,1591,29.4,192,0
5646,M,302.4,311.8,1644,37.2,195,0
5647,H,302.5,311.8,2370,14.7,198,0
5648,L,302.5,311.9,1401,44.9,203,0
5649,M,302.5,311.9,1414,51.6,205,0
5650,L,302.5,312.0,1456,46.3,208,0
5651,M,302.5,312.0,1447,45.7,210,0
5652,L,302.4,311.8,1727,26.5,213,0
5653,L,302.4,311.7,1495,36.8,215,0
5654,L,302.3,311.6,1544,34.3,0,0
5655,L,302.3,311.5,1387,47.3,2,0
5656,M,302.3,311.5,1316,47.2,4,0
5657,L,302.3,311.5,1794,26.1,7,0
5658,M,302.2,311.4,1372,55.1,9,0
5659,M,302.3,311.5,1674,30.0,12,0
5660,L,302.2,311.4,1477,41.7,15,0
5661,L,302.2,311.4,1397,53.0,17,0
5662,L,302.2,311.5,1616,34.0,19,0
5663,M,302.3,311.5,1530,42.3,21,0
5664,M,302.2,311.4,1539,35.1,24,0
5665,L,302.3,311.4,1845,21.9,27,0
5666,L,302.2,311.4,1430,43.1,29,0
5667,L,302.2,311.4,2080,19.2,31,0
5668,M,302.2,311.4,1432,45.3,33,0
5669,M,302.2,311.5,1479,39.5,36,0
5670,L,302.2,311.5,1424,45.2,39,0
5671,H,302.2,311.6,1534,37.2,41,0
5672,H,302.1,311.6,1701,26.2,46,0
5673,L,302.2,311.6,1462,50.0,51,0
5674,M,302.2,311.7,1393,42.5,53,0
5675,M,302.3,311.7,1453,42.5,56,0
5676,L,302.3,311.8,1565,37.8,59,0
5677,L,302.3,311.8,1281,51.7,61,0
5678,M,302.2,311.7,1584,36.2,63,0
5679,M,302.2,311.7,1466,49.0,66,0
5680,M,302.2,311.6,1386,50.5,69,0
5681,L,302.2,311.6,1383,44.3,72,0
5682,H,302.3,311.6,1441,53.9,74,0
5683,M,302.2,311.6,1592,37.7,79,0
5684,H,302.2,311.6,1594,36.8,82,0
5685,L,302.2,311.5,1482,45.6,87,0
5686,L,302.2,311.6,1658,31.4,89,0
5687,L,302.3,311.7,2170,18.2,91,0
5688,M,302.3,311.7,1423,44.6,93,0
5689,L,302.4,311.8,1543,31.1,96,0
5690,L,302.3,311.8,1435,44.8,98,0
5691,L,302.4,311.8,1320,56.4,100,0
5692,M,302.4,311.9,1313,55.7,102,0
5693,M,302.4,311.8,1453,42.1,105,0
5694,L,302.4,311.8,1508,45.7,108,0
5695,L,302.4,311.8,1451,42.0,110,0
5696,H,302.5,311.9,1595,34.6,112,0
5697,L,302.5,311.9,1354,49.4,117,0
5698,L,302.5,311.9,1265,59.8,119,0
5699,L,302.4,311.9,1867,25.9,121,0
5700,L,302.5,311.9,1497,41.6,123,0
5701,M,302.5,311.9,1347,54.3,125,0
5702,L,302.3,311.7,1544,43.2,128,0
5703,H,302.3,311.7,1456,45.4,130,0
5704,L,302.5,311.8,1335,52.7,135,0
5705,L,302.4,311.9,1452,43.1,137,0
5706,L,302.4,311.9,1290,70.0,139,1
5707,L,302.4,311.8,1448,43.4,141,0
5708,L,302.3,311.7,1611,38.6,143,0
5709,L,302.2,311.7,1556,38.6,145,0
5710,H,302.2,311.7,1413,46.5,147,0
5711,L,302.2,311.6,1545,35.9,152,0
5712,L,302.2,311.7,1330,54.6,154,0
5713,L,302.2,311.9,1596,38.0,156,0
5714,L,302.2,311.8,1618,36.0,158,0
5715,H,302.2,311.9,1597,35.8,160,0
5716,L,302.3,312.0,1354,52.2,165,0
5717,L,302.3,312.0,1746,28.1,167,0
5718,L,302.4,312.0,1621,32.5,169,0
5719,L,302.3,312.0,1398,43.3,171,0
5720,L,302.3,311.9,1434,51.9,173,0
5721,M,302.3,311.8,1443,43.4,175,0
5722,L,302.2,311.7,1488,44.6,178,0
5723,M,302.3,311.8,1475,48.0,180,0
5724,L,302.3,311.8,1433,50.3,183,0
5725,M,302.3,311.8,1557,34.1,185,0
5726,M,302.4,311.9,1398,50.1,188,0
5727,M,302.3,311.8,1559,34.4,191,0
5728,M,302.4,311.9,1422,46.4,194,0
5729,M,302.3,311.8,1463,35.7,197,0
5730,L,302.3,311.7,1793,25.3,200,0
5731,L,302.2,311.6,1872,20.4,202,0
5732,L,302.2,311.7,1412,44.5,204,0
5733,L,302.3,311.8,1487,43.2,206,0
5734,L,302.3,311.8,1369,56.2,208,1
5735,L,302.4,311.8,1673,30.1,210,0
5736,M,302.4,311.9,1439,36.6,212,0
5737,L,302.3,311.8,1574,42.8,215,0
5738,L,302.3,311.7,1281,48.8,0,0
5739,M,302.2,311.7,1653,31.4,2,0
5740,M,302.3,311.7,1535,38.3,5,0
5741,M,302.3,311.7,1483,40.5,8,0
5742,L,302.3,311.7,1414,47.0,11,0
5743,M,302.2,311.6,1379,42.9,13,0
5744,H,302.2,311.5,1482,42.6,16,0
5745,L,302.1,311.5,1987,20.1,21,0
5746,M,302.1,311.5,1635,31.6,23,0
5747,L,302.1,311.5,1533,39.4,26,0
5748,M,302.2,311.7,1576,34.0,28,0
5749,H,302.2,311.8,1330,62.4,31,0
5750,L,302.2,311.8,1981,21.8,36,0
5751,H,302.3,311.8,1475,42.8,38,0
5752,H,302.3,311.8,1804,25.0,43,0
5753,L,302.2,311.6,1416,54.1,48,0
5754,L,302.1,311.5,1727,27.7,50,0
5755,L,302.1,311.4,1391,49.2,52,0
5756,M,302.0,311.5,1366,52.3,54,0
5757,L,301.9,311.3,1366,55.6,57,0
5758,L,301.9,311.3,1501,40.8,59,0
5759,L,301.8,311.3,1551,35.8,61,0
5760,M,301.9,311.3,1522,35.6,63,0
5761,L,301.9,311.2,1369,49.8,66,0
5762,L,301.8,311.2,1334,52.3,68,0
5763,H,301.8,311.2,1451,39.4,70,0
5764,L,301.7,311.2,1589,37.9,75,0
5765,L,301.7,311.3,1708,30.5,77,0
5766,M,301.7,311.2,1413,42.6,79,0
5767,M,301.6,311.2,1415,46.5,82,0
5768,L,301.7,311.3,1421,45.9,85,0
5769,L,301.7,311.3,1348,51.0,87,0
5770,L,301.6,311.2,1408,42.9,89,0
5771,L,301.6,311.2,1525,43.7,91,0
5772,L,301.6,311.3,1706,29.9,93,0
5773,H,301.6,311.2,1395,46.8,95,0
5774,L,301.5,311.1,1602,34.3,100,0
5775,L,301.6,311.1,1907,21.5,102,0
5776,L,301.6,311.1,1325,49.2,104,0
5777,L,301.6,311.1,1408,44.4,106,0
5778,M,301.7,311.1,1489,41.4,108,0
5779,L,301.6,311.1,1680,29.2,111,0
5780,L,301.7,311.2,1517,42.4,113,0
5781,M,301.7,311.1,1618,36.7,115,0
5782,L,301.7,311.1,1455,39.8,118,0
5783,H,301.8,311.1,1543,36.4,120,0
5784,M,301.8,311.1,1399,41.8,125,0
5785,L,301.7,311.1,1469,37.2,128,0
5786,L,301.7,311.2,1521,36.7,130,0
5787,L,301.7,311.3,1584,38.8,132,0
5788,L,301.8,311.5,1443,43.3,134,0
5789,M,301.8,311.5,1416,49.0,136,0
5790,M,301.7,311.2,1563,34.5,139,0
5791,M,301.8,311.3,1542,40.1,142,0
5792,M,301.8,311.3,1624,31.6,145,0
5793,L,301.8,311.3,1471,44.2,148,0
5794,M,301.9,311.5,1492,40.8,150,0
5795,M,301.9,311.4,1465,39.9,153,0
5796,L,301.7,311.1,1399,55.1,156,0
5797,L,301.6,311.0,1431,42.6,158,0
5798,L,301.5,310.9,1600,39.0,160,0
5799,L,301.5,310.8,1593,34.5,162,0
5800,L,301.5,310.9,1469,44.7,164,0
5801,L,301.5,310.8,1413,44.6,166,0
5802,L,301.4,310.8,1490,38.0,168,0
5803,L,301.5,310.9,1671,31.1,170,0
5804,L,301.5,310.9,1365,46.5,172,0
5805,M,301.4,310.9,1557,39.3,174,0
5806,L,301.4,310.9,1440,45.4,177,0
5807,M,301.4,310.9,1489,38.9,179,0
5808,L,301.4,311.0,1733,25.7,182,0
5809,H,301.3,311.0,1580,36.6,184,0
5810,L,301.3,311.0,1856,21.9,189,0
5811,L,301.3,311.1,1454,40.3,191,0
5812,L,301.4,311.1,1495,36.3,193,0
5813,L,301.2,311.0,1761,29.1,195,0
5814,M,301.3,311.0,1402,47.5,197,0
5815,L,301.2,311.0,1670,33.0,200,0
5816,L,301.3,311.0,1582,35.6,202,0
5817,L,301.3,311.0,1542,35.1,204,0
5818,L,301.3,311.0,1539,36.9,206,0
5819,L,301.3,311.0,1418,41.9,208,0
5820,L,301.3,311.1,1723,27.6,210,0
5821,L,301.3,311.1,1303,49.2,212,0
5822,M,301.3,311.0,1463,50.2,214,0
5823,L,301.2,311.0,1544,39.3,217,0
5824,L,301.2,311.0,1596,37.2,219,0
5825,L,301.3,311.1,1413,42.0,221,0
5826,M,301.3,311.1,1492,41.2,223,0
5827,L,301.3,311.1,1624,40.9,0,0
5828,L,301.3,311.1,1504,39.1,2,0
5829,M,301.2,311.1,1574,34.3,4,0
5830,M,301.3,311.2,1438,42.4,7,0
5831,L,301.3,311.3,1474,50.7,10,0
5832,L,301.3,311.2,1675,32.1,12,0
5833,L,301.3,311.2,1457,44.5,14,0
5834,L,301.3,311.3,1434,49.8,16,0
5835,L,301.3,311.2,1668,30.1,18,0
5836,L,301.2,311.1,1550,39.7,20,0
5837,M,301.3,311.1,1834,25.4,22,0
5838,M,301.4,311.2,1476,36.5,25,0
5839,M,301.4,311.2,1541,36.3,28,0
5840,M,301.3,311.1,1581,30.9,31,0
5841,M,301.3,311.1,1678,30.7,34,0
5842,L,301.4,311.2,1355,50.6,37,0
5843,L,301.5,311.2,1700,28.8,39,0
5844,L,301.4,311.1,1462,37.1,41,0
5845,M,301.4,311.2,1727,26.5,43,0
5846,L,301.4,311.3,1674,33.3,46,0
5847,L,301.4,311.3,1397,42.3,48,0
5848,L,301.4,311.3,2323,15.9,50,0
5849,M,301.4,311.2,1434,47.6,52,0
5850,L,301.3,311.1,1560,35.3,55,0
5851,L,301.2,311.0,1573,32.8,57,0
5852,H,301.2,310.9,1798,22.3,59,0
5853,L,301.2,311.0,1567,35.1,64,0
5854,L,301.2,310.9,1416,53.3,66,0
5855,M,301.2,310.9,1424,45.2,68,0
5856,H,301.2,310.9,1598,35.9,71,0
5857,L,301.3,310.9,1760,23.9,76,0
5858,L,301.3,311.0,1348,44.5,78,0
5859,L,301.3,311.0,1542,33.6,80,0
5860,L,301.3,310.9,1566,33.1,82,0
5861,L,301.3,311.0,1554,47.7,84,0
5862,L,301.4,311.0,1470,40.6,86,0
5863,M,301.4,311.1,1758,25.4,88,0
5864,M,301.4,311.0,1486,36.5,91,0
5865,M,301.5,311.1,1402,40.0,94,0
5866,L,301.5,311.1,1459,45.1,97,0
5867,L,301.5,311.0,1494,45.3,99,0
5868,L,301.5,311.1,1731,27.9,101,0
5869,L,301.5,311.1,2076,18.7,103,0
5870,L,301.5,311.1,2055,16.8,105,0
5871,L,301.5,311.1,1469,49.5,107,0
5872,M,301.5,311.0,1504,42.6,109,0
5873,M,301.5,311.1,1396,43.5,112,0
5874,M,301.5,311.1,1660,33.8,115,0
5875,M,301.5,311.0,1577,39.7,118,0
5876,L,301.5,311.1,1426,52.1,121,0
5877,L,301.5,311.1,1458,41.4,123,0
5878,L,301.4,311.0,1533,45.8,125,0
5879,L,301.4,311.0,1701,28.4,127,0
5880,L,301.5,311.1,1434,49.6,129,0
5881,L,301.4,311.1,1952,22.7,131,0
5882,L,301.4,311.1,1469,36.9,133,0
5883,L,301.4,311.1,1800,26.0,135,0
5884,M,301.3,311.1,1438,43.0,137,0
5885,L,301.3,311.1,1647,28.2,140,0
5886,L,301.4,311.1,1494,41.9,142,0
5887,H,301.4,311.1,1445,41.4,144,0
5888,M,301.5,311.1,1507,38.6,149,0
5889,M,301.4,311.0,1234,55.8,152,0
5890,L,301.4,311.0,1634,32.6,155,0
5891,L,301.4,311.0,1334,53.3,157,0
5892,L,301.4,311.1,1472,44.5,159,0
5893,M,301.3,311.0,1410,52.7,161,0
5894,L,301.2,310.9,1597,37.9,164,0
5895,M,301.2,310.9,1460,46.7,166,0
5896,L,301.1,310.8,1274,55.7,169,0
5897,M,301.0,310.7,1517,40.2,171,0
5898,L,301.0,310.7,1300,57.2,174,0
5899,H,300.9,310.6,1686,27.7,176,0
5900,M,300.9,310.7,1485,41.0,181,0
5901,L,301.0,310.7,1464,45.8,184,0
5902,L,300.9,310.6,1598,35.4,186,0
5903,L,300.9,310.5,1894,21.9,188,0
5904,M,300.8,310.5,1330,59.0,190,0
5905,H,300.8,310.5,1582,31.1,193,0
5906,L,300.7,310.3,1533,35.6,198,0
5907,H,300.8,310.4,1419,46.4,200,0
5908,M,300.8,310.3,1526,36.3,205,0
5909,H,300.7,310.2,1364,65.3,208,1
5910,M,300.8,310.3,1458,43.4,0,0
5911,M,300.8,310.4,1288,64.0,3,0
5912,M,300.7,310.3,1659,29.8,6,0
5913,H,300.7,310.2,1479,52.3,9,0
5914,L,300.7,310.3,1592,36.0,14,0
5915,M,300.6,310.2,1532,38.7,16,0
5916,L,300.6,310.2,1555,41.9,19,0
5917,L,300.6,310.2,1341,52.6,21,0
5918,L,300.6,310.1,1541,42.0,23,0
5919,L,300.6,310.3,1414,50.6,25,0
5920,L,300.5,310.2,1764,25.9,27,0
5921,L,300.5,310.3,1336,57.1,29,0
5922,L,300.5,310.3,1435,43.3,31,0
5923,M,300.4,310.3,1537,35.0,33,0
5924,L,300.3,310.2,1369,48.8,36,0
5925,M,300.2,310.1,1619,31.3,38,0
5926,L,300.2,310.1,1440,51.1,41,0
5927,L,300.2,310.1,1649,30.5,43,0
5928,M,300.2,310.1,1550,38.7,45,0
5929,L,300.3,310.2,1471,45.2,48,0
5930,L,300.3,310.3,1483,51.6,50,0
5931,L,300.3,310.4,1336,54.4,52,0
5932,L,300.5,310.5,1515,36.6,54,0
5933,L,300.5,310.5,1373,47.4,56,0
5934,H,300.6,310.5,1454,51.2,58,0
5935,L,300.5,310.5,1646,34.5,63,0
5936,M,300.5,310.4,1548,37.3,65,0
5937,M,300.6,310.5,1462,41.3,68,0
5938,L,300.5,310.4,1702,33.1,71,0
5939,L,300.5,310.5,1409,60.9,73,0
5940,M,300.6,310.6,1427,52.8,75,0
5941,L,300.6,310.7,1438,48.5,78,1
5942,L,300.7,310.7,1450,43.4,80,0
5943,L,300.7,310.7,1541,41.3,82,0
5944,M,300.7,310.6,1484,38.0,84,0
5945,M,300.8,310.8,1415,44.5,87,0
5946,L,300.7,310.8,1496,46.4,90,0
5947,M,300.7,310.8,1465,45.2,92,0
5948,L,300.7,310.8,2113,18.5,95,0
5949,M,300.7,310.8,1506,44.0,97,0
5950,L,300.7,310.8,1689,28.9,100,0
5951,L,300.7,310.9,1650,29.4,102,0
5952,L,300.7,310.8,1563,33.8,104,0
5953,M,300.7,310.9,1486,38.9,106,0
5954,L,300.8,310.9,1732,25.7,109,0
5955,L,300.7,310.8,1653,31.6,111,0
5956,L,300.7,310.9,1535,37.1,113,0
5957,L,300.7,310.9,1637,37.2,115,0
5958,L,300.6,310.8,1533,38.5,117,0
5959,L,300.6,310.8,1378,51.2,119,0
5960,L,300.5,310.7,1606,33.5,121,0
5961,L,300.3,310.7,1539,32.3,123,0
5962,L,300.5,310.8,1728,26.3,125,0
5963,H,300.4,310.7,1656,36.3,127,0
5964,H,300.5,310.8,1631,30.5,132,0
5965,H,300.5,310.9,1447,46.5,137,0
5966,L,300.4,310.8,1396,49.3,142,0
5967,L,300.4,310.8,1390,52.5,144,0
5968,L,300.4,310.8,1348,56.0,146,0
5969,M,300.4,310.8,1491,35.9,148,0
5970,L,300.4,310.8,1520,37.6,151,0
5971,L,300.5,310.8,1509,33.0,153,0
5972,L,300.5,310.8,1445,46.6,155,0
5973,L,300.5,310.8,1354,51.8,157,0
5974,L,300.5,310.7,1488,39.4,159,0
5975,H,300.5,310.7,1654,28.6,161,0
5976,H,300.5,310.6,1378,51.5,166,0
5977,L,300.6,310.7,1750,30.6,171,0
5978,L,300.5,310.6,1448,46.3,173,0
5979,H,300.6,310.7,1501,45.3,175,0
5980,M,300.6,310.7,1654,32.0,180,0
5981,M,300.7,310.7,1347,46.5,183,0
5982,L,300.7,310.8,1486,37.1,186,0
5983,H,300.8,310.8,1466,45.2,188,0
5984,H,300.7,310.8,1346,52.0,193,0
5985,L,300.7,310.7,1314,42.4,198,0
5986,L,300.6,310.7,1440,52.5,200,0
5987,L,300.7,310.8,1608,39.5,202,0
5988,H,300.7,310.8,1296,58.2,204,0
5989,L,300.7,310.7,1507,46.1,209,0
5990,M,300.7,310.7,1343,51.6,211,0
5991,L,300.7,310.7,1416,40.4,214,0
5992,L,300.7,310.6,1288,47.2,216,0
5993,M,300.7,310.6,1407,42.4,218,0
5994,L,300.6,310.4,1608,39.2,221,0
5995,L,300.6,310.3,1920,22.3,223,0
5996,M,300.5,310.2,1386,48.2,225,0
5997,M,300.5,310.2,1571,34.6,228,0
5998,M,300.4,310.2,1613,36.9,231,0
5999,M,300.4,310.2,1671,30.5,234,1
6000,H,300.4,310.2,1431,43.2,0,0
6001,M,300.4,310.2,1380,47.3,5,0
6002,L,300.5,310.3,1683,31.5,8,0
6003,L,300.4,310.2,1529,36.2,10,0
6004,L,300.5,310.4,1761,26.5,12,0
6005,L,300.6,310.5,1570,38.3,14,0
6006,M,300.6,310.5,2156,18.0,16,0
6007,M,300.7,310.6,1349,54.5,19,0
6008,L,300.7,310.7,1431,39.3,22,0
6009,L,300.6,310.6,1931,22.0,24,0
6010,H,300.7,310.7,1428,43.4,26,0
6011,L,300.8,310.8,1564,36.2,31,0
6012,H,300.8,310.9,1425,44.0,33,0
6013,L,300.7,310.8,1597,30.5,38,0
6014,H,300.8,310.8,1618,32.8,40,0
6015,M,300.8,310.8,1520,38.0,45,0
6016,L,300.7,310.7,1425,45.3,48,0
6017,L,300.8,310.9,1398,38.2,50,0
6018,M,300.8,310.9,1557,31.6,52,0
6019,L,300.7,310.8,1519,43.9,55,0
6020,L,300.7,310.8,1619,34.9,57,0
6021,L,300.7,310.8,1814,21.4,59,0
6022,L,300.7,310.9,1521,39.4,61,0
6023,M,300.7,310.9,1369,51.2,63,0
6024,L,300.7,310.9,1356,65.3,66,1
6025,L,300.7,311.0,1336,53.3,68,0
6026,L,300.7,311.0,1403,48.3,70,0
6027,M,300.7,311.0,1413,44.3,72,0
6028,L,300.6,310.9,1472,47.6,75,0
6029,M,300.7,310.8,1452,47.9,77,0
6030,L,300.6,310.7,1397,53.7,80,0
6031,L,300.6,310.7,1455,40.6,82,0
6032,L,300.7,310.8,1754,27.7,84,0
6033,L,300.6,310.9,1471,37.9,86,0
6034,M,300.6,310.8,1389,48.1,88,0
6035,M,300.6,310.9,1702,30.3,91,0
6036,M,300.6,311.0,1401,54.6,94,0
6037,L,300.7,311.1,1426,46.2,97,0
6038,L,300.7,311.0,1496,38.3,99,0
6039,L,300.6,310.9,1433,42.6,101,0
6040,M,300.7,311.1,1438,46.6,103,0
6041,M,300.7,311.0,1418,49.3,106,0
6042,M,300.8,311.0,1580,36.6,109,0
6043,M,300.7,310.9,1468,41.8,112,0
6044,M,300.8,310.9,1522,41.7,115,0
6045,L,300.8,310.9,1311,55.8,118,0
6046,L,300.9,311.0,1316,56.5,120,0
6047,H,300.9,311.0,1853,23.6,122,0
6048,M,300.9,311.0,1556,38.8,127,0
6049,M,300.9,311.0,1567,34.3,130,0
6050,M,300.9,311.1,1546,37.7,133,0
6051,L,300.9,311.0,1382,51.2,136,0
6052,L,300.9,311.0,2003,20.2,138,0
6053,L,300.8,310.9,1748,29.9,140,0
6054,H,300.7,310.8,1518,40.1,142,0
6055,L,300.7,310.8,1475,42.0,147,0
6056,L,300.8,310.8,1634,29.2,149,0
6057,L,300.8,310.8,1689,32.9,151,0
6058,M,300.9,310.9,1636,35.3,153,0
6059,L,300.9,311.0,2235,15.8,156,0
6060,L,301.0,311.1,1615,35.6,158,0
6061,H,301.1,311.1,1618,29.5,160,0
6062,M,301.1,311.2,1407,53.0,165,0
6063,L,301.1,311.1,1450,43.3,168,0
6064,L,301.1,311.1,1889,23.8,170,0
6065,L,301.0,310.9,1568,38.2,172,0
6066,L,301.0,311.0,1804,25.8,174,0
6067,L,301.0,311.0,1582,37.5,176,0
6068,M,301.0,310.9,2047,17.9,178,0
6069,L,300.9,310.9,1601,34.0,181,0
6070,L,300.9,310.9,1615,32.0,183,0
6071,M,300.9,310.8,1452,43.6,185,0
6072,M,300.9,310.8,1695,30.2,188,0
6073,M,300.9,310.8,1790,26.2,191,0
6074,M,301.0,310.8,1533,39.3,194,0
6075,L,301.0,310.9,1813,28.5,197,0
6076,L,301.0,310.9,1492,36.7,199,0
6077,L,300.9,310.7,1479,43.3,201,0
6078,L,300.8,310.7,1339,59.1,203,1
6079,M,300.8,310.7,1371,44.7,205,0
6080,L,300.9,310.7,1468,36.2,208,0
6081,L,300.9,310.7,1517,41.7,210,0
6082,L,300.9,310.7,1352,46.4,212,0
6083,L,300.9,310.7,1389,50.0,214,0
6084,M,300.8,310.6,1505,36.2,0,0
6085,L,300.9,310.6,1538,36.7,3,0
6086,L,300.9,310.8,1482,37.0,5,0
6087,M,300.9,310.8,1599,33.0,7,0
6088,L,300.9,310.8,1476,39.0,10,0
6089,L,300.9,310.7,1509,37.5,12,0
6090,L,300.9,310.8,1708,29.1,14,0
6091,L,300.9,310.7,1412,57.5,16,0
6092,L,300.9,310.7,1658,28.5,18,0
6093,L,301.0,310.8,1375,57.2,20,0
6094,M,300.9,310.8,1402,48.1,22,0
6095,M,300.9,310.7,1452,47.3,25,0
6096,M,300.8,310.7,1483,40.8,28,0
6097,H,300.9,310.8,1477,38.4,31,0
6098,M,300.8,310.7,1924,22.4,36,0
6099,H,300.9,310.7,1609,28.7,39,0
6100,M,300.8,310.7,1886,21.1,44,0
6101,L,300.7,310.6,1616,29.6,47,0
6102,L,300.7,310.7,1442,43.2,49,0
6103,L,300.8,310.8,1407,45.1,51,0
6104,M,300.8,310.8,1461,41.3,53,0
6105,M,300.8,310.9,1522,46.2,56,0
6106,L,300.9,311.0,1432,48.1,59,0
6107,L,300.9,311.0,1438,49.0,61,0
6108,M,300.8,310.9,1678,28.1,63,0
6109,M,300.8,310.9,1514,38.7,66,0
6110,L,300.7,310.8,1534,41.3,69,0
6111,M,300.7,310.8,1486,41.2,71,0
6112,L,300.7,310.8,1925,22.0,74,0
6113,M,300.7,310.8,1724,30.0,76,0
6114,M,300.8,310.8,1549,35.5,79,0
6115,L,300.8,310.9,1457,47.7,82,0
6116,L,300.8,310.9,1453,43.9,84,0
6117,L,300.8,311.0,1578,44.4,86,0
6118,M,300.9,311.1,1325,61.4,88,0
6119,L,300.9,311.1,1471,39.3,91,0
6120,M,300.9,311.2,1472,40.0,93,0
6121,L,300.9,311.1,1457,37.4,96,0
6122,L,301.0,311.0,1402,55.3,98,0
6123,L,300.9,310.9,1477,41.5,100,0
6124,M,300.9,310.9,1727,30.1,102,0
6125,L,300.9,310.9,1995,20.2,105,0
6126,L,300.9,310.9,1370,52.5,107,0
6127,L,300.9,310.9,1228,66.4,109,0
6128,L,300.9,311.0,1499,38.0,111,0
6129,M,301.0,311.0,1508,46.9,113,0
6130,L,301.0,310.9,1473,44.2,116,0
6131,H,301.0,311.0,1640,37.6,118,0
6132,L,301.1,311.1,1429,42.5,123,0
6133,L,301.1,311.1,1470,40.9,125,0
6134,L,301.0,311.0,1581,37.0,127,0
6135,L,301.0,310.9,1740,28.9,129,0
6136,H,300.9,310.8,1390,40.6,131,0
6137,M,300.9,310.8,1988,19.7,136,0
6138,M,300.8,310.7,1452,43.0,139,0
6139,L,300.8,310.7,1586,33.4,142,0
6140,L,300.8,310.7,1589,34.3,144,0
6141,L,300.8,310.8,1486,45.7,146,0
6142,L,300.9,310.9,1755,27.9,148,0
6143,M,301.0,310.9,1575,34.6,150,0
6144,M,301.1,311.1,1615,37.7,153,0
6145,M,301.1,311.1,1436,41.8,156,0
6146,M,301.1,311.1,1470,40.6,159,0
6147,M,301.1,311.1,2089,19.8,162,0
6148,L,301.1,311.2,1564,37.0,165,0
6149,M,301.0,311.1,1420,47.4,167,0
6150,L,301.1,311.1,1711,29.1,170,0
6151,L,301.1,311.2,1555,35.3,172,0
6152,M,301.1,311.1,1592,35.7,174,0
6153,L,301.0,311.1,1236,64.4,177,1
6154,M,301.0,310.9,1765,24.2,179,0
6155,L,301.0,311.0,1634,31.2,182,0
6156,L,301.1,311.1,1508,41.5,184,0
6157,L,301.1,311.2,1774,29.6,186,0
6158,L,301.1,311.0,1677,29.1,188,0
6159,L,301.0,311.0,1399,58.0,190,1
6160,L,301.0,310.9,1570,34.0,192,0
6161,L,301.0,310.9,1479,44.3,194,0
6162,L,301.0,310.8,1558,34.9,196,0
6163,L,300.8,310.7,1358,48.1,198,0
6164,H,300.9,310.7,1656,30.7,200,0
6165,L,300.9,310.7,1523,35.8,205,0
6166,H,300.9,310.7,1403,40.6,207,0
6167,M,300.9,310.7,1362,51.6,212,0
6168,M,300.7,310.6,1778,27.1,215,0
6169,L,300.7,310.5,1448,38.2,218,0
6170,H,300.8,310.5,1559,40.1,220,0
6171,L,300.8,310.6,1416,42.2,225,0
6172,L,300.8,310.6,1577,37.9,227,1
6173,L,300.8,310.7,1633,27.8,0,0
6174,L,300.9,310.7,1573,31.2,2,0
6175,L,300.9,310.8,1517,44.3,4,0
6176,L,301.0,310.9,1515,37.3,6,0
6177,L,301.0,310.8,1527,45.3,8,0
6178,L,301.1,310.9,1282,67.9,10,1
6179,M,301.1,310.9,1396,45.1,12,0
6180,L,301.0,310.9,1492,44.6,15,0
6181,L,301.0,310.8,1975,19.7,17,0
6182,L,301.0,310.8,1475,35.3,19,0
6183,H,301.0,310.9,1495,37.3,21,0
6184,L,301.0,311.0,1553,35.8,26,0
6185,L,301.1,311.0,1918,21.7,28,0
6186,M,301.1,311.0,1413,46.6,30,0
6187,L,301.0,311.0,1437,56.0,33,0
6188,L,301.0,310.9,1450,45.9,35,0
6189,M,301.0,310.9,1910,21.9,37,0
6190,L,300.9,310.9,1749,26.4,40,0
6191,H,301.0,310.9,1916,22.0,42,0
6192,L,301.0,310.9,1428,45.3,47,0
6193,L,301.0,310.9,1578,38.4,49,0
6194,L,300.9,310.8,1571,39.9,51,0
6195,L,300.9,310.8,1729,30.2,53,0
6196,L,300.9,310.8,1701,30.4,55,0
6197,L,300.9,310.8,1493,45.8,57,0
6198,M,301.0,310.9,1554,32.7,59,0
6199,L,300.9,310.9,1497,43.2,62,0
6200,L,301.0,310.9,1679,29.8,64,0
6201,M,301.0,310.9,1510,44.5,66,0
6202,L,301.0,310.9,1296,54.9,69,0
6203,L,301.0,310.9,1404,41.8,71,0
6204,M,300.9,310.8,1519,34.9,73,0
6205,M,300.9,310.7,1696,27.3,76,0
6206,M,300.8,310.6,1669,28.4,79,0
6207,L,300.7,310.6,1447,40.7,82,0
6208,M,300.7,310.6,1418,46.3,84,0
6209,L,300.7,310.6,1407,40.5,87,0
6210,L,300.8,310.5,1434,44.5,89,0
6211,L,300.8,310.6,1360,48.8,91,0
6212,L,300.8,310.6,1402,53.7,93,0
6213,L,300.9,310.6,1552,34.9,95,0
6214,L,300.9,310.7,1392,44.2,97,0
6215,L,301.1,310.8,1521,41.0,99,0
6216,L,301.1,310.8,1724,27.5,101,0
6217,M,301.0,310.7,1455,46.1,103,0
6218,H,301.0,310.6,1366,50.6,106,0
6219,H,301.1,310.6,1407,43.9,111,0
6220,L,301.1,310.8,1470,49.3,116,0
6221,M,301.2,310.9,1359,50.8,118,0
6222,H,301.1,310.8,1792,25.8,121,0
6223,M,301.1,310.9,1552,37.9,126,0
6224,L,301.2,311.0,1612,32.9,129,0
6225,M,301.2,311.0,1424,41.4,131,0
6226,H,301.3,311.0,1341,59.3,134,0
6227,L,301.2,310.8,1479,38.2,139,0
6228,L,301.2,310.9,1413,50.1,141,0
6229,L,301.3,310.9,2165,17.4,143,0
6230,M,301.3,311.0,1641,33.0,145,0
6231,M,301.3,311.0,1495,40.8,148,0
6232,L,301.3,311.0,1576,30.4,151,0
6233,L,301.2,310.9,1467,37.1,153,0
6234,L,301.2,310.8,1479,41.2,155,0
6235,L,301.3,310.9,1596,33.9,157,0
6236,M,301.3,310.9,1512,36.9,159,0
6237,L,301.4,310.9,1414,38.8,162,0
6238,L,301.3,310.8,1390,57.4,164,0
6239,L,301.2,310.7,1644,31.6,166,0
6240,M,301.2,310.7,1394,42.8,168,0
6241,L,301.1,310.5,1324,52.4,171,0
6242,L,301.0,310.4,1476,43.6,173,0
6243,L,301.0,310.4,2204,16.6,175,0
6244,M,301.0,310.4,1665,30.9,177,0
6245,L,300.9,310.4,1445,41.7,180,0
6246,H,300.8,310.3,1457,46.8,182,0
6247,L,300.8,310.2,1492,46.3,187,0
6248,L,300.8,310.1,1405,61.2,189,1
6249,L,300.7,310.1,1542,35.5,191,0
6250,L,300.8,310.2,1520,37.7,193,0
6251,M,300.8,310.2,1598,36.5,195,0
6252,L,300.8,310.3,1538,36.1,198,0
6253,L,300.9,310.4,1615,30.9,200,0
6254,L,301.0,310.5,1408,47.0,202,0
6255,L,301.0,310.5,1379,57.3,204,1
6256,L,301.0,310.6,1493,37.8,206,1
6257,L,301.1,310.7,1376,49.1,0,0
6258,M,301.1,310.7,1583,40.7,2,0
6259,M,301.2,310.8,1396,47.4,5,0
6260,L,301.1,310.7,1436,45.3,8,0
6261,L,301.1,310.6,1417,47.6,10,0
6262,L,301.0,310.6,1641,33.4,12,0
6263,M,301.0,310.6,1698,27.3,14,0
6264,L,300.9,310.4,1541,39.1,17,0
6265,L,300.8,310.3,1383,46.6,19,0
6266,L,300.8,310.4,1368,46.8,21,0
6267,L,300.8,310.4,1570,35.2,23,0
6268,L,300.9,310.5,1616,33.5,25,0
6269,M,300.9,310.5,1444,43.2,27,0
6270,L,300.9,310.4,2021,18.8,30,0
6271,M,300.9,310.5,1702,29.3,32,0
6272,M,301.1,310.6,1429,52.7,35,0
6273,L,301.2,310.8,1711,28.9,38,0
6274,M,301.2,310.7,1543,32.9,40,0
6275,L,301.3,310.8,1628,32.2,43,0
6276,L,301.2,310.8,1233,64.6,45,0
6277,L,301.2,310.8,1461,40.6,47,0
6278,L,301.2,310.7,1568,38.3,49,0
6279,L,301.3,310.8,1432,54.4,51,0
6280,M,301.2,310.7,1527,41.1,53,0
6281,M,301.3,310.8,1455,41.2,56,0
6282,M,301.3,310.8,1418,45.4,59,0
6283,L,301.3,310.8,1719,29.5,62,0
6284,M,301.2,310.8,1734,31.3,64,0
6285,M,301.2,310.7,1426,46.1,67,0
6286,L,301.1,310.6,1611,35.2,70,0
6287,M,301.1,310.6,1479,41.1,72,0
6288,L,301.0,310.5,1317,50.9,75,0
6289,L,301.0,310.5,1248,61.4,77,0
6290,L,301.0,310.5,1932,21.7,79,0
6291,M,301.1,310.5,1547,35.8,81,0
6292,L,301.0,310.4,1614,31.6,84,0
6293,H,301.0,310.4,1512,44.9,86,0
6294,L,301.1,310.5,1529,38.7,91,0
6295,H,301.1,310.6,1782,24.9,93,0
6296,L,301.0,310.5,1429,39.4,98,0
6297,M,301.1,310.5,1309,60.7,100,0
6298,L,301.1,310.5,1428,44.1,103,0
6299,L,301.2,310.6,1385,49.2,105,0
6300,L,301.2,310.7,1517,39.4,107,0
6301,M,301.2,310.6,1576,39.6,109,0
6302,L,301.2,310.6,1437,51.2,112,0
6303,H,301.2,310.6,1457,50.5,114,0
6304,L,301.1,310.5,1532,37.5,119,0
6305,M,301.1,310.5,1603,32.6,121,0
6306,L,301.0,310.4,1563,34.4,124,0
6307,L,301.0,310.3,1617,34.5,126,0
6308,M,300.8,310.1,1686,26.9,128,0
6309,L,300.9,310.2,1382,50.4,131,0
6310,L,300.9,310.1,2090,17.8,133,0
6311,L,300.9,310.3,1446,44.5,135,0
6312,M,300.9,310.2,1533,38.1,137,0
6313,L,300.9,310.3,1440,47.6,140,0
6314,M,301.0,310.4,1793,25.0,142,0
6315,M,301.0,310.4,1517,46.1,145,0
6316,L,300.9,310.4,1544,36.0,148,0
6317,L,300.9,310.3,1321,48.8,150,0
6318,M,300.9,310.3,1416,50.9,152,0
6319,L,300.8,310.2,1514,40.0,155,0
6320,M,300.8,310.2,1304,52.5,157,0
6321,L,300.7,310.2,1286,64.9,160,0
6322,M,300.7,310.1,1483,40.2,162,0
6323,L,300.7,310.1,1351,46.9,165,0
6324,M,300.7,310.1,1367,52.6,167,0
6325,L,300.7,310.1,1721,32.3,170,0
6326,L,300.6,310.0,1455,40.4,172,0
6327,L,300.6,310.0,1425,49.5,174,0
6328,L,300.7,310.0,1672,29.7,176,0
6329,M,300.7,310.0,1641,34.6,178,0
6330,M,300.5,310.0,1580,37.0,181,0
6331,H,300.5,310.0,1495,47.4,184,0
6332,M,300.5,309.9,1994,19.8,189,0
6333,M,300.4,309.9,1415,31.8,192,0
6334,M,300.4,309.8,1725,30.4,195,0
6335,M,300.4,309.8,1430,43.4,198,0
6336,L,300.4,309.8,1395,48.1,201,0
6337,M,300.4,309.8,1435,43.6,203,0
6338,L,300.4,309.9,1681,28.6,206,0
6339,L,300.5,310.0,1451,48.6,208,0
6340,H,300.5,309.9,1397,45.9,210,1
6341,M,300.4,309.8,1421,47.2,0,0
6342,M,300.3,309.8,1444,42.0,3,0
6343,L,300.2,309.8,1827,23.0,6,0
6344,H,300.2,309.8,1374,47.7,8,0
6345,L,300.2,309.8,1650,29.6,13,0
6346,L,300.2,309.7,1275,60.7,15,0
6347,L,300.2,309.7,1421,44.6,17,0
6348,L,300.2,309.8,1557,33.8,19,0
6349,L,300.1,309.8,1506,35.2,21,0
6350,L,300.1,309.7,1362,49.1,23,0
6351,L,300.0,309.7,1542,47.1,25,0
6352,L,300.0,309.6,1496,38.8,27,0
6353,M,300.0,309.6,1491,42.0,29,0
6354,L,300.1,309.6,1565,34.8,32,0
6355,L,300.1,309.7,1481,37.9,34,0
6356,M,300.1,309.7,1420,48.4,36,0
6357,L,300.2,309.8,1398,54.8,39,0
6358,M,300.2,309.8,1466,45.7,41,0
6359,L,300.1,309.8,1430,56.7,44,0
6360,L,300.1,309.7,1441,40.1,46,0
6361,M,300.1,309.7,1348,57.3,48,0
6362,L,300.0,309.6,1738,28.7,51,0
6363,M,300.0,309.6,1618,36.2,53,0
6364,M,299.9,309.6,1489,41.7,56,0
6365,M,299.9,309.5,1412,57.9,59,0
6366,M,299.9,309.5,2065,18.1,62,0
6367,L,300.0,309.6,1571,33.1,65,0
6368,M,300.0,309.6,1423,48.7,67,0
6369,H,300.0,309.5,1781,24.9,70,0
6370,L,300.1,309.6,1321,46.9,75,0
6371,L,300.1,309.6,1546,36.7,77,0
6372,M,300.0,309.5,1879,22.4,79,0
6373,H,300.0,309.5,1735,28.9,82,0
6374,L,300.0,309.5,1506,38.8,87,0
6375,H,300.0,309.6,1629,32.3,89,0
6376,L,300.0,309.6,1694,28.7,94,0
6377,L,300.1,309.6,1541,37.0,96,0
6378,L,300.0,309.6,1514,44.6,98,0
6379,L,300.1,309.7,1485,45.9,100,0
6380,L,300.2,309.8,1430,55.0,102,0
6381,L,300.2,309.7,1771,27.1,104,0
6382,L,300.2,309.8,1481,41.9,106,0
6383,H,300.2,309.7,1483,43.8,108,0
6384,H,300.1,309.6,1463,45.1,113,0
6385,L,300.1,309.7,1410,48.3,118,0
6386,L,300.2,309.7,1656,34.3,120,0
6387,M,300.2,309.8,1487,39.2,122,0
6388,H,300.3,309.9,1509,46.6,125,0
6389,H,300.3,309.9,1677,30.1,130,0
6390,L,300.3,309.8,1450,55.0,135,0
6391,M,300.2,309.7,1413,43.0,137,0
6392,L,300.1,309.7,1680,33.8,140,0
6393,L,300.2,309.7,1678,30.5,142,0
6394,M,300.2,309.7,1408,44.0,144,0
6395,M,300.1,309.6,1376,52.1,147,0
6396,L,300.0,309.6,1526,46.4,150,0
6397,M,300.0,309.6,1587,32.6,152,0
6398,L,300.1,309.7,1351,58.2,155,0
6399,M,300.1,309.6,1501,38.0,157,0
6400,L,300.1,309.7,1601,35.8,160,0
6401,M,300.0,309.6,1573,39.7,162,0
6402,M,300.1,309.6,1584,36.7,165,0
6403,L,300.1,309.6,1649,33.6,168,0
6404,M,300.2,309.7,1183,61.4,170,0
6405,L,300.1,309.7,2151,17.5,173,0
6406,L,300.2,309.8,1526,45.6,175,0
6407,M,300.3,309.9,1611,29.0,177,0
6408,L,300.3,309.9,1601,31.7,180,0
6409,L,300.3,310.0,1560,40.8,182,0
6410,L,300.4,310.1,1544,41.9,184,0
6411,M,300.4,310.0,1560,42.3,186,0
6412,L,300.4,310.0,1423,44.2,189,0
6413,L,300.4,310.1,1614,33.5,191,0
6414,M,300.4,310.1,1457,35.1,193,0
6415,L,300.4,310.1,1503,42.2,196,0
6416,H,300.4,310.1,1484,38.0,198,0
6417,L,300.3,309.9,1540,39.9,203,0
6418,H,300.3,309.9,1405,52.1,205,0
6419,H,300.3,309.9,1394,46.7,210,1
6420,L,300.3,309.9,1518,36.4,0,0
6421,L,300.3,309.9,1527,41.4,2,0
6422,L,300.3,309.9,1377,55.3,4,0
6423,M,300.3,310.0,1537,37.5,6,0
6424,M,300.3,310.0,1409,43.2,9,0
6425,L,300.3,309.9,1393,56.1,12,0
6426,L,300.2,309.7,1448,36.8,14,0
6427,L,300.2,309.8,1418,49.3,16,0
6428,M,300.2,309.8,1743,24.1,18,0
6429,M,300.2,309.8,1394,47.4,21,0
6430,L,300.3,309.8,1523,39.2,24,0
6431,L,300.2,309.8,1353,59.4,26,0
6432,M,300.3,309.9,1447,46.5,28,0
6433,L,300.3,309.9,1570,34.0,31,0
6434,M,300.3,309.9,1494,38.5,33,0
6435,L,300.3,309.9,1621,34.1,36,0
6436,L,300.4,310.0,1769,26.1,38,0
6437,L,300.4,310.0,1282,66.1,40,0
6438,L,300.4,310.0,1581,30.3,42,0
6439,L,300.6,310.1,1656,32.7,44,0
6440,L,300.6,310.2,1648,31.7,46,0
6441,L,300.7,310.2,1639,31.4,48,0
6442,L,300.7,310.2,1348,54.8,50,0
6443,L,300.8,310.3,1537,33.3,52,0
6444,M,300.8,310.3,1270,61.0,54,0
6445,L,300.7,310.3,1662,34.4,57,0
6446,M,300.7,310.3,1471,40.2,59,0
6447,L,300.6,310.1,1337,45.8,62,0
6448,H,300.7,310.2,1877,24.8,64,0
6449,L,300.6,310.2,1519,44.6,69,0
6450,L,300.6,310.2,1378,47.3,71,0
6451,L,300.7,310.2,1696,27.5,73,0
6452,L,300.7,310.1,1376,50.8,75,0
6453,L,300.7,310.2,1807,24.2,77,0
6454,L,300.7,310.1,1598,32.8,79,0
6455,L,300.7,310.1,1565,40.2,81,0
6456,L,300.7,310.2,1387,50.6,83,0
6457,L,300.7,310.0,1395,48.0,85,0
6458,M,300.6,310.0,1302,62.9,87,0
6459,M,300.6,310.0,1397,55.2,90,0
6460,L,300.6,310.0,1313,52.9,93,0
6461,L,300.6,310.0,1505,35.9,95,0
6462,H,300.6,310.0,1483,44.0,97,0
6463,H,300.5,310.0,1358,60.4,102,0
6464,M,300.5,309.9,1735,27.0,107,0
6465,M,300.5,309.8,1416,48.5,110,0
6466,L,300.4,309.7,1740,31.1,113,0
6467,L,300.4,309.7,1692,27.4,115,0
6468,L,300.5,309.8,1507,42.5,117,0
6469,M,300.4,309.6,1521,35.0,119,0
6470,L,300.4,309.6,1379,54.5,122,0
6471,L,300.4,309.6,1523,38.5,124,0
6472,H,300.4,309.6,1571,33.6,126,0
6473,H,300.4,309.5,1547,50.7,131,0
6474,M,300.5,309.7,1347,54.3,136,0
6475,L,300.5,309.7,1560,30.2,139,0
6476,L,300.5,309.7,1384,48.6,141,0
6477,L,300.5,309.7,1841,24.6,143,0
6478,L,300.5,309.8,1663,29.1,145,1
6479,L,300.6,309.8,1418,42.7,147,0
6480,L,300.7,309.9,1775,26.6,149,0
6481,L,300.7,309.8,1406,48.4,151,0
6482,L,300.6,309.9,1480,43.7,153,0
6483,L,300.7,309.9,1412,45.3,155,0
6484,H,300.6,309.8,1913,22.5,157,0
6485,L,300.6,309.8,1629,37.6,162,0
6486,L,300.5,309.8,1939,21.4,164,0
6487,H,300.6,309.8,1541,36.2,166,0
6488,L,300.7,309.8,1330,54.4,171,0
6489,M,300.7,309.8,1490,38.8,173,0
6490,L,300.7,309.9,1383,44.5,176,0
6491,L,300.8,310.0,1468,52.7,178,0
6492,M,300.8,309.9,1444,46.0,180,0
6493,L,300.7,309.8,1363,53.1,183,0
6494,L,300.6,309.7,1617,33.2,185,0
6495,M,300.6,309.8,1694,31.1,187,0
6496,L,300.7,309.9,1815,27.0,190,0
6497,L,300.8,309.9,1312,65.3,192,1
6498,H,300.8,309.9,2041,19.2,194,0
6499,L,300.9,310.0,1671,26.8,199,0
6500,M,300.9,310.0,1416,46.6,201,0
6501,M,300.9,310.0,1600,36.0,204,0
6502,L,300.9,310.0,2595,13.7,207,0
6503,M,300.9,309.9,1465,42.9,209,0
6504,M,301.0,310.1,1681,27.4,212,0
6505,L,301.1,310.1,1457,39.6,215,0
6506,H,301.0,310.1,1454,44.1,217,0
6507,L,301.0,310.1,1558,32.6,0,0
6508,H,301.0,310.1,1756,30.7,2,0
6509,L,301.1,310.1,1564,36.8,7,0
6510,L,301.1,310.2,1455,55.3,9,0
6511,M,301.2,310.1,2280,15.7,11,0
6512,M,301.1,310.0,1433,48.1,14,0
6513,L,301.1,310.0,1513,38.0,17,0
6514,L,301.0,309.9,1507,41.8,19,0
6515,L,301.0,310.0,1480,43.5,21,0
6516,H,301.1,310.0,1470,40.1,23,0
6517,L,301.1,310.1,1540,36.6,28,0
6518,H,301.0,310.0,1212,67.9,30,0
6519,L,301.1,310.1,1417,46.9,35,0
6520,M,301.2,310.1,1666,34.9,37,0
6521,L,301.1,310.1,1666,27.2,40,0
6522,L,301.1,310.1,1489,45.8,42,0
6523,M,301.1,310.2,1850,27.7,44,0
6524,L,301.1,310.4,1874,24.8,47,0
6525,L,301.1,310.4,1312,73.6,49,1
6526,L,301.2,310.4,1515,38.4,51,0
6527,L,301.2,310.4,1516,44.4,53,0
6528,L,301.2,310.5,1546,40.0,55,0
6529,L,301.3,310.6,1481,40.9,57,0
6530,H,301.3,310.6,1605,32.5,59,0
6531,H,301.2,310.7,1656,26.2,64,0
6532,H,301.2,310.6,1352,52.0,69,0
6533,L,301.3,310.7,1504,47.2,74,0
6534,L,301.3,310.6,1436,44.2,76,0
6535,H,301.2,310.5,1505,43.6,78,0
6536,L,301.3,310.5,1406,47.1,83,0
6537,M,301.3,310.5,1481,39.7,85,0
6538,L,301.4,310.7,1487,44.6,88,0
6539,L,301.4,310.7,1436,54.1,90,0
6540,M,301.4,310.7,1368,63.7,92,1
6541,L,301.4,310.7,1509,38.3,95,0
6542,L,301.4,310.8,1543,36.9,97,0
6543,L,301.4,310.8,1698,29.6,99,0
6544,M,301.4,310.7,1470,46.5,101,0
6545,M,301.4,310.8,1738,30.3,104,0
6546,M,301.4,310.8,1530,39.9,107,0
6547,L,301.4,310.8,1740,29.2,110,0
6548,L,301.4,310.8,1770,24.1,112,0
6549,H,301.3,310.6,1527,44.0,114,0
6550,L,301.3,310.7,1516,46.0,119,0
6551,L,301.4,310.7,1616,36.5,121,0
6552,L,301.4,310.7,1786,26.1,123,0
6553,L,301.4,310.8,1389,52.7,125,0
6554,M,301.4,310.7,1639,29.8,127,0
6555,H,301.5,310.7,1394,46.7,130,0
6556,L,301.5,310.7,1686,27.9,135,0
6557,M,301.5,310.6,1638,31.9,137,0
6558,M,301.5,310.6,1447,41.9,140,0
6559,H,301.5,310.6,1512,39.0,143,0
6560,L,301.6,310.8,1961,21.8,148,0
6561,L,301.5,310.7,1596,35.4,150,0
6562,M,301.5,310.7,1871,21.3,152,0
6563,L,301.5,310.7,1942,20.5,155,0
6564,L,301.4,310.6,1557,38.2,157,0
6565,L,301.4,310.6,1550,36.8,159,0
6566,L,301.3,310.6,1966,22.6,161,0
6567,M,301.3,310.6,1499,36.1,163,0
6568,L,301.3,310.6,1521,36.3,166,0
6569,M,301.4,310.7,1375,42.0,168,0
6570,L,301.4,310.6,1634,31.1,171,0
6571,M,301.3,310.6,1378,49.4,173,0
6572,L,301.4,310.7,1428,53.7,176,0
6573,M,301.4,310.6,1855,25.3,178,0
6574,L,301.4,310.6,1578,33.0,181,0
6575,M,301.4,310.5,1451,45.3,183,0
6576,L,301.5,310.5,1644,34.9,186,0
6577,L,301.4,310.4,1388,45.3,188,0
6578,L,301.4,310.4,1543,40.9,190,0
6579,L,301.3,310.4,1501,41.6,192,0
6580,L,301.3,310.4,1507,39.1,194,0
6581,L,301.4,310.4,1559,36.0,196,0
6582,L,301.5,310.5,1528,35.7,198,0
6583,M,301.5,310.5,1503,38.2,200,0
6584,L,301.5,310.5,1372,44.0,203,0
6585,M,301.5,310.5,1600,32.8,205,0
6586,L,301.5,310.6,1453,44.0,208,0
6587,M,301.6,310.7,1813,24.6,210,0
6588,L,301.6,310.7,1457,40.4,213,0
6589,M,301.6,310.6,1553,38.9,0,0
6590,L,301.7,310.7,1763,25.9,3,0
6591,L,301.7,310.7,2023,20.9,5,0
6592,M,301.6,310.7,1457,47.8,7,0
6593,L,301.6,310.7,1679,29.5,10,0
6594,L,301.6,310.6,2103,19.7,12,0
6595,M,301.5,310.7,1460,38.6,14,0
6596,M,301.5,310.7,1454,39.4,17,0
6597,L,301.5,310.6,1481,46.8,20,0
6598,L,301.5,310.7,1424,51.1,22,0
6599,L,301.6,310.7,1494,39.5,24,0
6600,M,301.5,310.6,1424,47.0,26,0
6601,M,301.5,310.7,1347,47.9,29,0
6602,L,301.5,310.6,1374,46.7,32,0
6603,M,301.5,310.6,1403,47.4,34,0
6604,M,301.5,310.6,1573,37.4,37,0
6605,M,301.6,310.6,1691,30.1,40,0
6606,H,301.5,310.5,1538,44.3,43,0
6607,L,301.5,310.5,1556,39.1,48,0
6608,M,301.5,310.4,1593,36.8,50,0
6609,L,301.5,310.4,1474,39.9,53,0
6610,L,301.5,310.4,1543,34.0,55,0
6611,H,301.5,310.5,1587,33.8,57,0
6612,L,301.6,310.6,1222,70.0,62,0
6613,L,301.7,310.6,1513,41.1,64,0
6614,L,301.7,310.6,1660,28.7,66,0
6615,L,301.7,310.6,1545,42.1,68,0
6616,M,301.7,310.6,1380,45.8,70,0
6617,L,301.6,310.6,1321,60.8,73,0
6618,M,301.6,310.6,1309,65.8,75,1
6619,M,301.7,310.7,1627,31.3,78,0
6620,M,301.6,310.7,1791,23.8,81,0
6621,M,301.7,310.7,1861,21.8,84,0
6622,L,301.7,310.7,1493,51.1,87,0
6623,M,301.7,310.7,1442,41.1,89,0
6624,L,301.7,310.7,1532,39.8,92,0
6625,M,301.6,310.7,1421,44.4,94,0
6626,L,301.6,310.6,1613,42.5,97,0
6627,M,301.7,310.6,1876,22.1,99,0
6628,L,301.6,310.5,1593,34.5,102,0
6629,L,301.6,310.5,1397,49.4,104,0
6630,M,301.6,310.5,1414,49.3,106,0
6631,M,301.5,310.4,1378,55.3,109,0
6632,L,301.4,310.4,1301,51.2,112,0
6633,M,301.5,310.5,1737,29.3,114,0
6634,L,301.5,310.5,1396,44.5,117,0
6635,L,301.5,310.5,1534,39.3,119,0
6636,M,301.5,310.5,1774,25.5,121,0
6637,H,301.5,310.5,1453,48.0,124,0
6638,L,301.5,310.5,1453,44.2,129,0
6639,L,301.4,310.5,1380,48.4,131,0
6640,L,301.4,310.4,1334,43.2,133,0
6641,L,301.5,310.5,1702,28.7,135,0
6642,L,301.6,310.6,1431,37.5,137,0
6643,M,301.5,310.5,1308,60.5,139,0
6644,L,301.5,310.6,1565,43.9,142,0
6645,M,301.5,310.4,1486,39.6,144,0
6646,L,301.5,310.5,1479,34.2,147,0
6647,L,301.5,310.5,1927,22.4,149,0
6648,L,301.5,310.4,1488,41.1,151,0
6649,M,301.5,310.4,1350,54.9,153,0
6650,L,301.6,310.4,1561,35.3,156,0
6651,M,301.5,310.4,1276,55.6,158,0
6652,H,301.5,310.4,1580,35.7,161,0
6653,M,301.4,310.3,1610,29.1,166,0
6654,L,301.4,310.3,2203,16.6,169,0
6655,L,301.4,310.3,1639,32.7,171,0
6656,M,301.4,310.4,1553,44.7,173,0
6657,L,301.4,310.3,1374,47.6,176,0
6658,L,301.4,310.4,1430,50.9,178,0
6659,L,301.3,310.3,1626,31.3,180,0
6660,H,301.4,310.5,1421,43.8,182,0
6661,M,301.3,310.4,1501,39.8,187,0
6662,M,301.3,310.4,2093,18.7,190,0
6663,L,301.3,310.4,1504,47.2,193,0
6664,L,301.3,310.4,1538,38.4,195,0
6665,L,301.3,310.4,1440,41.5,197,0
6666,L,301.3,310.4,1414,51.4,199,0
6667,H,301.4,310.5,1536,39.9,201,0
6668,L,301.4,310.5,1476,39.2,206,0
6669,L,301.4,310.5,1571,33.9,208,0
6670,L,301.5,310.6,1998,20.2,210,0
6671,L,301.5,310.6,1357,42.1,212,0
6672,L,301.6,310.7,1424,50.5,214,0
6673,L,301.6,310.7,1380,51.8,216,1
6674,L,301.5,310.7,1618,35.5,218,0
6675,L,301.5,310.6,1579,28.0,220,0
6676,L,301.5,310.7,1423,44.0,222,0
6677,L,301.5,310.7,1435,38.5,224,0
6678,M,301.5,310.7,1336,65.6,0,1
6679,L,301.6,310.8,1392,42.4,3,0
6680,L,301.5,310.8,1417,49.7,5,0
6681,L,301.4,310.7,1425,45.1,7,0
6682,L,301.5,310.8,1512,38.9,9,0
6683,L,301.5,310.9,1318,50.6,11,0
6684,L,301.6,310.9,1538,40.4,13,0
6685,L,301.6,310.9,1532,43.6,15,0
6686,L,301.7,311.0,1715,24.8,17,0
6687,L,301.7,311.0,1700,28.7,19,0
6688,L,301.7,311.0,1548,40.3,21,0
6689,L,301.7,311.0,1546,43.0,23,0
6690,L,301.7,311.0,1343,49.2,25,0
6691,M,301.7,311.0,1510,47.8,27,0
6692,M,301.8,311.0,1839,23.6,30,0
6693,M,301.8,311.0,1756,26.7,33,0
6694,M,301.7,310.9,1300,62.7,36,0
6695,M,301.7,311.0,1311,55.8,39,0
6696,L,301.7,310.9,1636,31.3,42,0
6697,L,301.6,310.9,1643,34.1,44,0
6698,L,301.6,310.8,1418,44.7,46,0
6699,M,301.7,310.8,1516,40.4,48,0
6700,H,301.6,310.9,1419,50.2,51,0
6701,L,301.6,310.9,1623,34.1,56,0
6702,M,301.6,310.8,1664,32.0,58,0
6703,M,301.5,310.7,1744,28.2,61,0
6704,M,301.5,310.7,1510,36.0,64,0
6705,M,301.5,310.6,1382,58.1,67,0
6706,L,301.4,310.6,1381,46.1,70,0
6707,L,301.3,310.6,1556,39.0,72,0
6708,M,301.4,310.6,1464,37.4,74,0
6709,L,301.4,310.6,1481,37.6,77,0
6710,L,301.5,310.7,1323,49.7,79,0
6711,L,301.5,310.7,1426,46.1,81,0
6712,H,301.4,310.7,1516,36.4,83,0
6713,L,301.3,310.6,1416,45.2,88,0
6714,L,301.3,310.6,1440,53.8,90,0
6715,L,301.3,310.6,1576,30.4,92,0
6716,L,301.3,310.6,1387,53.6,94,0
6717,M,301.4,310.6,1464,48.6,96,0
6718,L,301.4,310.6,2137,18.0,99,0
6719,M,301.4,310.6,1431,40.6,101,0
6720,L,301.3,310.6,1458,48.0,104,0
6721,L,301.4,310.7,1280,61.0,106,0
6722,L,301.4,310.7,1657,28.7,108,0
6723,M,301.4,310.6,1565,36.1,110,0
6724,L,301.3,310.6,1560,36.8,113,0
6725,M,301.5,310.7,1359,47.1,115,0
6726,L,301.5,310.8,1500,41.0,118,0
6727,L,301.5,310.8,1785,25.5,120,0
6728,L,301.5,310.9,1891,23.2,122,0
6729,H,301.5,310.9,1524,40.4,124,0
6730,M,301.6,311.0,1431,42.3,129,0
6731,L,301.6,310.9,1385,51.2,132,0
6732,L,301.7,311.0,1503,44.8,134,0
6733,M,301.7,311.0,1311,46.8,136,0
6734,M,301.6,310.9,1575,40.1,139,0
6735,L,301.6,311.0,1485,40.1,142,0
6736,L,301.7,311.0,1527,42.2,144,0
6737,M,301.7,311.0,1537,33.5,146,0
6738,H,301.8,311.1,1463,50.1,149,0
6739,L,301.7,311.2,1482,43.6,154,0
6740,L,301.8,311.2,1417,55.9,156,0
6741,M,301.7,311.1,1506,39.5,158,0
6742,H,301.7,311.2,1639,30.0,161,0
6743,L,301.7,311.2,1418,38.0,166,0
6744,M,301.7,311.0,1298,58.1,168,0
6745,M,301.8,311.1,1395,44.6,171,0
6746,M,301.7,311.1,1578,40.5,174,0
6747,M,301.8,311.1,1597,29.8,177,0
6748,H,301.7,311.0,2016,19.3,180,0
6749,L,301.7,311.0,1585,35.9,185,0
6750,M,301.7,311.0,1505,44.0,187,0
6751,M,301.7,311.0,1505,37.1,190,0
6752,L,301.6,310.9,1706,29.5,193,0
6753,L,301.6,310.9,1385,50.7,195,0
6754,L,301.8,311.1,1495,36.9,197,0
6755,M,301.8,311.1,1663,31.6,199,0
6756,L,301.8,311.2,1840,26.6,202,0
6757,L,301.8,311.2,1822,26.2,204,0
6758,L,301.7,311.1,1644,32.8,206,0
6759,L,301.7,311.0,1441,44.3,208,1
6760,L,301.5,310.9,1451,40.6,0,0
6761,L,301.5,310.9,1400,50.8,2,0
6762,L,301.4,310.8,1362,53.2,4,0
6763,M,301.4,310.8,1782,26.5,6,0
6764,L,301.4,310.9,1536,38.3,9,0
6765,L,301.5,310.9,1580,32.3,11,0
6766,M,301.4,311.0,1427,43.2,13,0
6767,L,301.3,310.9,1509,41.7,16,0
6768,H,301.3,310.8,1434,39.5,18,0
6769,L,301.2,310.8,1392,52.6,23,0
6770,M,301.3,310.8,1509,40.1,25,0
6771,M,301.2,310.7,1962,22.5,28,0
6772,L,301.3,310.7,1536,39.3,31,0
6773,L,301.3,310.8,1381,47.9,33,0
6774,H,301.2,310.7,1747,27.3,35,0
6775,L,301.2,310.6,1670,30.0,40,0
6776,L,301.3,310.6,1451,47.5,42,0
6777,L,301.2,310.7,1951,21.3,44,0
6778,M,301.3,310.7,1819,25.5,46,0
6779,M,301.3,310.8,1372,54.2,49,0
6780,L,301.3,310.8,1560,38.5,52,0
6781,M,301.3,310.8,1494,35.3,54,0
6782,L,301.3,310.8,1531,53.4,57,0
6783,L,301.3,310.8,1450,46.9,59,0
6784,M,301.3,310.7,1391,52.5,61,0
6785,L,301.2,310.6,1389,45.3,64,0
6786,L,301.2,310.6,1409,50.9,66,0
6787,H,301.1,310.6,1388,58.5,68,0
6788,M,301.1,310.6,1410,43.9,73,0
6789,M,301.1,310.5,1646,30.7,76,0
6790,M,301.1,310.7,2219,16.7,79,0
6791,L,301.2,310.7,1551,41.2,82,0
6792,L,301.2,310.6,1811,24.0,84,0
6793,L,301.3,310.7,1608,31.4,86,0
6794,L,301.3,310.8,1428,55.2,88,0
6795,L,301.4,310.8,1477,50.4,90,0
6796,M,301.3,310.7,1300,58.3,92,0
6797,M,301.2,310.7,1615,34.9,95,0
6798,L,301.2,310.7,1676,32.4,98,0
6799,M,301.1,310.7,2636,12.2,100,1
6800,M,301.1,310.6,1310,48.8,103,0
6801,L,301.1,310.7,1334,48.2,106,0
6802,M,301.1,310.7,1621,31.0,108,0
6803,M,301.1,310.7,1367,43.4,111,0
6804,L,301.0,310.6,1588,33.7,114,0
6805,M,301.0,310.7,1497,37.6,116,0
6806,L,301.1,310.8,1608,32.9,119,0
6807,L,301.0,310.8,1549,41.4,121,0
6808,L,301.0,310.7,1391,45.0,123,0
6809,L,300.9,310.8,1490,38.1,125,0
6810,L,301.0,310.7,1727,34.5,127,0
6811,L,300.9,310.6,1504,46.4,129,0
6812,L,300.9,310.6,1350,53.8,131,0
6813,M,300.9,310.7,1420,43.0,133,0
6814,H,300.8,310.6,1465,44.1,136,0
6815,L,300.9,310.7,1427,44.1,141,0
6816,L,300.9,310.7,1477,43.2,143,0
6817,M,301.0,310.7,1493,48.1,145,0
6818,M,301.0,310.7,1657,29.9,148,0
6819,L,300.9,310.7,1359,46.0,151,0
6820,L,300.8,310.6,1551,34.5,153,0
6821,M,300.8,310.6,1545,37.5,155,0
6822,M,300.9,310.6,1709,29.2,158,0
6823,M,300.9,310.7,1268,56.3,161,0
6824,L,300.9,310.7,1740,25.3,164,0
6825,L,301.0,310.9,1828,25.1,166,0
6826,L,301.0,310.9,1822,21.6,168,0
6827,M,301.0,310.9,1515,41.8,170,0
6828,L,301.0,310.9,1392,52.9,173,0
6829,H,300.9,310.9,1474,35.7,175,0
6830,M,301.0,310.9,1359,53.4,180,0
6831,L,301.1,311.0,1565,52.3,183,0
6832,M,301.1,311.1,1384,42.5,185,0
6833,L,301.1,311.1,1387,53.1,188,0
6834,L,301.1,311.0,1378,51.1,190,0
6835,L,301.0,310.9,1809,25.7,192,0
6836,H,301.1,311.0,1339,52.8,194,0
6837,M,301.0,311.0,1423,38.6,199,0
6838,L,301.1,311.1,1570,41.6,202,0
6839,L,301.2,311.2,1558,34.1,204,0
6840,L,301.1,311.1,1799,21.7,206,0
6841,M,301.1,311.2,1591,35.0,208,0
6842,L,301.2,311.2,1635,29.6,211,0
6843,L,301.3,311.3,1509,42.5,213,0
6844,M,301.3,311.4,1838,23.2,215,0
6845,M,301.3,311.5,1648,32.4,0,0
6846,M,301.2,311.5,1498,49.5,3,0
6847,L,301.2,311.4,1757,28.0,6,0
6848,M,301.1,311.3,1389,53.3,8,0
6849,L,301.1,311.3,1498,37.6,11,0
6850,M,301.0,311.2,1521,35.8,13,0
6851,M,301.0,311.2,1394,41.3,16,0
6852,H,301.0,311.2,1602,32.7,19,0
6853,L,300.9,311.1,1417,40.7,24,0
6854,L,301.0,311.2,1511,42.9,26,0
6855,M,301.1,311.3,1654,30.7,28,0
6856,M,301.1,311.3,1836,22.8,31,0
6857,L,301.1,311.3,1622,35.6,34,0
6858,L,301.0,311.2,1467,45.4,36,0
6859,M,301.1,311.3,1909,22.7,38,0
6860,L,301.1,311.2,1910,20.2,41,0
6861,H,301.1,311.3,2207,16.6,43,0
6862,M,301.1,311.2,1384,49.4,48,0
6863,L,301.1,311.3,1630,29.5,51,0
6864,L,301.1,311.3,1268,60.0,53,0
6865,L,301.1,311.4,1531,38.7,55,0
6866,M,301.0,311.3,1454,41.5,57,0
6867,L,301.0,311.3,1342,50.9,60,0
6868,L,301.0,311.2,1363,46.3,62,0
6869,L,301.0,311.2,1412,42.1,64,0
6870,H,301.0,311.3,1597,39.2,66,0
6871,L,301.0,311.3,1349,47.0,71,0
6872,L,301.0,311.3,1472,35.3,73,0
6873,L,301.0,311.4,1478,39.5,75,0
6874,H,300.9,311.3,1295,58.9,77,0
6875,M,300.8,311.2,1592,32.9,82,0
6876,L,300.8,311.2,1430,54.4,85,0
6877,M,300.8,311.2,1488,40.1,87,0
6878,H,300.9,311.2,1518,35.0,90,0
6879,H,300.8,311.2,2237,17.0,95,0
6880,M,300.9,311.3,1801,24.6,100,0
6881,L,301.0,311.4,1573,37.6,103,0
6882,L,300.9,311.4,2073,21.4,105,0
6883,L,300.9,311.3,1953,19.4,107,0
6884,L,300.8,311.2,1492,39.0,109,0
6885,L,300.8,311.2,1397,48.7,111,0
6886,M,300.8,311.3,1465,43.2,113,0
6887,L,300.8,311.3,1782,26.9,116,0
6888,M,300.9,311.4,1434,45.4,118,0
6889,H,300.9,311.4,1387,42.7,121,0
6890,M,300.9,311.4,1532,41.5,126,0
6891,L,300.9,311.5,1505,41.1,129,0
6892,L,301.0,311.6,1440,43.3,131,0
6893,L,301.0,311.6,1470,43.4,133,0
6894,L,301.1,311.7,1408,46.3,135,0
6895,M,301.0,311.6,1357,45.6,137,0
6896,M,301.0,311.6,1454,40.0,140,0
6897,L,301.0,311.6,1352,63.5,143,0
6898,M,301.0,311.6,1448,43.9,145,0
6899,L,300.9,311.6,1671,33.5,148,0
6900,L,301.0,311.7,1670,31.3,150,0
6901,L,301.0,311.7,1547,34.5,152,0
6902,L,301.0,311.6,1461,40.6,154,0
6903,M,301.0,311.6,1609,35.8,156,0
6904,M,300.9,311.5,1704,31.3,159,0
6905,M,301.0,311.5,1550,34.9,162,0
6906,M,301.0,311.5,1530,43.9,165,0
6907,L,300.9,311.3,1449,40.2,168,0
6908,L,300.9,311.3,1613,32.7,170,0
6909,L,300.8,311.2,1376,48.1,172,0
6910,L,300.8,311.2,1434,45.6,174,0
6911,L,300.8,311.1,1480,41.1,176,0
6912,M,300.8,311.2,1634,31.9,178,0
6913,L,300.8,311.2,1481,38.5,181,0
6914,H,300.9,311.3,1668,28.9,183,0
6915,L,301.0,311.4,1484,36.2,188,0
6916,M,300.9,311.3,1603,31.8,190,0
6917,L,301.0,311.4,1481,37.5,193,0
6918,L,301.0,311.5,1559,31.8,195,0
6919,L,301.0,311.5,1444,39.8,197,0
6920,M,301.2,311.6,1423,48.0,199,0
6921,L,301.1,311.6,1432,48.1,202,0
6922,L,301.2,311.7,1463,48.3,204,0
6923,L,301.2,311.7,1433,49.3,206,0
6924,L,301.2,311.6,1461,52.9,208,1
6925,M,301.1,311.6,1266,55.5,210,0
6926,H,301.1,311.6,1417,53.4,0,0
6927,L,301.1,311.6,1488,43.4,5,0
6928,L,301.1,311.7,1816,24.5,7,0
6929,M,301.0,311.6,1301,55.0,9,0
6930,M,300.9,311.5,1836,21.8,12,0
6931,M,300.8,311.4,1521,39.9,15,0
6932,L,300.8,311.4,1322,67.2,18,1
6933,L,300.8,311.4,1492,40.6,20,0
6934,L,300.8,311.4,1536,40.9,22,0
6935,L,300.7,311.2,1878,24.3,24,0
6936,L,300.6,311.1,1471,40.7,26,0
6937,H,300.6,311.1,1452,40.2,28,0
6938,L,300.7,311.2,1452,44.4,33,0
6939,M,300.7,311.3,1348,53.0,35,0
6940,H,300.8,311.4,1453,44.6,38,0
6941,L,300.8,311.4,1316,57.6,43,0
6942,M,300.8,311.4,1732,26.9,45,0
6943,L,300.7,311.3,1522,35.2,48,0
6944,M,300.7,311.3,1487,39.8,50,0
6945,M,300.8,311.4,1852,22.2,53,0
6946,L,300.7,311.2,1486,46.8,56,0
6947,M,300.7,311.3,1562,37.1,58,0
6948,L,300.7,311.2,1457,51.4,61,0
6949,M,300.7,311.2,1769,26.5,63,0
6950,H,300.7,311.3,1374,53.1,66,0
6951,L,300.8,311.3,1524,43.5,71,0
6952,L,300.8,311.3,1498,40.2,73,0
6953,L,300.8,311.3,1462,41.4,75,0
6954,M,300.8,311.2,1429,52.3,77,0
6955,L,300.7,311.2,1399,47.9,80,0
6956,M,300.8,311.2,1434,39.1,82,0
6957,L,300.7,311.1,1324,52.2,85,0
6958,L,300.6,311.0,1563,40.7,87,0
6959,L,300.6,311.0,1543,34.7,89,0
6960,L,300.7,311.0,1413,52.0,91,0
6961,M,300.7,311.0,1378,41.2,93,0
6962,M,300.7,311.1,1373,49.9,96,0
6963,H,300.7,311.0,1981,19.9,99,0
6964,M,300.7,311.0,1263,52.3,104,0
6965,L,300.7,311.0,1312,52.1,107,0
6966,L,300.7,311.0,1969,20.7,109,0
6967,M,300.8,311.2,1365,51.7,111,0
6968,L,300.9,311.2,1789,25.5,114,0
6969,M,300.8,311.1,1583,32.1,116,0
6970,L,300.7,311.0,1436,44.9,119,0
6971,M,300.7,311.0,1559,42.8,121,0
6972,L,300.7,311.0,1377,49.9,124,0
6973,L,300.7,311.0,1462,41.9,126,0
6974,L,300.7,311.0,1318,48.2,128,0
6975,M,300.7,311.0,1378,51.6,130,0
6976,L,300.6,310.9,1344,46.7,133,0
6977,L,300.7,311.1,2377,14.3,135,0
6978,L,300.7,311.1,1427,50.3,137,0
6979,L,300.9,311.2,1353,60.4,139,0
6980,L,300.8,311.3,1505,45.5,141,0
6981,H,300.8,311.2,1612,32.5,143,0
6982,L,300.7,311.1,1440,43.0,148,0
6983,M,300.7,311.0,1334,53.9,150,0
6984,M,300.7,311.0,1706,25.0,153,0
6985,H,300.8,311.1,1698,24.8,156,0
6986,L,300.7,311.1,1688,30.7,161,0
6987,L,300.7,311.1,2437,13.8,163,0
6988,L,300.7,311.1,1478,46.8,165,0
6989,M,300.7,311.1,1608,35.3,167,0
6990,L,300.7,311.1,2478,13.4,170,1
6991,L,300.8,311.1,1509,33.4,172,0
6992,L,300.7,311.0,1596,36.9,174,0
6993,M,300.7,311.0,1740,25.6,176,0
6994,L,300.6,310.8,1375,53.2,179,0
6995,M,300.6,310.7,1705,31.2,181,0
6996,M,300.5,310.6,1621,32.0,184,0
6997,M,300.6,310.7,1566,38.2,187,0
6998,M,300.6,310.7,1388,42.9,190,0
6999,M,300.6,310.7,1457,36.7,193,0
7000,M,300.6,310.6,1463,45.5,196,0
7001,L,300.5,310.5,1564,38.2,199,0
7002,H,300.5,310.6,1411,47.2,201,0
7003,L,300.5,310.6,1540,46.7,206,0
7004,L,300.5,310.6,1950,20.3,208,0
7005,M,300.6,310.7,1339,52.9,0,0
7006,H,300.6,310.6,1419,39.6,3,0
7007,L,300.5,310.6,1499,45.2,8,0
7008,L,300.5,310.6,1368,49.6,10,0
7009,L,300.5,310.5,1536,36.2,12,0
7010,M,300.5,310.5,1469,42.9,14,0
7011,L,300.5,310.5,2633,12.2,17,1
7012,L,300.4,310.4,1298,61.4,19,0
7013,M,300.4,310.4,1544,36.3,21,0
7014,H,300.5,310.5,1403,47.7,24,0
7015,L,300.5,310.5,1452,42.9,29,0
7016,L,300.6,310.5,1509,43.1,31,0
7017,M,300.7,310.6,1474,37.0,33,0
7018,M,300.7,310.7,1377,46.7,36,0
7019,L,300.8,310.8,1741,27.1,39,0
7020,L,300.8,310.8,1460,53.8,41,0
7021,H,300.7,310.6,1631,32.6,43,0
7022,L,300.7,310.5,1561,33.2,48,0
7023,M,300.7,310.6,1572,38.5,50,0
7024,L,300.6,310.6,2127,18.7,53,0
7025,H,300.6,310.6,1448,44.7,55,0
7026,L,300.6,310.7,1543,39.6,60,0
7027,L,300.6,310.6,1508,34.8,62,0
7028,M,300.6,310.6,1403,50.4,64,0
7029,L,300.6,310.6,1454,39.7,67,0
7030,L,300.7,310.8,1772,27.3,69,0
7031,L,300.7,310.8,1479,49.1,71,0
7032,L,300.7,310.9,1723,31.0,73,0
7033,M,300.7,310.8,1469,46.4,75,0
7034,H,300.6,310.6,1830,26.2,78,0
7035,L,300.6,310.6,1497,38.2,83,0
7036,L,300.7,310.6,1540,52.7,85,0
7037,L,300.6,310.6,1514,39.5,87,0
7038,L,300.7,310.6,1654,34.2,89,0
7039,H,300.6,310.5,1519,37.0,91,0
7040,L,300.7,310.6,1720,30.3,96,0
7041,L,300.6,310.5,1470,37.7,98,0
7042,L,300.6,310.5,1642,29.9,100,0
7043,M,300.7,310.6,2006,19.1,102,0
7044,M,300.7,310.6,1505,35.6,105,0
7045,M,300.7,310.6,1609,27.6,108,0
7046,M,300.7,310.5,1863,22.2,111,0
7047,L,300.6,310.4,1401,42.6,114,0
7048,L,300.6,310.4,2007,19.8,116,0
7049,L,300.6,310.4,1494,47.3,118,0
7050,L,300.6,310.4,1457,47.7,120,0
7051,L,300.6,310.4,1556,37.7,122,0
7052,H,300.6,310.4,1510,42.8,124,0
7053,H,300.7,310.5,1567,38.7,129,0
7054,H,300.7,310.5,1476,43.1,134,0
7055,L,300.8,310.6,1663,30.6,139,0
7056,M,300.8,310.5,1409,50.6,141,0
7057,L,300.8,310.6,1666,36.2,144,0
7058,L,300.7,310.6,1520,45.9,146,0
7059,L,300.6,310.5,1644,33.8,148,0
7060,H,300.6,310.4,1479,35.6,150,0
7061,L,300.6,310.4,1446,49.7,155,0
7062,M,300.6,310.4,1407,51.1,157,0
7063,L,300.7,310.4,1234,51.7,160,0
7064,M,300.8,310.5,1696,29.7,162,0
7065,L,300.8,310.6,1384,52.9,165,0
7066,M,300.8,310.7,1572,36.2,167,0
7067,M,300.8,310.7,1386,42.1,170,0
7068,L,300.8,310.7,1461,42.8,173,0
7069,L,300.8,310.7,1525,39.4,175,0
7070,L,300.7,310.7,1333,61.0,177,0
7071,H,300.7,310.6,1505,40.6,179,0
7072,M,300.7,310.6,1439,41.7,184,0
7073,L,300.7,310.6,1491,43.2,187,0
7074,M,300.7,310.6,1488,39.2,189,0
7075,L,300.7,310.5,1536,47.4,192,0
7076,L,300.7,310.5,1960,21.0,194,0
7077,M,300.7,310.5,1594,31.0,196,0
7078,L,300.7,310.5,1357,52.6,199,0
7079,L,300.7,310.5,1445,41.1,201,0
7080,L,300.7,310.4,1543,47.3,203,0
7081,L,300.7,310.4,1366,52.6,205,0
7082,L,300.7,310.3,1458,40.0,207,0
7083,L,300.7,310.4,1416,61.8,209,1
7084,L,300.6,310.3,1794,24.4,211,0
7085,L,300.6,310.3,1484,41.0,213,0
7086,L,300.6,310.4,2514,13.4,215,0
7087,L,300.6,310.3,1648,30.5,217,1
7088,M,300.6,310.3,1614,32.7,0,0
7089,L,300.6,310.2,1622,34.1,3,0
7090,M,300.6,310.2,1478,40.1,5,0
7091,L,300.6,310.2,1318,51.0,8,0
7092,L,300.7,310.2,1493,35.9,10,0
7093,H,300.7,310.3,1369,50.7,12,0
7094,L,300.6,310.2,1447,45.9,17,0
7095,L,300.6,310.1,1485,49.9,19,0
7096,L,300.6,310.2,1489,47.8,21,0
7097,M,300.6,310.2,1233,52.3,23,0
7098,L,300.7,310.2,1642,32.6,26,0
7099,M,300.7,310.2,1373,44.1,28,0
7100,L,300.7,310.2,1569,32.8,31,0
7101,L,300.8,310.2,1850,22.8,33,0
7102,M,300.8,310.3,1494,42.2,35,0
7103,H,300.8,310.3,1777,30.1,38,0
7104,L,300.9,310.4,1454,43.1,43,0
7105,L,300.9,310.4,1536,34.2,45,0
7106,L,300.8,310.5,1482,39.0,47,0
7107,H,300.9,310.5,1512,41.2,49,0
7108,M,300.8,310.5,1511,35.8,54,0
7109,L,300.9,310.5,1599,40.5,57,0
7110,M,300.8,310.4,1518,36.0,59,0
7111,M,300.8,310.4,1450,39.4,62,0
7112,L,300.9,310.4,1427,47.0,65,0
7113,L,300.9,310.4,1561,32.7,67,0
7114,H,300.9,310.4,1457,43.8,69,0
7115,M,301.0,310.6,1460,53.6,74,0
7116,L,301.0,310.5,1601,33.2,77,0
7117,L,300.9,310.5,1570,40.1,79,0
7118,L,300.9,310.5,1565,35.9,81,0
7119,L,301.0,310.5,1378,44.4,83,0
7120,L,300.9,310.5,2288,16.1,85,0
7121,M,300.9,310.4,1375,44.7,87,0
7122,L,300.9,310.4,1788,27.8,90,0
7123,M,300.9,310.4,1576,40.4,92,0
7124,M,300.8,310.3,1868,24.5,95,0
7125,L,300.7,310.1,1261,56.6,98,0
7126,M,300.6,310.0,1542,33.9,100,0
7127,L,300.6,310.0,1438,53.8,103,0
7128,L,300.6,310.0,1511,36.9,105,0
7129,L,300.6,310.0,1635,31.0,107,0
7130,L,300.6,309.9,1428,48.8,109,0
7131,M,300.5,309.8,1410,44.4,111,0
7132,L,300.5,309.9,1423,47.9,114,0
7133,M,300.5,309.9,1552,41.3,116,0
7134,M,300.5,310.0,1406,50.2,119,0
7135,L,300.5,309.9,1443,48.3,122,0
7136,M,300.5,309.9,1343,63.7,124,0
7137,M,300.6,310.0,1486,41.2,127,0
7138,L,300.6,310.1,1297,50.0,130,0
7139,L,300.6,310.1,1495,42.3,132,0
7140,L,300.5,309.9,1382,46.5,134,0
7141,M,300.4,309.8,1356,44.4,136,0
7142,H,300.3,309.7,1452,41.5,139,0
7143,H,300.3,309.7,1582,30.8,144,0
7144,M,300.4,309.8,1517,40.3,149,0
7145,L,300.5,310.0,1413,44.5,152,0
7146,L,300.4,309.9,1496,31.8,154,0
7147,L,300.3,309.8,1466,41.2,156,0
7148,M,300.3,309.8,1617,40.8,158,0
7149,L,300.2,309.8,1506,41.8,161,0
7150,L,300.2,309.8,1401,49.3,163,0
7151,H,300.2,309.9,1906,22.9,165,0
7152,L,300.2,309.9,1566,36.4,170,0
7153,L,300.2,310.0,1493,47.3,172,0
7154,L,300.3,310.1,1483,39.9,174,0
7155,M,300.2,309.9,1569,31.2,176,0
7156,M,300.2,310.0,1664,30.7,179,0
7157,L,300.2,310.0,1486,40.1,182,0
7158,L,300.2,310.0,1389,53.6,184,0
7159,L,300.1,310.0,1511,41.7,186,0
7160,M,300.2,310.1,1485,40.5,188,0
7161,L,300.2,310.2,1440,42.9,191,0
7162,L,300.2,310.2,1378,43.9,193,0
7163,M,300.1,310.1,1501,39.3,195,0
7164,M,300.2,310.1,1474,44.0,198,0
7165,L,300.2,310.1,1392,47.9,201,0
7166,M,300.3,310.2,1429,44.7,203,0
7167,L,300.3,310.3,1362,60.3,206,1
7168,L,300.3,310.3,1704,29.5,0,0
7169,L,300.3,310.2,1492,52.3,2,0
7170,M,300.3,310.2,1442,39.5,4,0
7171,M,300.2,310.2,1438,51.5,7,0
7172,M,300.1,310.1,1402,46.6,10,0
7173,L,300.1,310.1,1684,30.8,13,0
7174,L,300.2,310.2,1530,48.5,15,0
7175,L,300.1,310.1,1569,43.5,17,0
7176,L,300.1,310.1,1650,31.6,19,0
7177,L,300.2,310.2,1415,49.6,21,0
7178,L,300.2,310.2,1600,31.5,23,0
7179,L,300.2,310.1,1523,42.3,25,0
7180,M,300.2,310.2,1628,30.3,27,0
7181,L,300.2,310.3,1331,52.1,30,0
7182,L,300.3,310.3,2158,16.8,32,0
7183,L,300.2,310.3,1445,50.9,34,0
7184,M,300.2,310.3,1593,36.1,36,0
7185,L,300.3,310.4,1672,29.2,39,0
7186,M,300.4,310.5,1644,31.4,41,0
7187,L,300.4,310.5,1402,54.3,44,0
7188,L,300.4,310.4,1286,56.8,46,0
7189,L,300.4,310.4,1486,46.3,48,0
7190,L,300.3,310.3,1345,46.3,50,0
7191,L,300.3,310.3,1629,34.1,52,0
7192,M,300.2,310.2,1429,43.8,54,0
7193,L,300.1,310.1,1306,64.7,57,0
7194,L,300.1,310.1,1380,52.6,59,0
7195,M,300.1,310.1,1443,49.3,61,0
7196,H,300.1,310.1,1426,42.7,64,0
7197,L,300.0,310.0,1486,41.8,69,0
7198,M,300.0,309.9,1530,34.5,71,0
7199,L,300.0,309.9,1507,41.4,74,0
7200,L,300.0,309.9,1608,33.4,76,0
7201,L,300.0,309.8,1474,40.6,78,0
7202,L,300.0,309.7,1326,61.9,80,0
7203,M,299.8,309.6,1434,48.0,82,0
7204,L,299.8,309.6,1526,41.7,85,0
7205,L,299.8,309.7,1483,39.6,87,0
7206,L,299.8,309.7,1457,51.9,89,0
7207,M,299.7,309.6,1540,34.4,91,0
7208,L,299.8,309.7,1707,29.1,94,0
7209,L,299.8,309.7,1624,34.2,96,0
7210,M,299.8,309.6,1331,50.2,98,0
7211,L,299.8,309.7,1431,40.3,101,0
7212,M,299.8,309.7,1705,28.5,103,0
7213,M,299.8,309.8,1427,45.2,106,0
7214,M,299.9,309.8,1625,41.2,109,0
7215,L,299.9,309.8,1477,47.7,112,0
7216,M,300.0,309.9,1651,28.1,114,0
7217,L,299.9,309.8,1716,28.2,117,0
7218,H,299.9,309.8,1400,48.7,119,0
7219,M,299.8,309.7,1556,37.7,124,0
7220,L,299.8,309.7,1429,42.6,127,0
7221,H,299.7,309.6,1433,49.6,129,0
7222,M,299.8,309.7,1320,61.7,134,0
7223,L,299.8,309.6,1374,51.6,137,0
7224,L,299.8,309.6,1598,31.0,139,0
7225,M,299.8,309.7,1910,21.8,141,0
7226,L,299.7,309.6,1399,51.3,144,0
7227,L,299.7,309.6,1720,27.1,146,0
7228,H,299.8,309.7,1368,47.4,148,0
7229,L,299.8,309.8,1749,33.4,153,0
7230,L,299.8,309.8,1542,39.4,155,0
7231,L,299.8,309.9,1553,36.6,157,0
7232,M,299.9,309.9,1639,42.1,159,0
7233,L,299.9,310.0,1447,45.9,162,0
7234,M,299.8,310.0,1397,48.1,164,0
7235,L,299.8,310.0,1361,53.8,167,0
7236,M,299.8,310.0,1460,37.1,169,0
7237,M,299.8,310.0,1632,33.7,172,0
7238,L,299.8,310.0,1697,36.0,175,0
7239,L,299.8,310.1,1553,42.0,177,0
7240,M,299.9,310.1,1362,56.3,179,0
7241,M,299.9,310.0,1484,42.1,182,0
7242,H,299.9,310.1,1447,51.4,185,0
7243,M,300.0,310.2,1393,51.2,190,0
7244,L,300.0,310.2,1760,26.9,193,0
7245,L,300.0,310.1,1477,34.6,195,0
7246,L,299.9,310.1,1681,29.1,197,0
7247,M,300.0,310.1,1314,53.5,199,0
7248,L,300.0,310.1,1762,28.0,202,0
7249,L,299.9,310.0,1402,44.7,204,0
7250,M,300.1,310.2,1429,42.0,206,0
7251,M,300.2,310.3,1448,40.1,209,0
7252,H,300.2,310.4,1501,42.9,212,0
7253,L,300.3,310.5,1522,39.1,217,0
7254,L,300.3,310.4,1493,37.5,219,0
7255,M,300.2,310.3,1704,29.4,221,0
7256,H,300.2,310.3,1408,42.5,0,0
7257,L,300.2,310.4,1518,41.8,5,0
7258,L,300.3,310.4,1742,25.9,7,0
7259,M,300.4,310.5,1500,43.0,9,0
7260,L,300.4,310.5,2424,14.5,12,0
7261,L,300.4,310.5,1818,25.1,14,0
7262,M,300.4,310.6,1545,35.6,16,0
7263,L,300.4,310.6,1429,46.9,19,0
7264,M,300.4,310.6,1448,44.9,21,0
7265,L,300.4,310.6,1384,48.7,24,0
7266,L,300.4,310.5,1578,32.8,26,0
7267,L,300.5,310.5,1695,26.7,28,0
7268,L,300.5,310.6,1543,36.2,30,0
7269,M,300.4,310.5,1540,33.4,32,0
7270,L,300.2,310.4,1808,25.8,35,0
7271,M,300.3,310.4,1293,49.7,37,0
7272,L,300.2,310.3,1202,59.5,40,0
7273,M,300.2,310.3,1704,29.2,42,0
7274,M,300.2,310.3,1478,38.1,45,0
7275,L,300.2,310.3,1514,38.7,48,0
7276,M,300.1,310.3,1350,48.8,50,0
7277,L,300.1,310.2,1475,54.2,53,0
7278,H,300.0,310.1,1714,28.7,55,0
7279,L,300.0,310.1,1465,40.9,60,0
7280,L,299.9,310.2,1288,69.6,62,1
7281,L,300.0,310.2,1675,29.7,64,0
7282,L,300.0,310.2,1486,36.4,66,0
7283,M,300.0,310.2,1443,58.7,68,0
7284,M,300.1,310.3,1345,57.1,71,0
7285,M,300.2,310.4,1202,61.7,74,0
7286,M,300.1,310.4,1480,37.1,77,0
7287,M,300.2,310.4,1530,35.7,80,0
7288,M,300.2,310.6,1983,20.8,83,0
7289,L,300.3,310.6,1433,53.8,86,0
7290,L,300.3,310.6,1806,24.4,88,0
7291,L,300.2,310.5,1416,46.7,90,0
7292,M,300.1,310.4,1556,38.1,92,0
7293,L,300.1,310.5,1627,29.2,95,0
7294,L,300.1,310.6,1809,24.3,97,0
7295,M,300.1,310.5,1329,57.4,99,0
7296,H,300.0,310.4,1881,21.9,102,0
7297,L,300.1,310.5,1500,39.8,107,0
7298,L,300.1,310.5,1532,36.0,109,0
7299,L,300.1,310.5,1492,50.9,111,0
7300,L,300.2,310.6,1431,42.3,113,0
7301,L,300.1,310.4,1554,39.4,115,0
7302,L,300.1,310.5,1494,44.2,117,0
7303,L,300.1,310.6,1374,45.4,119,0
7304,L,300.1,310.5,1394,44.3,121,0
7305,M,300.0,310.5,1790,25.7,123,0
7306,L,300.1,310.5,1356,45.8,126,0
7307,M,300.0,310.4,1385,52.1,128,0
7308,L,300.0,310.4,1333,49.1,131,0
7309,L,300.0,310.4,1505,44.9,133,0
7310,L,300.0,310.5,1606,33.5,135,0
7311,H,300.0,310.5,1558,36.7,137,0
7312,L,300.0,310.5,1412,52.4,142,0
7313,L,299.9,310.4,1408,38.4,144,0
7314,L,299.9,310.3,1268,53.3,146,0
7315,L,299.9,310.4,1470,50.0,148,0
7316,L,299.9,310.4,1497,47.0,150,0
7317,L,299.9,310.3,1638,29.1,152,0
7318,H,299.9,310.3,1535,43.9,154,0
7319,L,299.8,310.2,1654,32.7,159,0
7320,H,299.8,310.2,1411,49.7,161,0
7321,L,299.8,310.2,1911,23.5,166,0
7322,H,299.8,310.2,1573,33.3,168,0
7323,L,299.9,310.2,1479,46.3,173,0
7324,M,299.9,310.4,1820,26.6,175,0
7325,L,299.9,310.4,1419,45.7,178,0
7326,M,299.9,310.5,1335,52.9,180,0
7327,M,299.9,310.5,1576,39.4,183,0
7328,L,300.0,310.5,1517,42.2,186,0
7329,M,299.9,310.4,1576,34.3,188,0
7330,H,299.8,310.2,1537,36.6,191,0
7331,L,299.8,310.3,1524,34.2,196,0
7332,M,299.8,310.3,1805,23.7,198,0
7333,M,299.9,310.4,1367,53.3,201,0
7334,L,299.8,310.4,1694,30.3,204,0
7335,L,299.9,310.4,1328,49.9,206,0
7336,H,299.9,310.5,1549,42.8,208,0
7337,L,299.9,310.5,1539,32.8,213,0
7338,L,299.8,310.5,1496,38.8,215,0
7339,L,299.8,310.4,1579,36.4,0,0
7340,L,299.7,310.3,1386,46.6,2,0
7341,L,299.7,310.3,1505,37.7,4,0
7342,M,299.7,310.3,1661,34.5,6,0
7343,L,299.6,310.2,1468,48.0,9,0
7344,L,299.6,310.1,1384,49.8,11,0
7345,L,299.6,310.2,1381,60.5,13,0
7346,L,299.6,310.2,1469,47.0,15,0
7347,L,299.6,310.2,1627,36.6,17,0
7348,H,299.7,310.3,1462,40.4,19,0
7349,L,299.7,310.2,1633,36.5,24,0
7350,L,299.7,310.2,1469,39.5,26,0
7351,L,299.7,310.2,1458,43.4,28,0
7352,M,299.7,310.2,1440,42.8,30,0
7353,L,299.8,310.3,1687,30.4,33,0
7354,M,299.7,310.3,1429,47.7,35,0
7355,L,299.6,310.2,1588,34.1,38,0
7356,L,299.6,310.2,1333,51.2,40,0
7357,L,299.6,310.1,1487,42.9,42,0
7358,M,299.5,310.1,1659,31.5,44,0
7359,M,299.4,310.0,1512,43.2,47,0
7360,L,299.5,310.1,1585,35.2,50,0
7361,L,299.5,310.0,1502,38.5,52,0
7362,L,299.5,310.0,1594,35.1,54,0
7363,L,299.5,310.0,1412,48.9,56,0
7364,L,299.5,309.9,1402,51.7,58,0
7365,L,299.6,310.1,2057,20.4,60,0
7366,H,299.6,310.1,1531,36.8,62,0
7367,M,299.5,310.1,1359,61.1,67,0
7368,M,299.6,310.2,1620,30.0,70,0
7369,M,299.6,310.1,1646,29.6,73,0
7370,M,299.6,310.1,1455,46.1,76,0
7371,L,299.6,310.2,1512,44.0,79,0
7372,L,299.6,310.2,1473,42.7,81,0
7373,L,299.6,310.1,1553,38.0,83,0
7374,L,299.5,310.0,1379,50.4,85,0
7375,M,299.4,309.9,1567,40.6,87,0
7376,L,299.5,310.0,1481,43.1,90,0
7377,L,299.5,310.0,1349,52.7,92,0
7378,L,299.5,310.0,1388,52.4,94,0
7379,M,299.6,310.1,1357,48.7,96,0
7380,L,299.6,310.2,1743,24.8,99,0
7381,L,299.7,310.3,1495,43.1,101,0
7382,L,299.8,310.4,1698,28.3,103,0
7383,M,299.7,310.4,1410,44.5,105,0
7384,L,299.7,310.4,1614,36.2,108,0
7385,M,299.8,310.5,1375,53.9,110,0
7386,M,299.8,310.6,1574,31.8,113,0
7387,H,299.8,310.6,1423,44.6,116,0
7388,M,299.8,310.6,1694,31.3,121,0
7389,L,299.8,310.6,1707,32.5,124,0
7390,M,299.7,310.5,1490,41.2,126,0
7391,L,299.7,310.6,1675,31.3,129,0
7392,M,299.7,310.5,1492,39.3,131,0
7393,M,299.7,310.5,1594,35.4,134,0
7394,L,299.7,310.6,1479,38.0,137,0
7395,M,299.7,310.6,1572,38.0,139,0
7396,L,299.7,310.6,1616,35.1,142,0
7397,L,299.7,310.6,1737,26.1,144,0
7398,M,299.7,310.7,1498,37.8,146,0
7399,L,299.6,310.6,1642,35.1,149,0
7400,M,299.6,310.6,1633,34.2,151,0
7401,L,299.8,310.8,1409,51.9,154,0
7402,M,299.8,310.8,1463,43.5,156,0
7403,L,299.8,310.8,1376,48.6,159,0
7404,L,299.8,310.8,1553,32.2,161,0
7405,M,299.8,310.8,1530,35.2,163,0
7406,L,299.8,310.9,1545,40.7,166,0
7407,H,299.8,310.9,1427,47.2,168,0
7408,L,299.9,310.9,1292,51.1,173,0
7409,L,299.8,310.9,2084,17.6,175,0
7410,L,299.9,311.0,1747,27.6,177,0
7411,L,300.0,311.1,1425,47.8,179,0
7412,L,300.0,311.0,1637,33.6,181,0
7413,M,300.1,311.1,1616,35.2,183,0
7414,L,300.1,311.1,1619,33.4,186,0
7415,L,300.1,311.2,1489,39.1,188,0
7416,M,300.1,311.2,1452,42.4,190,0
7417,M,300.1,311.3,1495,41.0,193,0
7418,M,300.2,311.4,1427,39.7,196,0
7419,L,300.1,311.4,1572,36.2,199,0
7420,L,300.1,311.3,1547,40.0,201,0
7421,M,300.1,311.4,1342,48.5,203,0
7422,L,300.0,311.2,1351,44.1,206,0
7423,L,300.0,311.3,1407,47.3,208,0
7424,M,300.1,311.4,1575,29.8,210,0
7425,M,300.0,311.4,1791,24.1,213,0
7426,M,300.0,311.4,1692,29.0,216,1
7427,L,300.0,311.4,1634,31.9,0,0
7428,M,300.0,311.4,1864,23.3,2,0
7429,L,300.0,311.4,1590,33.6,5,0
7430,M,300.0,311.4,1384,46.1,7,0
7431,M,300.0,311.4,1352,61.8,10,0
7432,L,300.1,311.4,1484,43.1,13,0
7433,M,300.1,311.4,1913,21.9,15,0
7434,L,300.0,311.4,1508,38.2,18,0
7435,L,299.9,311.3,1504,40.7,20,0
7436,L,300.0,311.4,1487,41.2,22,0
7437,L,299.8,311.3,1727,30.0,24,0
7438,L,299.9,311.3,1647,27.5,26,0
7439,L,300.0,311.3,1493,41.4,28,0
7440,L,300.0,311.4,1655,29.6,30,0
7441,M,299.9,311.4,1337,54.8,32,0
7442,L,300.0,311.5,1601,36.9,35,0
7443,H,300.1,311.6,1589,37.9,37,0
7444,L,300.2,311.7,1286,55.1,42,0
7445,L,300.2,311.7,1553,41.3,44,0
7446,L,300.2,311.8,1379,51.0,46,0
7447,M,300.3,311.9,1677,30.8,48,0
7448,L,300.3,311.8,1488,38.4,51,0
7449,L,300.3,311.8,1418,45.9,53,0
7450,L,300.3,311.8,1451,41.0,55,0
7451,L,300.3,311.8,1508,43.1,57,0
7452,L,300.3,311.7,1579,33.6,59,0
7453,H,300.3,311.7,1432,47.7,61,0
7454,L,300.2,311.6,1446,47.3,66,0
7455,M,300.2,311.7,1597,39.5,68,0
7456,M,300.2,311.7,1397,50.2,71,0
7457,L,300.1,311.6,1530,36.6,74,0
7458,M,300.1,311.6,1433,51.4,76,0
7459,L,300.0,311.5,1591,32.0,79,0
7460,L,300.0,311.5,1445,41.6,81,0
7461,L,300.0,311.5,1749,28.3,83,0
7462,L,300.0,311.3,1703,30.4,85,0
7463,H,300.1,311.4,1518,46.9,87,0
7464,L,300.1,311.3,1535,42.3,92,0
7465,M,300.1,311.4,1390,52.1,94,0
7466,H,300.3,311.6,1801,23.6,97,0
7467,H,300.3,311.6,1463,41.6,102,0
7468,L,300.3,311.6,1560,37.7,107,0
7469,L,300.3,311.6,1607,33.5,109,0
7470,L,300.4,311.6,1332,54.6,111,0
7471,L,300.3,311.7,1365,53.3,113,0
7472,M,300.3,311.6,1617,32.5,115,0
7473,M,300.3,311.6,1304,62.8,118,0
7474,L,300.3,311.7,1989,22.3,121,0
7475,H,300.3,311.6,1339,53.4,123,0
7476,L,300.2,311.5,1492,41.8,128,0
7477,M,300.1,311.3,1518,40.2,130,0
7478,L,300.1,311.3,1479,39.5,133,0
7479,M,300.1,311.3,1523,34.1,135,0
7480,M,300.2,311.4,1570,35.3,138,0
7481,H,300.2,311.4,1506,36.1,141,0
7482,M,300.2,311.6,1510,47.5,146,0
7483,L,300.2,311.6,1671,28.8,149,0
7484,M,300.3,311.6,1312,53.4,151,0
7485,L,300.3,311.6,1595,38.8,154,0
7486,L,300.3,311.7,1635,31.8,156,0
7487,L,300.3,311.7,1707,33.6,158,0
7488,L,300.3,311.7,1545,43.5,160,0
7489,M,300.2,311.6,1751,28.0,162,0
7490,M,300.4,311.8,1707,30.0,165,0
7491,L,300.4,311.8,1320,57.9,168,0
7492,M,300.3,311.7,1319,51.4,170,0
7493,L,300.2,311.7,1448,54.2,173,0
7494,L,300.2,311.8,1436,48.2,175,0
7495,L,300.3,311.9,1609,34.0,177,0
7496,L,300.2,311.8,1464,44.5,179,0
7497,M,300.3,311.8,1483,45.1,181,0
7498,M,300.2,311.8,1748,28.5,184,0
7499,L,300.3,311.8,1746,26.3,187,0
7500,L,300.2,311.8,1410,51.4,189,0
7501,L,300.2,311.7,1640,30.8,191,0
7502,H,300.3,311.7,1655,29.9,193,0
7503,M,300.3,311.7,1646,28.9,198,0
7504,L,300.4,311.8,1589,42.0,201,0
7505,L,300.5,311.9,1546,39.4,203,0
7506,L,300.5,311.9,1511,41.8,205,0
7507,L,300.5,311.9,1750,28.3,207,0
7508,M,300.5,311.9,1730,27.5,209,0
7509,L,300.6,311.9,1372,60.1,212,1
7510,L,300.5,311.8,1524,38.9,214,1
7511,L,300.4,311.8,1601,36.1,0,0
7512,M,300.5,311.8,1636,34.4,2,0
7513,L,300.4,311.8,2261,14.9,5,0
7514,L,300.4,311.8,1636,32.3,7,0
7515,M,300.4,311.9,1335,58.3,9,0
7516,M,300.3,311.7,1236,57.5,12,0
7517,L,300.3,311.7,1445,47.3,15,0
7518,L,300.2,311.5,1500,40.8,17,0
7519,L,300.2,311.6,1999,21.0,19,0
7520,L,300.2,311.6,1529,35.5,21,0
7521,M,300.2,311.6,1467,40.7,23,0
7522,L,300.1,311.5,1334,54.0,26,0
7523,M,300.1,311.5,1343,46.2,28,0
7524,L,300.2,311.5,1639,31.1,31,0
7525,H,300.1,311.5,1383,49.1,33,0
7526,L,300.1,311.4,1660,31.4,38,0
7527,L,300.1,311.3,1470,45.2,40,0
7528,M,300.1,311.3,1748,26.6,42,0
7529,L,300.1,311.4,1467,35.7,45,0
7530,M,300.1,311.4,1617,39.3,47,0
7531,H,300.1,311.4,1377,56.7,50,0
7532,M,300.0,311.3,1629,32.1,55,0
7533,L,300.0,311.2,1504,37.9,58,0
7534,L,300.0,311.2,1418,47.3,60,0
7535,L,300.0,311.2,1629,31.7,62,0
7536,L,300.1,311.3,2579,12.5,64,1
7537,L,300.1,311.3,1305,64.7,66,0
7538,M,300.2,311.4,1450,38.5,68,0
7539,L,300.2,311.3,1487,36.9,71,0
7540,M,300.2,311.3,1587,31.2,73,0
7541,M,300.3,311.5,1528,40.9,76,0
7542,M,300.4,311.6,1401,49.9,79,0
7543,L,300.3,311.5,1446,45.0,82,0
7544,L,300.2,311.4,1425,44.2,84,0
7545,L,300.2,311.4,1891,22.6,86,0
7546,H,300.2,311.5,1454,42.8,88,0
7547,L,300.1,311.4,1430,40.9,93,0
7548,L,300.2,311.4,1495,43.6,95,0
7549,L,300.3,311.4,1544,41.6,97,0
7550,M,300.3,311.4,1554,34.3,99,0
7551,M,300.2,311.3,1491,37.3,102,0
7552,L,300.3,311.3,1525,40.7,105,0
7553,L,300.3,311.3,1505,39.6,107,0
7554,M,300.3,311.4,1371,50.2,109,0
7555,L,300.3,311.3,1332,60.5,112,0
7556,L,300.3,311.4,1471,37.0,114,0
7557,M,300.4,311.5,1750,27.3,116,0
7558,M,300.3,311.4,1386,48.1,119,0
7559,M,300.4,311.4,1355,56.2,122,0
7560,M,300.3,311.3,1377,53.8,125,0
7561,L,300.3,311.1,1388,49.4,128,0
7562,M,300.3,311.1,1350,58.7,130,0
7563,M,300.4,311.2,1831,23.4,133,0
7564,M,300.3,311.2,1381,65.2,136,1
7565,M,300.3,311.2,1783,25.6,139,0
7566,L,300.3,311.0,1613,34.7,142,0
7567,M,300.2,311.0,2370,14.7,144,0
7568,L,300.2,311.0,1627,33.7,147,0
7569,L,300.2,311.0,1255,71.8,149,1
7570,H,300.2,311.0,1777,27.5,151,0
7571,L,300.3,311.1,1606,30.9,156,0
7572,L,300.3,311.1,1676,28.6,158,0
7573,L,300.3,311.1,1605,37.1,160,0
7574,L,300.4,311.1,1487,37.4,162,0
7575,L,300.4,311.2,1471,46.5,164,0
7576,M,300.3,311.1,1477,44.2,166,0
7577,L,300.4,311.2,1530,32.0,169,0
7578,L,300.4,311.2,1673,28.9,171,0
7579,L,300.4,311.2,1436,56.8,173,0
7580,L,300.4,311.3,1495,51.2,175,0
7581,M,300.4,311.2,1366,56.1,177,0
7582,H,300.4,311.2,1489,45.3,180,0
7583,L,300.3,311.1,1480,46.6,185,0
7584,L,300.4,311.2,1472,37.3,187,0
7585,L,300.4,311.1,1397,50.8,189,0
7586,L,300.4,311.1,1589,35.5,191,0
7587,L,300.4,311.1,1405,54.1,193,0
7588,L,300.4,311.1,2013,20.1,195,0
7589,L,300.4,311.0,1802,26.0,197,0
7590,M,300.4,311.0,1433,46.1,199,0
7591,M,300.5,311.1,1296,61.3,202,1
7592,M,300.5,311.2,1551,36.6,205,0
7593,L,300.5,311.2,1270,67.5,208,1
7594,L,300.6,311.3,1531,38.5,0,0
7595,H,300.5,311.2,1397,45.2,2,0
7596,L,300.5,311.1,1547,37.2,7,0
7597,L,300.5,311.0,2074,18.9,9,0
7598,L,300.5,311.1,1491,42.6,11,0
7599,L,300.5,311.0,1759,28.3,13,0
7600,M,300.4,311.0,1595,35.4,15,0
7601,L,300.4,311.2,1351,62.0,18,0
7602,L,300.4,311.2,1705,28.7,20,0
7603,L,300.4,311.2,1406,43.6,22,0
7604,L,300.4,311.3,1639,34.6,24,0
7605,H,300.4,311.3,2026,20.3,26,0
7606,M,300.4,311.3,1350,56.5,31,0
7607,M,300.5,311.3,1468,41.1,34,0
7608,L,300.5,311.4,1642,27.1,37,0
7609,L,300.5,311.3,1490,41.8,39,0
7610,M,300.5,311.3,1507,43.4,41,0
7611,L,300.5,311.4,1611,32.7,44,0
7612,M,300.5,311.4,1743,27.6,46,0
7613,L,300.5,311.3,1475,46.3,49,0
7614,L,300.5,311.4,1432,47.5,51,0
7615,L,300.5,311.4,1442,47.0,53,0
7616,M,300.6,311.4,1468,40.4,55,0
7617,L,300.5,311.4,1556,45.3,58,0
7618,M,300.5,311.4,1312,51.4,60,0
7619,L,300.6,311.5,1459,47.0,63,0
7620,L,300.5,311.5,1651,36.9,65,0
7621,L,300.5,311.5,1490,38.4,67,0
7622,M,300.6,311.6,1473,31.5,69,0
7623,L,300.6,311.7,1734,29.9,72,0
7624,L,300.6,311.7,1507,45.5,74,0
7625,L,300.6,311.7,1556,34.9,76,0
7626,H,300.5,311.6,1351,53.5,78,0
7627,L,300.5,311.7,1445,44.8,83,0
7628,L,300.5,311.7,1619,32.7,85,0
7629,M,300.5,311.7,1269,64.0,87,0
7630,L,300.5,311.6,1534,37.7,90,0
7631,L,300.5,311.6,1444,49.3,92,0
7632,L,300.5,311.6,1744,26.8,94,0
7633,L,300.4,311.5,1441,44.6,96,0
7634,M,300.3,311.3,1506,40.7,98,0
7635,L,300.3,311.4,1526,38.5,101,0
7636,L,300.4,311.5,1704,29.7,103,0
7637,H,300.4,311.4,1445,52.4,105,0
7638,L,300.5,311.5,1661,35.9,110,0
7639,L,300.5,311.4,1466,41.8,112,0
7640,L,300.4,311.3,1608,35.1,114,0
7641,M,300.4,311.4,1352,57.3,116,0
7642,M,300.4,311.4,1604,31.7,119,0
7643,H,300.4,311.4,1427,50.7,122,0
7644,L,300.4,311.4,1424,44.6,127,0
7645,L,300.4,311.4,1662,29.3,129,0
7646,L,300.4,311.4,1936,23.9,131,0
7647,L,300.4,311.4,1728,31.7,133,0
7648,L,300.4,311.4,1552,28.8,135,0
7649,H,300.4,311.5,1662,29.0,137,0
7650,L,300.3,311.4,1343,57.7,142,0
7651,M,300.4,311.5,1476,32.6,144,0
7652,L,300.3,311.4,1346,51.1,147,0
7653,L,300.4,311.5,1492,44.6,149,0
7654,M,300.3,311.5,1540,41.5,151,0
7655,L,300.4,311.5,1596,32.5,154,0
7656,L,300.5,311.6,1541,47.8,156,0
7657,L,300.5,311.6,1661,30.0,158,0
7658,M,300.4,311.6,1359,55.4,160,0
7659,L,300.5,311.6,1528,42.4,163,0
7660,M,300.5,311.6,1246,52.9,165,0
7661,L,300.5,311.6,1575,32.5,168,0
7662,M,300.5,311.6,1658,30.4,170,0
7663,L,300.5,311.6,1385,54.8,173,0
7664,H,300.5,311.7,1454,50.3,175,0
7665,L,300.5,311.6,1497,40.5,180,0
7666,M,300.6,311.7,1424,50.8,182,0
7667,L,300.6,311.7,1528,43.9,185,0
7668,L,300.6,311.8,1539,37.0,187,0
7669,L,300.7,311.8,1336,58.4,189,1
7670,L,300.5,311.6,1525,37.6,191,0
7671,M,300.5,311.6,1456,51.1,193,0
7672,M,300.5,311.7,2141,17.2,196,0
7673,M,300.5,311.6,1476,39.1,199,0
7674,L,300.5,311.6,1509,47.2,202,0
7675,L,300.5,311.6,1447,45.4,204,0
7676,L,300.6,311.7,1448,49.1,206,0
7677,L,300.6,311.7,1428,52.6,208,0
7678,M,300.6,311.7,1389,52.1,210,0
7679,L,300.7,311.7,1635,32.4,213,0
7680,L,300.7,311.7,1395,43.7,215,0
7681,L,300.7,311.8,1443,43.7,217,0
7682,M,300.7,311.7,1412,49.1,219,0
7683,L,300.7,311.7,1524,43.5,222,0
7684,M,300.7,311.8,1407,42.4,224,0
7685,L,300.8,311.7,1397,43.5,227,0
7686,M,300.7,311.7,1504,36.9,229,0
7687,M,300.7,311.7,2097,18.9,232,1
7688,L,300.6,311.7,1553,39.8,0,0
7689,L,300.6,311.7,1432,39.2,2,0
7690,M,300.5,311.6,1577,36.5,4,0
7691,M,300.5,311.5,1370,56.1,7,0
7692,H,300.5,311.6,1506,36.2,10,0
7693,L,300.6,311.6,1964,21.4,15,0
7694,H,300.6,311.7,1500,36.7,17,0
7695,L,300.6,311.7,1488,47.7,22,0
7696,H,300.6,311.5,1282,60.2,24,0
7697,L,300.5,311.4,1400,45.1,29,0
7698,L,300.6,311.5,1419,38.6,31,0
7699,M,300.7,311.5,1441,40.6,33,0
7700,M,300.7,311.6,1348,62.5,36,0
7701,H,300.8,311.7,1468,38.7,39,0
7702,M,300.7,311.7,1701,30.8,44,0
7703,H,300.7,311.7,1864,23.6,47,0
7704,M,300.6,311.6,1630,31.8,52,0
7705,L,300.5,311.5,1316,49.7,55,0
7706,L,300.5,311.5,1708,31.2,57,0
7707,H,300.5,311.4,1679,27.5,59,0
7708,L,300.5,311.4,1709,32.3,64,0
7709,L,300.5,311.4,1445,41.5,66,0
7710,M,300.5,311.4,1390,51.9,68,0
7711,L,300.4,311.4,1309,55.5,71,0
7712,L,300.5,311.5,1499,37.6,73,0
7713,M,300.5,311.4,2072,18.8,75,0
7714,L,300.5,311.5,1487,43.0,78,0
7715,L,300.5,311.5,1302,49.6,80,0
7716,M,300.5,311.5,1378,48.2,82,0
7717,L,300.5,311.6,1365,53.0,85,0
7718,H,300.6,311.7,1427,44.6,87,0
7719,H,300.6,311.7,1535,33.3,92,0
7720,H,300.5,311.6,1476,41.7,97,0
7721,L,300.5,311.6,1425,42.4,102,0
7722,L,300.5,311.7,1409,54.7,104,0
7723,L,300.5,311.6,1730,30.2,106,0
7724,M,300.5,311.6,1454,41.4,108,0
7725,L,300.6,311.7,1744,26.9,111,0
7726,M,300.8,311.9,1761,29.0,113,0
7727,M,300.7,311.9,1657,30.9,116,0
7728,L,300.7,311.8,1420,47.0,119,0
7729,H,300.7,311.9,1329,59.2,121,0
7730,L,300.6,311.9,1472,44.2,126,0
7731,L,300.6,312.0,1566,30.1,128,0
7732,L,300.6,312.0,1430,42.7,130,0
7733,L,300.6,312.0,1481,40.9,132,0
7734,L,300.6,312.0,1670,29.4,134,0
7735,L,300.6,312.0,1406,55.1,136,0
7736,H,300.6,312.1,1354,46.9,138,0
7737,M,300.5,312.0,1985,19.3,143,0
7738,M,300.5,312.0,1263,60.8,146,0
7739,L,300.5,311.9,1576,31.1,149,0
7740,L,300.5,312.0,1453,45.1,151,0
7741,L,300.5,312.0,1478,39.0,153,0
7742,M,300.5,311.9,1323,57.9,155,0
7743,L,300.5,311.9,1710,28.4,158,0
7744,L,300.4,311.7,1314,59.5,160,0
7745,L,300.4,311.7,1460,39.6,162,0
7746,M,300.4,311.7,1508,45.4,164,0
7747,M,300.5,311.8,1331,55.3,167,0
7748,L,300.4,311.7,1515,47.4,170,0
7749,L,300.4,311.6,1674,33.0,172,0
7750,L,300.4,311.7,1444,51.2,174,0
7751,M,300.4,311.7,1398,42.6,176,0
7752,M,300.4,311.7,1832,24.2,179,0
7753,M,300.5,311.8,1591,42.0,182,0
7754,M,300.4,311.7,1478,39.9,185,0
7755,M,300.4,311.8,1362,47.6,188,0
7756,L,300.5,311.8,1368,57.9,191,1
7757,M,300.3,311.7,1723,28.3,193,0
7758,L,300.4,311.8,1689,30.8,196,0
7759,L,300.4,311.8,1272,59.2,198,1
7760,M,300.4,311.7,1511,33.0,200,0
7761,H,300.4,311.6,1715,30.8,203,0
7762,M,300.3,311.5,1400,43.8,0,0
7763,L,300.4,311.6,1200,76.6,3,1
7764,M,300.4,311.7,1555,38.7,5,0
7765,H,300.3,311.6,1427,56.2,8,0
7766,L,300.3,311.4,1318,52.7,13,0
7767,H,300.2,311.4,1319,54.6,15,0
7768,M,300.2,311.4,1960,20.9,20,0
7769,L,300.3,311.5,1552,38.9,23,0
7770,L,300.3,311.5,1548,32.2,25,0
7771,L,300.3,311.6,1709,29.5,27,0
7772,H,300.3,311.5,1464,41.0,29,0
7773,L,300.3,311.4,1759,24.8,34,0
7774,L,300.3,311.5,1634,31.9,36,0
7775,L,300.3,311.5,1663,33.6,38,0
7776,M,300.3,311.5,1445,47.3,40,0
7777,L,300.3,311.5,1695,25.6,43,0
7778,L,300.4,311.6,1517,39.0,45,0
7779,L,300.5,311.7,1811,26.8,47,0
7780,L,300.4,311.6,1815,23.5,49,0
7781,L,300.4,311.7,1513,40.0,51,0
7782,M,300.4,311.6,1518,36.4,53,0
7783,L,300.3,311.5,1667,28.8,56,0
7784,L,300.3,311.5,1403,60.1,58,0
7785,L,300.2,311.5,1383,42.1,60,0
7786,L,300.3,311.5,1466,46.2,62,0
7787,L,300.3,311.5,1378,47.5,64,0
7788,M,300.2,311.5,1547,40.9,66,0
7789,L,300.2,311.5,1495,38.5,69,0
7790,L,300.1,311.4,1729,29.3,71,0
7791,L,300.1,311.4,1418,47.7,73,0
7792,H,300.1,311.4,1485,40.4,75,0
7793,L,300.1,311.5,1434,40.8,80,0
7794,M,300.2,311.6,1415,55.8,82,0
7795,H,300.1,311.6,1674,29.6,85,0
7796,L,300.1,311.5,1454,52.4,90,0
7797,L,300.0,311.4,1476,39.0,92,0
7798,L,300.0,311.5,1812,28.3,94,0
7799,L,300.0,311.4,1374,41.9,96,0
7800,M,300.1,311.4,1524,40.6,98,0
7801,L,300.0,311.4,1383,49.6,101,0
7802,L,299.9,311.3,1429,58.2,103,0
7803,M,299.8,311.3,1517,41.2,105,0
7804,M,299.9,311.4,1480,44.9,108,0
7805,L,299.9,311.4,1706,28.8,111,0
7806,L,300.0,311.5,1349,48.6,113,0
7807,M,300.0,311.5,1451,49.0,115,0
7808,L,299.9,311.4,1627,36.7,118,0
7809,M,300.0,311.4,1537,35.4,120,0
7810,L,300.1,311.5,2218,17.0,123,0
7811,M,300.0,311.4,1466,39.0,125,0
7812,L,300.0,311.5,1666,32.0,128,0
7813,L,300.0,311.5,1455,41.7,130,0
7814,L,300.0,311.4,1927,24.6,132,0
7815,M,299.9,311.3,1703,28.4,134,0
7816,L,299.8,311.2,1533,35.9,137,0
7817,H,299.8,311.3,1785,25.4,139,0
7818,L,299.8,311.2,2142,16.6,144,0
7819,L,299.8,311.2,1369,46.2,146,0
7820,M,299.8,311.2,1706,29.2,148,0
7821,L,299.9,311.3,1802,24.4,151,0
7822,H,299.9,311.3,1413,41.8,153,0
7823,L,300.0,311.3,1484,53.2,158,0
7824,L,299.9,311.3,1535,38.1,160,0
7825,M,299.9,311.2,1579,35.5,162,0
7826,L,299.8,311.1,1300,64.2,165,0
7827,M,299.8,311.1,1452,44.3,167,0
7828,M,299.8,311.1,1562,35.7,170,0
7829,L,299.8,311.2,1664,28.3,173,0
7830,H,299.9,311.2,1495,35.8,175,0
7831,M,300.0,311.4,1533,42.6,180,0
7832,L,300.0,311.4,1484,37.0,183,0
7833,L,300.0,311.4,1604,38.7,185,0
7834,L,300.0,311.4,1483,45.6,187,0
7835,L,300.1,311.5,1549,34.7,189,0
7836,L,300.1,311.4,1604,35.0,191,0
7837,L,300.2,311.5,1685,31.0,193,0
7838,L,300.2,311.6,1372,49.2,195,0
7839,L,300.3,311.6,1374,47.4,197,0
7840,L,300.2,311.6,1606,31.0,199,0
7841,L,300.1,311.5,1471,47.2,201,0
7842,L,300.1,311.5,1659,31.1,203,0
7843,M,300.1,311.7,1400,48.5,205,0
7844,L,300.1,311.7,1503,42.6,208,0
7845,L,300.2,311.8,1798,23.2,210,0
7846,M,300.2,311.6,1608,35.0,212,0
7847,L,300.2,311.6,1322,50.9,215,0
7848,H,300.2,311.6,1547,37.7,217,0
7849,M,300.3,311.7,1374,47.9,222,1
7850,M,300.3,311.7,1447,36.8,0,0
7851,L,300.4,311.7,1373,47.2,3,0
7852,L,300.3,311.7,1515,37.5,5,0
7853,L,300.3,311.7,1317,56.5,7,0
7854,L,300.3,311.8,1551,37.2,9,0
7855,M,300.3,311.8,1592,32.1,11,0
7856,L,300.4,311.8,1433,42.2,14,0
7857,L,300.5,311.9,1432,43.1,16,0
7858,L,300.5,311.9,1350,51.7,18,0
7859,M,300.5,311.9,1370,44.8,20,0
7860,L,300.5,312.0,1415,44.6,23,0
7861,L,300.5,312.0,1498,42.9,25,0
7862,M,300.5,312.0,1382,54.1,27,0
7863,M,300.5,311.9,1511,44.5,30,0
7864,L,300.5,311.9,1330,59.5,33,0
7865,L,300.5,311.9,1383,50.5,35,0
7866,L,300.5,311.9,1431,49.4,37,0
7867,L,300.5,312.0,1461,38.1,39,0
7868,H,300.4,311.9,1438,46.7,41,0
7869,M,300.5,312.0,1779,27.7,46,0
7870,M,300.6,312.1,1293,52.3,49,0
7871,L,300.6,312.2,1308,54.7,52,0
7872,L,300.6,312.3,1532,37.2,54,0
7873,L,300.7,312.4,1470,38.6,56,0
7874,L,300.7,312.3,1548,37.9,58,0
7875,L,300.7,312.3,1898,24.0,60,0
7876,H,300.7,312.2,1335,49.0,62,0
7877,L,300.7,312.3,1420,53.8,67,0
7878,L,300.7,312.3,1418,49.0,69,0
7879,M,300.8,312.3,1535,40.3,71,0
7880,H,300.7,312.4,1457,47.2,74,0
7881,L,300.8,312.4,1493,39.1,79,0
7882,H,300.7,312.3,1670,27.3,81,0
7883,H,300.7,312.3,1446,45.4,86,0
7884,L,300.8,312.4,1465,59.1,91,1
7885,L,300.7,312.3,1590,36.3,93,0
7886,M,300.6,312.2,2174,18.5,95,0
7887,L,300.7,312.4,1590,37.9,98,0
7888,L,300.7,312.3,1577,33.2,100,0
7889,M,300.7,312.4,1371,61.7,102,0
7890,L,300.8,312.4,1767,25.6,105,0
7891,L,300.8,312.5,1517,39.2,107,0
7892,M,300.9,312.6,1555,40.6,109,0
7893,L,300.9,312.7,1416,43.8,112,0
7894,M,300.8,312.6,1588,35.6,114,0
7895,L,300.8,312.6,1422,50.0,117,0
7896,L,300.8,312.6,1376,53.6,119,0
7897,L,300.8,312.5,1434,50.7,121,0
7898,L,300.8,312.5,1423,47.3,123,0
7899,L,300.9,312.4,1364,52.5,125,0
7900,L,300.8,312.4,1825,23.8,127,0
7901,L,300.8,312.4,1365,44.5,129,0
7902,M,300.7,312.3,1430,47.2,131,0
7903,L,300.8,312.3,1435,44.8,134,0
7904,M,300.8,312.4,1811,25.1,136,0
7905,M,300.8,312.4,1465,43.7,139,0
7906,L,300.9,312.4,1372,51.0,142,0
7907,L,300.8,312.3,1858,26.3,144,0
7908,L,300.7,312.3,1715,26.8,146,0
7909,L,300.7,312.2,1590,38.5,148,0
7910,M,300.8,312.2,1664,25.7,150,0
7911,L,300.7,312.1,1512,36.9,153,0
7912,L,300.7,312.1,1498,44.0,155,0
7913,L,300.7,312.1,1395,41.9,157,0
7914,H,300.7,312.1,1490,43.1,159,0
7915,H,300.8,312.1,1527,35.1,164,0
7916,L,300.8,312.1,1512,37.1,169,0
7917,L,300.9,312.1,1474,42.4,171,0
7918,L,300.8,312.1,1505,41.3,173,0
7919,L,300.8,312.0,1496,40.0,175,0
7920,L,300.8,312.0,1382,49.3,177,0
7921,L,300.7,311.9,1419,47.7,179,0
7922,L,300.7,311.9,1462,39.7,181,0
7923,M,300.8,312.0,1450,45.0,183,0
7924,H,300.7,311.9,1389,46.5,186,0
7925,M,300.7,311.9,1697,28.2,191,0
7926,L,300.7,311.9,1335,57.1,194,1
7927,L,300.7,311.9,1476,42.0,196,0
7928,L,300.6,311.7,1497,43.6,198,0
7929,M,300.6,311.6,1669,29.2,200,0
7930,L,300.6,311.6,1455,48.0,203,0
7931,L,300.7,311.7,1499,38.4,205,0
7932,L,300.7,311.8,1478,41.9,207,0
7933,L,300.8,311.8,1928,21.8,209,0
7934,M,300.8,311.9,1621,28.3,211,0
7935,M,300.8,311.9,1356,44.3,214,0
7936,L,300.8,311.7,1490,46.4,217,0
7937,L,300.8,311.7,1578,31.4,219,0
7938,L,300.8,311.7,1681,31.3,221,0
7939,L,300.8,311.8,1417,43.4,223,0
7940,M,300.7,311.7,1532,40.0,0,0
7941,M,300.7,311.7,1499,38.9,3,0
7942,L,300.8,311.7,1432,45.8,6,0
7943,L,300.8,311.7,1753,29.0,8,0
7944,L,300.8,311.7,1414,49.0,10,0
7945,L,300.8,311.7,1655,32.2,12,0
7946,L,300.8,311.6,1516,35.6,14,0
7947,L,300.8,311.7,1426,45.5,16,0
7948,L,300.8,311.7,1479,39.4,18,0
7949,M,300.7,311.5,1569,36.4,20,0
7950,L,300.8,311.6,1568,36.0,23,0
7951,M,300.9,311.8,1843,24.5,25,0
7952,M,300.9,311.9,1480,40.9,28,0
7953,L,301.0,312.0,1447,36.8,31,0
7954,L,301.0,311.9,1454,41.9,33,0
7955,M,300.9,311.9,1310,56.1,35,0
7956,H,300.9,311.9,1513,38.0,38,0
7957,H,300.9,311.9,2140,16.5,43,0
7958,L,301.0,312.1,1377,49.9,48,0
7959,L,301.0,312.1,1585,32.3,50,0
7960,H,301.1,312.2,1491,42.6,52,0
7961,L,301.0,312.2,1264,59.0,57,0
7962,L,301.0,312.2,1372,47.0,59,0
7963,L,301.0,312.2,1510,39.9,61,0
7964,L,300.9,312.1,1423,40.2,63,0
7965,L,301.1,312.3,1464,35.3,65,0
7966,L,301.0,312.2,1602,35.9,67,0
7967,M,301.0,312.2,1629,32.6,69,0
7968,L,300.9,312.2,1811,23.2,72,0
7969,L,300.9,312.1,1711,28.8,74,0
7970,M,300.9,312.1,1297,48.6,76,0
7971,L,301.0,312.1,1405,46.1,79,0
7972,L,301.1,312.2,1397,54.9,81,0
7973,L,301.1,312.3,1682,29.7,83,0
7974,L,301.2,312.3,1528,38.4,85,0
7975,M,301.2,312.3,1548,38.3,87,0
7976,H,301.2,312.4,1395,47.8,90,0
7977,L,301.2,312.4,1378,59.0,95,0
7978,L,301.2,312.4,1480,53.5,97,0
7979,M,301.2,312.4,1428,36.6,99,0
7980,M,301.2,312.4,1505,39.6,102,0
7981,L,301.0,312.3,1445,36.4,105,0
7982,L,301.0,312.3,1488,42.6,107,0
7983,L,301.0,312.2,1601,33.0,109,0
7984,L,301.0,312.3,1550,34.9,111,0
7985,L,301.0,312.2,1540,34.1,113,0
7986,L,301.1,312.3,1587,34.5,115,0
7987,H,301.0,312.2,1489,40.3,117,0
7988,L,301.1,312.3,1486,34.9,122,0
7989,L,301.1,312.4,1430,37.9,124,0
7990,M,301.1,312.4,1809,25.1,126,0
7991,L,301.1,312.3,1534,39.0,129,0
7992,M,301.1,312.3,1852,25.9,131,0
7993,L,301.1,312.3,1595,31.9,134,0
7994,L,301.0,312.3,1424,43.5,136,0
7995,L,301.0,312.2,1776,28.8,138,0
7996,M,301.0,312.2,1499,41.5,140,0
7997,M,301.0,312.2,2710,9.7,143,1
7998,L,300.9,312.1,1359,51.7,146,0
7999,M,300.9,312.1,1617,31.0,148,0
8000,M,300.8,312.0,1443,53.3,151,0
8001,L,300.8,312.0,1374,50.2,154,0
8002,M,300.9,312.1,1851,23.0,156,0
8003,M,300.8,312.0,1274,67.3,159,0
8004,L,300.9,312.0,1533,44.0,162,0
8005,L,300.8,312.0,1477,37.3,164,0
8006,L,300.9,312.1,1462,46.0,166,0
8007,M,301.0,312.1,1664,28.4,168,0
8008,L,300.8,311.9,1414,41.1,171,0
8009,H,300.9,312.0,2129,17.8,173,0
8010,L,300.8,311.8,1323,61.1,178,0
8011,L,300.8,311.8,1427,43.3,180,0
8012,M,300.9,312.0,1375,56.1,182,0
8013,M,300.9,312.0,1402,50.7,185,0
8014,L,300.9,312.0,1500,44.2,188,0
8015,M,301.0,312.0,1558,37.5,190,0
8016,M,300.9,312.0,1447,41.4,193,0
8017,L,301.0,312.0,1518,39.3,196,0
8018,L,301.0,311.9,1889,23.5,198,0
8019,L,301.0,312.1,1675,30.7,200,0
8020,H,300.9,312.0,1720,27.9,202,0
8021,M,301.0,312.0,1499,34.6,207,0
8022,L,300.9,312.0,1441,43.8,210,0
8023,H,300.9,312.0,1397,42.7,212,0
8024,L,300.9,312.0,1493,38.7,217,0
8025,M,300.8,312.0,1422,50.7,219,0
8026,L,300.7,311.9,1399,50.2,222,1
8027,L,300.6,311.9,1425,44.9,224,0
8028,L,300.6,311.8,1501,44.8,226,0
8029,M,300.6,311.9,1629,35.3,0,0
8030,L,300.6,312.0,1490,42.2,3,0
8031,L,300.7,312.0,1550,32.4,5,0
8032,L,300.8,312.0,1416,46.5,7,0
8033,L,300.7,311.9,1485,38.8,9,0
8034,L,300.7,311.8,1564,36.8,11,0
8035,L,300.7,311.7,1910,19.7,13,0
8036,L,300.7,311.7,1460,46.1,15,0
8037,L,300.7,311.8,1603,34.1,17,0
8038,L,300.7,311.8,1486,47.3,19,0
8039,L,300.8,311.9,1560,31.8,21,0
8040,L,300.8,311.9,1498,39.3,23,0
8041,H,300.8,311.9,1431,48.5,25,0
8042,L,300.8,311.9,1486,45.1,30,0
8043,L,300.7,311.9,1486,35.8,32,0
8044,L,300.7,311.8,1441,38.1,34,0
8045,M,300.7,311.9,1366,55.1,36,0
8046,L,300.6,311.8,1471,41.4,39,0
8047,L,300.6,311.9,1463,38.2,41,0
8048,L,300.6,311.9,1413,41.3,43,0
8049,H,300.6,311.9,1604,30.5,45,0
8050,L,300.7,312.0,1401,51.1,50,0
8051,L,300.6,311.8,1652,27.2,52,0
8052,L,300.5,311.9,1403,45.7,54,0
8053,L,300.5,311.9,1887,21.7,56,0
8054,L,300.4,311.8,1405,47.9,58,0
8055,H,300.2,311.6,1496,41.1,60,0
8056,L,300.1,311.5,1499,43.4,65,0
8057,L,300.2,311.5,1549,37.2,67,0
8058,L,300.3,311.6,1515,44.9,69,0
8059,L,300.2,311.6,1540,37.7,71,0
8060,H,300.2,311.5,1426,44.3,73,0
8061,M,300.2,311.6,1465,41.4,78,0
8062,M,300.3,311.6,1359,54.1,81,0
8063,M,300.3,311.7,1551,36.4,84,0
8064,L,300.5,311.8,1596,34.8,87,0
8065,M,300.5,311.9,1670,26.3,89,0
8066,L,300.4,311.9,1868,21.3,92,0
8067,M,300.6,312.0,1490,39.8,94,0
8068,M,300.5,311.9,1676,35.2,97,0
8069,M,300.5,311.9,1875,22.1,100,0
8070,M,300.5,312.0,1867,23.0,103,0
8071,L,300.5,312.0,1646,29.5,106,0
8072,H,300.5,312.0,1375,43.2,108,0
8073,L,300.5,312.0,1558,36.7,113,0
8074,L,300.4,312.0,1631,34.9,115,0
8075,L,300.4,312.0,1366,43.0,117,0
8076,L,300.3,311.8,1360,48.0,119,0
8077,L,300.3,311.8,1547,39.7,121,0
8078,L,300.3,311.7,1571,31.2,123,0
8079,L,300.2,311.5,1528,36.1,125,0
8080,H,300.2,311.5,1432,43.6,127,0
8081,L,300.2,311.6,1356,53.5,132,0
8082,H,300.1,311.5,1422,46.2,134,0
8083,L,300.1,311.4,1438,42.2,139,0
8084,L,300.2,311.4,1483,44.4,141,0
8085,L,300.2,311.4,1331,49.8,143,0
8086,L,300.2,311.4,1463,37.5,145,0
8087,L,300.1,311.4,1446,40.6,147,0
8088,L,300.1,311.4,1356,45.7,149,0
8089,L,300.1,311.3,1676,30.3,151,0
8090,L,300.1,311.4,1910,23.0,153,0
8091,L,300.2,311.6,1375,56.9,155,0
8092,M,300.2,311.6,1513,40.8,157,0
8093,L,300.2,311.6,1511,35.7,160,0
8094,H,300.2,311.6,1662,28.8,162,0
8095,L,300.2,311.7,1493,48.3,167,0
8096,M,300.2,311.7,1555,37.4,169,0
8097,L,300.3,311.7,1452,41.5,172,0
8098,L,300.2,311.6,1500,39.0,174,0
8099,L,300.2,311.7,1603,30.5,176,0
8100,L,300.3,311.7,1682,27.8,178,0
8101,L,300.3,311.8,1567,37.7,180,0
8102,L,300.3,311.8,1413,46.0,182,0
8103,M,300.3,311.9,1429,41.6,184,0
8104,L,300.3,311.9,1692,31.5,187,0
8105,L,300.4,311.9,1476,48.7,189,0
8106,M,300.4,312.0,1596,30.4,191,0
8107,H,300.3,311.9,1390,49.0,194,0
8108,M,300.3,311.8,1607,33.7,199,0
8109,L,300.3,311.7,1821,26.3,202,0
8110,H,300.3,311.8,2141,18.5,204,0
8111,M,300.4,311.8,1553,33.1,209,1
8112,M,300.4,311.8,1442,45.1,0,0
8113,L,300.4,311.7,1459,45.6,3,0
8114,H,300.4,311.8,2496,13.5,5,0
8115,L,300.4,311.8,1367,57.2,10,0
8116,L,300.3,311.8,2004,19.6,12,0
8117,L,300.3,311.7,1406,47.5,14,0
8118,L,300.3,311.8,1548,33.0,16,0
8119,L,300.3,311.7,1333,55.2,18,0
8120,L,300.2,311.6,1767,26.4,20,0
8121,L,300.2,311.6,1827,27.0,22,0
8122,M,300.2,311.6,1533,46.4,24,0
8123,H,300.2,311.5,1515,36.8,27,0
8124,L,300.2,311.4,1568,41.0,32,0
8125,L,300.2,311.4,1452,47.8,34,0
8126,L,300.2,311.4,1433,37.9,36,0
8127,M,300.1,311.3,1650,33.8,38,0
8128,L,300.1,311.4,1629,31.3,41,0
8129,L,300.0,311.3,1520,39.2,43,0
8130,H,300.0,311.2,1393,43.1,45,0
8131,H,299.9,311.2,1364,49.6,50,0
8132,M,299.9,311.3,1389,50.0,55,0
8133,L,299.8,311.1,1466,46.1,58,0
8134,L,299.7,311.1,1650,32.4,60,0
8135,L,299.6,311.0,1554,36.3,62,0
8136,M,299.6,310.9,1474,39.7,64,0
8137,H,299.5,310.8,1600,32.4,67,0
8138,L,299.5,310.8,1356,54.9,72,0
8139,L,299.5,310.8,1571,38.2,74,0
8140,L,299.6,310.9,1658,28.0,76,0
8141,L,299.6,310.8,1393,49.9,78,0
8142,M,299.7,311.0,1448,49.8,80,0
8143,L,299.7,310.9,1477,40.4,83,0
8144,M,299.7,311.0,1506,42.7,85,0
8145,M,299.7,310.9,1685,32.1,88,0
8146,L,299.6,310.9,1533,31.8,91,0
8147,L,299.5,310.8,1447,41.0,93,0
8148,M,299.5,310.7,1488,39.5,95,0
8149,M,299.6,310.8,1427,50.4,98,0
8150,M,299.5,310.7,1424,41.3,101,0
8151,L,299.5,310.7,1472,40.9,104,0
8152,L,299.5,310.7,1438,45.7,106,0
8153,L,299.6,310.8,1507,42.4,108,0
8154,L,299.6,310.7,1393,52.1,110,0
8155,L,299.5,310.8,1283,52.4,112,0
8156,L,299.6,310.8,1644,30.9,114,0
8157,L,299.6,310.8,1498,46.9,116,0
8158,L,299.6,310.8,1400,40.8,118,0
8159,H,299.6,310.9,1679,31.2,120,0
8160,M,299.7,311.1,1618,30.3,125,0
8161,H,299.6,311.0,1714,30.2,128,0
8162,L,299.6,311.0,1574,35.0,133,0
8163,L,299.7,311.1,1574,36.4,135,0
8164,L,299.6,310.9,1472,40.9,137,0
8165,L,299.6,311.0,1552,33.2,139,0
8166,L,299.7,311.1,1603,31.4,141,0
8167,H,299.7,311.1,1353,47.1,143,0
8168,L,299.7,311.1,1690,30.6,148,0
8169,M,299.8,311.2,1745,26.3,150,0
8170,L,299.9,311.3,1522,45.7,153,0
8171,H,300.0,311.4,1641,34.5,155,0
8172,L,299.9,311.4,1596,28.9,160,0
8173,H,299.9,311.4,1497,37.0,162,0
8174,L,299.9,311.3,1371,52.3,167,0
8175,M,299.9,311.3,1445,41.2,169,0
8176,L,299.8,311.2,1564,40.0,172,0
8177,L,299.7,311.1,1439,44.9,174,0
8178,L,299.7,311.2,1352,52.1,176,0
8179,L,299.8,311.3,1560,35.4,178,0
8180,M,299.7,311.2,1616,42.3,180,0
8181,L,299.7,311.2,1835,23.7,183,0
8182,M,299.7,311.1,1649,32.7,185,0
8183,L,299.8,311.1,1452,47.3,188,0
8184,L,299.8,311.1,2144,17.7,190,0
8185,L,299.7,311.1,1554,41.0,192,0
8186,L,299.7,311.0,1827,25.4,194,0
8187,L,299.6,310.9,1448,46.3,196,0
8188,M,299.6,310.9,1530,38.8,198,0
8189,L,299.7,311.0,1983,21.0,201,0
8190,M,299.7,310.9,1620,37.2,203,0
8191,M,299.6,310.9,1630,29.8,206,0
8192,L,299.6,310.9,1229,65.2,209,1
8193,L,299.5,310.8,1873,22.3,211,0
8194,L,299.4,310.7,1426,45.7,213,0
8195,L,299.4,310.8,1376,53.9,215,1
8196,L,299.4,310.8,1622,33.6,217,0
8197,M,299.4,310.7,1492,45.7,219,0
8198,M,299.3,310.7,1374,48.9,222,0
8199,L,299.2,310.7,1737,27.0,225,1
8200,L,299.3,310.8,1426,42.4,0,0
8201,M,299.3,310.9,1826,25.1,2,0
8202,L,299.3,310.9,1669,32.4,5,0
8203,M,299.4,310.9,1473,40.1,7,0
8204,L,299.4,310.9,1751,27.8,10,0
8205,M,299.4,310.9,1446,47.3,12,0
8206,L,299.3,310.8,1483,43.5,15,0
8207,L,299.2,310.7,1535,42.6,17,0
8208,L,299.2,310.7,1477,44.0,19,0
8209,L,299.3,310.8,1391,46.9,21,0
8210,H,299.2,310.7,1636,29.4,23,0
8211,L,299.2,310.6,1675,33.3,28,0
8212,H,299.2,310.5,1329,48.9,30,0
8213,M,299.2,310.5,1548,33.5,35,0
8214,L,299.2,310.5,1391,45.8,38,0
8215,L,299.1,310.5,1437,43.1,40,0
8216,L,299.2,310.6,1370,61.9,42,0
8217,L,299.1,310.6,1577,37.1,44,0
8218,L,299.1,310.5,1485,37.8,46,0
8219,L,299.0,310.4,1504,34.3,48,0
8220,M,298.9,310.3,1551,35.2,50,0
8221,M,299.1,310.5,1428,43.0,53,0
8222,L,299.0,310.5,1755,27.9,56,0
8223,L,299.1,310.5,1329,54.9,58,0
8224,L,299.1,310.5,1496,35.2,60,0
8225,L,299.1,310.5,1532,36.6,62,0
8226,L,299.1,310.5,1389,61.4,64,0
8227,M,299.1,310.4,1524,51.4,66,0
8228,M,299.1,310.4,1422,49.3,69,0
8229,L,299.1,310.5,1739,27.4,72,0
8230,L,299.1,310.5,1736,26.9,74,0
8231,L,299.1,310.5,1419,48.8,76,0
8232,L,299.1,310.6,1326,49.7,78,0
8233,M,299.1,310.6,1449,43.2,80,0
8234,L,299.2,310.6,1534,39.7,83,0
8235,M,299.2,310.6,1443,50.9,85,0
8236,L,299.2,310.6,1498,41.1,88,0
8237,L,299.1,310.6,1796,26.0,90,0
8238,L,299.1,310.4,1519,45.3,92,0
8239,L,299.0,310.4,1339,49.6,94,0
8240,L,299.0,310.4,1483,41.5,96,0
8241,M,298.9,310.2,2099,20.0,98,0
8242,M,299.0,310.3,1689,29.7,101,0
8243,H,299.1,310.4,1369,54.5,104,0
8244,L,299.0,310.4,1512,38.8,109,0
8245,M,299.0,310.3,1303,68.6,111,1
8246,L,299.0,310.3,1552,39.9,114,0
8247,L,299.0,310.4,1713,28.0,116,0
8248,L,298.9,310.3,1456,44.1,118,0
8249,L,299.0,310.4,1524,39.8,120,0
8250,M,299.0,310.4,1394,45.2,122,0
8251,L,299.0,310.4,1981,21.2,125,0
8252,L,299.0,310.4,1565,36.1,127,0
8253,L,299.1,310.4,1657,31.0,129,0
8254,M,299.0,310.4,1625,37.1,131,0
8255,L,299.0,310.4,1606,31.1,134,0
8256,H,299.0,310.5,1336,56.8,136,0
8257,M,299.0,310.6,1587,34.2,141,0
8258,L,299.1,310.6,1602,39.7,144,0
8259,L,299.1,310.5,1471,38.4,146,0
8260,H,299.1,310.6,1332,48.0,148,0
8261,H,299.2,310.6,1434,48.4,153,0
8262,L,299.1,310.6,1921,23.9,158,0
8263,H,299.2,310.6,1704,30.6,160,0
8264,M,299.1,310.6,1397,49.5,165,0
8265,H,299.1,310.6,1791,28.0,168,0
8266,L,299.1,310.6,1818,24.1,173,0
8267,L,299.2,310.7,1540,36.3,175,0
8268,M,299.2,310.8,1502,39.8,177,0
8269,H,299.2,310.8,1761,30.4,180,0
8270,M,299.1,310.8,1517,38.4,185,0
8271,L,299.1,310.7,1309,51.1,188,0
8272,L,298.9,310.6,1363,52.6,190,0
8273,M,299.0,310.6,1787,22.2,192,0
8274,L,298.9,310.5,1640,29.2,195,0
8275,M,298.9,310.6,1720,25.3,197,0
8276,L,298.8,310.5,1384,52.8,200,0
8277,H,298.8,310.5,1294,55.8,202,0
8278,L,298.8,310.5,1464,46.4,207,0
8279,L,298.8,310.6,1803,25.4,209,0
8280,L,298.8,310.6,1602,39.1,211,0
8281,H,298.9,310.6,1519,38.8,213,0
8282,M,298.9,310.7,1638,33.6,218,0
8283,H,298.9,310.6,1615,33.0,221,0
8284,L,298.8,310.6,1651,33.3,0,0
8285,L,298.9,310.6,1387,52.7,2,0
8286,M,298.8,310.5,1678,32.8,4,0
8287,L,298.9,310.6,1585,38.1,7,0
8288,M,298.8,310.6,1640,33.8,9,0
8289,L,298.9,310.6,1406,43.8,12,0
8290,M,298.9,310.6,1679,35.8,14,0
8291,L,298.9,310.5,1717,26.9,17,0
8292,H,298.9,310.5,1429,39.9,19,0
8293,M,298.9,310.4,1533,44.4,24,0
8294,M,298.9,310.5,1525,38.5,27,0
8295,L,298.9,310.4,1739,26.3,30,0
8296,L,298.9,310.3,1436,39.0,32,0
8297,M,298.8,310.2,1595,33.1,34,0
8298,H,298.7,310.1,1435,45.6,37,0
8299,L,298.7,310.0,1637,31.8,42,0
8300,L,298.7,310.1,1558,37.6,44,0
8301,M,298.7,310.1,1644,34.1,46,0
8302,L,298.7,310.1,1641,31.1,49,0
8303,L,298.8,310.2,1504,41.0,51,0
8304,M,298.7,310.1,1506,50.7,53,0
8305,H,298.8,310.1,1380,44.0,56,0
8306,M,298.7,310.1,1549,42.5,61,0
8307,M,298.7,310.1,1402,69.7,64,1
8308,L,298.7,310.1,1401,45.3,67,0
8309,M,298.7,310.0,1459,40.2,69,0
8310,L,298.7,309.9,1465,39.7,72,0
8311,M,298.8,310.0,1295,52.7,74,0
8312,M,298.8,310.0,1529,38.5,77,0
8313,M,298.8,310.0,1484,44.9,80,0
8314,L,298.8,309.9,1739,30.6,83,0
8315,H,298.7,309.8,1422,40.7,85,0
8316,L,298.8,309.8,1463,40.0,90,0
8317,L,298.7,309.7,1667,30.4,92,0
8318,H,298.7,309.7,1565,39.3,94,0
8319,L,298.7,309.7,1393,45.7,99,0
8320,M,298.8,309.7,1453,47.7,101,0
8321,L,298.8,309.6,1442,50.0,104,0
8322,L,298.7,309.6,1364,44.9,106,0
8323,H,298.7,309.5,1453,40.4,108,0
8324,M,298.7,309.5,1394,46.0,113,0
8325,M,298.7,309.5,1500,38.8,116,0
8326,H,298.6,309.5,1523,34.2,119,0
8327,M,298.7,309.6,1254,57.1,124,0
8328,L,298.6,309.5,1325,52.2,127,0
8329,L,298.8,309.7,1424,49.6,129,0
8330,L,298.8,309.7,1505,39.0,131,0
8331,M,298.8,309.7,1392,48.7,133,0
8332,L,298.8,309.7,1529,44.0,136,0
8333,M,298.8,309.7,1477,48.5,138,0
8334,M,298.8,309.7,1459,47.3,141,0
8335,M,299.0,309.8,2240,15.9,144,0
8336,L,298.9,309.7,1449,48.8,147,0
8337,M,298.8,309.7,1589,35.3,149,0
8338,L,298.8,309.7,1740,28.5,152,0
8339,M,298.8,309.7,1499,40.3,154,0
8340,M,298.8,309.7,1480,38.1,157,0
8341,L,298.8,309.7,1751,29.6,160,0
8342,L,298.7,309.7,1510,40.6,162,0
8343,H,298.8,309.8,1437,48.2,164,0
8344,L,298.8,309.7,1609,40.4,169,0
8345,H,298.8,309.8,1490,35.9,171,0
8346,L,298.7,309.7,1601,35.7,176,0
8347,L,298.7,309.6,1665,31.1,178,0
8348,M,298.7,309.6,1452,42.7,180,0
8349,M,298.7,309.5,1487,33.6,183,0
8350,M,298.7,309.6,1382,48.1,186,0
8351,M,298.7,309.6,1686,26.2,189,0
8352,L,298.6,309.6,1491,36.9,192,0
8353,L,298.7,309.6,1442,55.6,194,0
8354,L,298.6,309.6,1390,50.3,196,0
8355,L,298.7,309.6,1502,46.7,198,0
8356,M,298.6,309.6,1344,59.4,200,0
8357,L,298.5,309.5,1385,46.3,203,1
8358,L,298.7,309.7,1547,37.4,0,0
8359,M,298.6,309.6,1525,42.4,2,0
8360,L,298.6,309.6,1540,35.8,5,0
8361,L,298.6,309.5,1450,44.3,7,0
8362,L,298.6,309.6,1353,62.5,9,0
8363,L,298.8,309.7,1582,45.0,11,0
8364,L,298.9,309.8,1396,49.0,13,0
8365,M,298.8,309.8,1551,36.6,15,0
8366,M,298.9,309.8,1836,22.8,18,0
8367,L,298.9,309.8,1390,49.9,21,0
8368,L,298.9,309.8,1534,42.1,23,0
8369,L,298.8,309.7,1953,20.6,25,0
8370,L,298.8,309.8,1634,33.6,27,0
8371,L,298.7,309.7,1881,21.7,29,0
8372,M,298.8,309.7,1448,44.8,31,0
8373,M,298.7,309.7,1362,50.5,34,0
8374,L,298.8,309.7,1225,63.4,37,0
8375,M,298.8,309.6,1384,48.2,39,0
8376,L,298.8,309.8,1334,49.3,42,0
8377,L,298.8,309.7,1336,50.3,44,0
8378,M,298.8,309.9,1331,61.6,46,0
8379,L,298.8,309.9,1629,31.9,49,0
8380,L,298.9,310.0,1776,25.7,51,0
8381,H,298.8,310.0,1530,38.3,53,0
8382,L,298.9,310.0,1719,27.3,58,0
8383,M,298.8,309.9,1495,35.2,60,0
8384,L,298.8,309.7,1450,43.1,63,0
8385,H,298.8,309.8,1563,38.8,65,0
8386,M,298.9,309.9,1501,37.1,70,0
8387,L,298.8,309.9,1351,47.2,73,0
8388,L,298.9,309.9,1365,46.5,75,0
8389,L,298.8,309.9,1525,39.7,77,0
8390,M,298.8,309.8,1288,61.9,79,0
8391,L,298.6,309.6,1423,42.7,82,0
8392,M,298.5,309.6,1502,39.4,84,0
8393,L,298.5,309.5,1428,43.5,87,0
8394,M,298.6,309.5,1566,38.1,89,0
8395,M,298.5,309.5,1483,44.8,92,0
8396,H,298.6,309.6,1593,33.3,95,0
8397,L,298.5,309.6,1724,26.4,100,0
8398,L,298.5,309.7,2617,12.1,102,1
8399,L,298.6,309.7,1294,59.4,104,0
8400,L,298.6,309.6,1533,40.7,106,0
8401,H,298.5,309.4,1671,31.8,108,0
8402,L,298.5,309.5,1370,52.4,113,0
8403,L,298.5,309.6,1462,45.1,115,0
8404,L,298.4,309.5,1545,36.6,117,0
8405,M,298.4,309.5,1484,41.7,119,0
8406,M,298.4,309.5,1344,45.3,122,0
8407,L,298.4,309.5,1357,50.1,125,0
8408,M,298.5,309.6,1572,33.0,127,0
8409,L,298.5,309.6,1861,26.9,130,0
8410,L,298.5,309.5,1548,44.5,132,0
8411,L,298.6,309.8,1496,37.7,134,0
8412,M,298.6,309.7,1314,49.7,136,0
8413,M,298.6,309.7,1422,49.7,139,0
8414,L,298.6,309.8,1842,20.1,142,0
8415,M,298.7,309.9,1434,53.0,144,0
8416,M,298.8,310.1,1585,31.3,147,0
8417,H,298.8,310.1,1704,30.7,150,0
8418,L,298.9,310.2,1971,23.2,155,0
8419,L,299.0,310.3,1431,39.9,157,0
8420,L,298.9,310.4,1546,37.7,159,0
8421,L,298.9,310.3,1496,36.3,161,0
8422,H,298.9,310.3,1243,63.0,163,0
8423,L,299.0,310.4,1452,46.2,168,0
8424,L,299.1,310.6,1380,44.7,170,0
8425,L,299.2,310.6,1567,38.4,172,0
8426,L,299.1,310.5,1628,35.9,174,0
8427,L,299.1,310.4,1505,46.1,176,0
8428,M,299.0,310.3,1827,28.0,178,0
8429,L,299.0,310.3,1577,40.0,181,0
8430,L,298.9,310.2,1304,57.2,183,0
8431,H,298.9,310.1,1324,54.6,185,0
8432,L,298.8,310.0,1537,39.9,190,0
8433,M,298.8,310.1,1501,48.7,192,0
8434,M,298.7,309.9,1654,29.1,195,0
8435,M,298.7,310.0,1519,38.1,198,0
8436,L,298.7,309.9,1371,51.3,201,0
8437,L,298.7,309.8,1181,65.9,203,1
8438,L,298.6,309.8,1469,42.8,205,0
8439,L,298.6,309.8,1637,34.6,207,0
8440,L,298.6,309.8,1370,56.0,0,0
8441,L,298.6,309.9,1630,30.6,2,0
8442,L,298.6,310.0,1517,39.0,4,0
8443,M,298.6,309.9,1668,32.3,6,0
8444,M,298.6,309.9,1818,24.9,9,0
8445,M,298.6,310.0,1541,36.9,12,0
8446,L,298.5,309.9,1482,42.1,15,0
8447,L,298.6,310.1,1439,49.9,17,0
8448,L,298.5,310.0,1492,41.2,19,0
8449,L,298.4,309.9,1725,27.8,21,0
8450,L,298.4,310.0,1559,44.2,23,0
8451,L,298.5,310.0,1435,42.5,25,0
8452,M,298.6,310.0,1512,37.5,27,0
8453,L,298.6,309.9,1564,37.1,30,0
8454,L,298.6,310.0,1522,40.3,32,0
8455,L,298.6,309.9,1356,59.5,34,0
8456,L,298.6,309.9,1556,38.6,36,0
8457,L,298.6,309.9,1393,45.5,38,0
8458,L,298.7,309.9,1753,26.8,40,0
8459,L,298.7,309.9,1651,29.5,42,0
8460,L,298.7,309.9,1372,54.7,44,0
8461,L,298.7,309.9,1446,43.3,46,0
8462,M,298.7,309.8,1501,44.7,48,0
8463,M,298.7,309.9,1411,45.1,51,0
8464,H,298.6,309.7,1672,27.5,54,0
8465,M,298.7,309.8,1475,40.5,59,0
8466,L,298.7,309.8,1469,38.4,62,0
8467,L,298.6,309.8,1704,28.3,64,0
8468,H,298.6,309.7,1463,39.1,66,0
8469,M,298.6,309.7,1280,64.1,71,0
8470,L,298.7,309.9,1464,38.0,74,0
8471,L,298.6,309.8,1332,46.4,76,0
8472,L,298.5,309.7,1634,37.8,78,0
8473,M,298.6,309.8,1430,43.1,80,0
8474,M,298.5,309.7,1523,44.6,83,0
8475,M,298.5,309.7,1557,37.7,86,0
8476,L,298.5,309.6,1585,32.2,89,0
8477,H,298.5,309.6,1579,33.5,91,0
8478,M,298.5,309.7,1354,60.8,96,0
8479,L,298.6,309.7,1627,33.4,99,0
8480,L,298.4,309.6,1477,35.6,101,0
8481,M,298.3,309.4,1595,29.0,103,0
8482,L,298.4,309.5,1520,38.1,106,0
8483,L,298.3,309.4,1618,31.5,108,0
8484,L,298.4,309.5,1397,50.3,110,0
8485,L,298.4,309.5,1450,47.9,112,0
8486,M,298.5,309.5,1501,40.2,114,0
8487,L,298.4,309.4,1392,50.1,117,0
8488,L,298.4,309.4,1385,43.2,119,0
8489,L,298.4,309.4,1461,46.3,121,0
8490,M,298.5,309.6,1364,58.7,123,0
8491,L,298.5,309.5,1579,38.6,126,0
8492,M,298.4,309.5,1514,38.8,128,0
8493,M,298.3,309.5,1560,36.9,131,0
8494,L,298.3,309.5,1542,36.7,134,0
8495,L,298.3,309.4,1668,27.1,136,0
8496,M,298.3,309.4,1816,22.6,138,0
8497,M,298.3,309.4,1509,34.2,141,0
8498,L,298.4,309.6,1479,37.8,144,0
8499,L,298.4,309.6,1655,30.2,146,0
8500,L,298.3,309.5,1711,30.3,148,0
8501,L,298.4,309.7,1581,34.6,150,0
8502,H,298.6,309.8,1279,55.9,152,0
8503,L,298.5,309.8,1468,40.9,157,0
8504,L,298.4,309.7,1419,41.3,159,0
8505,L,298.4,309.7,1530,38.6,161,0
8506,L,298.4,309.6,1710,27.3,163,1
8507,L,298.4,309.7,1518,39.8,165,0
8508,M,298.4,309.7,1679,33.3,167,0
8509,M,298.4,309.7,1870,22.5,170,0
8510,L,298.3,309.7,1484,44.3,173,0
8511,L,298.4,309.7,1457,44.2,175,0
8512,H,298.3,309.6,1546,36.2,177,0
8513,M,298.2,309.5,1478,36.5,182,0
8514,L,298.2,309.4,1447,47.1,185,0
8515,L,298.2,309.4,1443,45.4,187,0
8516,L,298.3,309.6,1527,30.9,189,0
8517,M,298.3,309.6,1469,54.8,191,0
8518,M,298.3,309.6,1681,27.1,194,0
8519,L,298.3,309.6,1420,44.1,197,0
8520,M,298.3,309.5,1543,49.9,199,0
8521,L,298.4,309.5,1376,50.4,202,0
8522,H,298.3,309.4,1631,29.8,0,0
8523,H,298.3,309.3,1529,41.7,5,0
8524,L,298.3,309.4,1468,46.2,10,0
8525,L,298.3,309.4,1378,52.3,12,0
8526,L,298.3,309.3,1401,51.9,14,0
8527,L,298.4,309.3,1531,37.4,16,0
8528,L,298.4,309.3,1512,35.8,18,0
8529,M,298.5,309.4,1522,47.4,20,0
8530,M,298.5,309.3,1615,31.8,23,0
8531,L,298.6,309.3,1449,46.5,26,0
8532,L,298.6,309.4,1315,55.5,28,0
8533,M,298.6,309.4,1465,41.1,30,0
8534,M,298.6,309.5,1404,43.3,33,0
8535,L,298.6,309.5,1547,44.8,36,0
8536,M,298.6,309.5,1426,45.4,38,0
8537,L,298.6,309.5,1730,30.2,41,0
8538,L,298.5,309.4,1548,37.7,43,0
8539,L,298.5,309.4,1517,40.2,45,0
8540,L,298.6,309.5,1687,29.3,47,0
8541,L,298.5,309.5,1738,25.2,49,0
8542,H,298.4,309.4,1512,35.3,51,0
8543,M,298.5,309.4,1365,48.7,56,0
8544,H,298.5,309.4,2011,21.0,59,0
8545,L,298.4,309.3,1806,27.6,64,0
8546,L,298.4,309.3,1716,28.4,66,0
8547,M,298.4,309.4,1666,24.3,68,0
8548,L,298.5,309.4,1578,36.3,71,0
8549,L,298.3,309.3,1558,37.2,73,0
8550,L,298.3,309.2,1456,45.5,75,0
8551,M,298.2,309.1,1457,49.0,77,0
8552,L,298.2,309.1,1467,44.5,80,0
8553,M,298.1,309.0,1661,38.2,82,0
8554,L,298.1,309.0,1592,33.9,85,0
8555,L,298.2,309.0,1596,37.2,87,0
8556,L,298.2,309.0,1489,40.6,89,0
8557,L,298.3,309.0,1471,48.3,91,0
8558,M,298.3,309.0,1505,41.3,93,0
8559,L,298.3,309.0,1519,40.0,96,0
8560,L,298.3,309.0,1408,45.4,98,0
8561,L,298.2,308.9,1332,44.4,100,0
8562,L,298.1,308.9,1351,52.4,102,0
8563,L,298.0,308.9,1500,36.7,104,0
8564,M,298.0,308.7,1614,30.7,106,0
8565,L,298.0,308.8,1489,36.5,109,0
8566,M,297.9,308.7,1751,26.6,111,0
8567,L,298.0,308.7,1511,45.8,114,0
8568,L,297.9,308.6,1691,29.6,116,0
8569,L,297.9,308.6,1757,27.5,118,0
8570,H,297.9,308.7,1545,35.9,120,0
8571,L,297.9,308.6,2262,15.7,125,0
8572,M,297.7,308.5,1559,35.2,127,0
8573,L,297.6,308.4,1626,32.4,130,0
8574,L,297.6,308.3,1424,53.9,132,0
8575,M,297.6,308.3,1648,29.1,134,0
8576,L,297.6,308.3,1523,39.5,137,0
8577,L,297.6,308.3,1502,43.2,139,0
8578,L,297.5,308.2,1489,40.7,141,0
8579,M,297.4,308.1,1620,31.2,143,0
8580,L,297.5,308.1,1631,30.6,146,0
8581,M,297.5,308.0,1429,45.8,148,0
8582,M,297.5,308.1,1334,72.0,151,1
8583,L,297.4,308.0,1423,38.0,154,0
8584,L,297.4,307.9,1390,47.7,156,0
8585,M,297.4,307.9,1338,48.5,158,0
8586,H,297.3,307.9,1461,37.5,161,0
8587,M,297.4,307.9,1627,34.3,166,0
8588,L,297.3,307.8,1385,44.4,169,0
8589,M,297.3,307.8,1538,48.0,171,0
8590,L,297.4,307.9,1557,35.5,174,0
8591,L,297.4,307.9,1606,33.4,176,0
8592,M,297.5,308.0,1430,44.5,178,0
8593,M,297.4,308.0,1601,34.6,181,0
8594,L,297.4,308.0,1356,51.9,184,0
8595,M,297.5,308.2,1624,30.9,186,0
8596,L,297.5,308.2,1327,56.5,189,0
8597,L,297.6,308.3,1410,47.0,191,0
8598,L,297.6,308.3,1478,42.3,193,0
8599,L,297.6,308.4,1460,40.3,195,0
8600,L,297.5,308.3,1435,40.3,197,0
8601,H,297.4,308.2,1359,46.9,199,0
8602,L,297.4,308.1,1729,31.7,204,0
8603,H,297.3,308.0,1384,49.1,206,0
8604,L,297.4,308.2,1297,52.1,211,0
8605,L,297.5,308.4,1633,33.3,213,0
8606,M,297.5,308.4,1505,37.2,215,0
8607,L,297.5,308.4,1433,50.0,218,0
8608,L,297.4,308.4,1369,50.6,220,1
8609,L,297.4,308.3,1475,40.5,222,1
8610,L,297.4,308.3,1561,38.3,0,0
8611,L,297.4,308.3,1472,45.5,2,0
8612,L,297.5,308.4,1441,44.5,4,0
8613,M,297.5,308.5,1401,50.5,6,0
8614,L,297.5,308.5,1691,33.1,9,0
8615,L,297.6,308.6,1382,47.1,11,0
8616,L,297.6,308.6,1355,46.4,13,0
8617,L,297.6,308.6,1529,45.3,15,0
8618,L,297.7,308.7,1829,24.9,17,0
8619,H,297.6,308.6,1480,39.8,19,0
8620,L,297.6,308.5,1475,42.4,24,0
8621,M,297.6,308.5,1431,52.6,26,0
8622,L,297.5,308.3,1437,42.3,29,0
8623,M,297.5,308.3,1476,45.6,31,0
8624,H,297.5,308.4,1490,39.7,34,0
8625,L,297.4,308.3,1632,33.5,39,0
8626,L,297.4,308.2,1402,49.7,41,0
8627,L,297.4,308.3,1347,45.8,43,0
8628,L,297.5,308.4,1747,31.0,45,0
8629,H,297.5,308.5,1557,39.1,47,0
8630,L,297.4,308.4,1371,57.4,52,0
8631,H,297.3,308.3,1506,37.0,54,0
8632,L,297.3,308.3,1590,35.5,59,0
8633,L,297.4,308.3,1336,53.7,61,0
8634,L,297.3,308.3,1411,43.2,63,0
8635,L,297.4,308.3,1704,27.3,65,0
8636,L,297.5,308.4,1723,27.3,67,0
8637,L,297.5,308.5,1459,39.7,69,0
8638,L,297.6,308.5,1572,35.9,71,0
8639,L,297.5,308.4,1384,56.0,73,0
8640,L,297.6,308.6,1383,47.5,75,0
8641,M,297.6,308.5,1360,48.6,77,0
8642,M,297.5,308.4,1596,36.6,80,0
8643,L,297.5,308.5,1448,54.3,83,0
8644,M,297.6,308.5,1443,38.2,85,0
8645,M,297.6,308.6,1492,35.5,88,0
8646,L,297.5,308.6,1497,43.9,91,0
8647,L,297.5,308.5,1530,38.5,93,0
8648,M,297.4,308.4,1478,46.2,95,0
8649,L,297.4,308.4,1328,61.8,98,0
8650,H,297.4,308.3,1771,27.4,100,0
8651,M,297.4,308.4,1564,35.0,105,0
8652,H,297.3,308.3,1461,41.5,108,0
8653,M,297.4,308.3,1335,57.9,113,0
8654,M,297.4,308.4,1441,46.8,116,0
8655,L,297.3,308.3,1268,60.6,119,0
8656,M,297.3,308.3,1697,27.4,121,0
8657,L,297.4,308.4,1421,46.0,124,0
8658,L,297.4,308.5,1496,36.4,126,0
8659,L,297.5,308.5,1375,55.6,128,0
8660,L,297.4,308.5,1295,52.1,130,0
8661,L,297.4,308.5,1643,33.8,132,0
8662,L,297.5,308.6,1514,36.9,134,0
8663,L,297.5,308.6,1671,29.4,136,0
8664,H,297.5,308.6,1355,58.9,138,0
8665,L,297.6,308.7,1365,50.6,143,0
8666,L,297.5,308.7,1407,42.5,145,0
8667,M,297.5,308.8,1455,46.1,147,0
8668,L,297.5,308.8,1502,45.9,150,0
8669,M,297.5,308.8,1471,52.3,152,0
8670,L,297.5,308.9,1581,30.4,155,0
8671,L,297.5,308.8,1530,37.8,157,0
8672,L,297.5,308.8,1312,50.3,159,0
8673,L,297.4,308.6,1494,42.6,161,0
8674,M,297.4,308.6,1528,29.1,163,0
8675,H,297.3,308.6,1688,29.4,166,0
8676,M,297.3,308.5,1520,42.4,171,0
8677,M,297.3,308.5,1664,28.9,174,0
8678,L,297.3,308.5,1514,44.5,177,0
8679,L,297.3,308.5,1456,54.2,179,0
8680,L,297.2,308.5,1494,39.6,181,0
8681,L,297.2,308.4,1605,30.0,183,0
8682,M,297.2,308.5,1353,46.5,185,0
8683,L,297.2,308.5,1447,47.9,188,0
8684,L,297.2,308.5,1588,40.4,190,0
8685,H,297.2,308.5,1524,41.4,192,0
8686,M,297.2,308.5,1611,31.6,197,0
8687,M,297.2,308.5,1604,34.9,200,0
8688,L,297.1,308.5,1483,46.9,203,0
8689,L,297.1,308.4,1543,39.6,205,0
8690,L,297.1,308.5,1323,44.4,207,1
8691,L,297.1,308.5,1555,36.2,0,0
8692,L,297.1,308.4,1583,31.9,2,0
8693,M,297.2,308.5,1584,40.0,4,0
8694,L,297.2,308.5,1766,25.8,7,0
8695,M,297.2,308.6,1498,44.4,9,0
8696,L,297.2,308.6,1413,49.8,12,0
8697,L,297.3,308.6,1505,33.5,14,0
8698,H,297.3,308.7,1438,46.2,16,0
8699,M,297.3,308.7,1655,34.1,21,0
8700,M,297.3,308.7,1451,43.8,24,0
8701,M,297.3,308.7,1466,38.4,27,0
8702,L,297.2,308.6,1774,23.0,30,0
8703,M,297.2,308.6,1284,51.3,32,0
8704,L,297.1,308.5,1425,40.0,35,0
8705,L,297.2,308.6,1437,52.4,37,0
8706,L,297.2,308.6,1335,53.0,39,0
8707,L,297.2,308.5,1471,41.7,41,0
8708,M,297.2,308.5,1364,54.0,43,0
8709,L,297.1,308.5,1578,35.6,46,0
8710,L,297.1,308.5,1712,32.1,48,0
8711,L,297.1,308.5,1733,28.7,50,0
8712,L,297.2,308.6,1652,32.1,52,0
8713,L,297.2,308.6,1917,24.1,54,0
8714,M,297.2,308.6,1444,41.1,56,0
8715,L,297.1,308.6,1442,37.1,59,0
8716,M,297.1,308.6,1717,31.3,61,0
8717,L,297.1,308.7,1474,42.3,64,0
8718,L,297.2,308.7,1509,39.3,66,0
8719,L,297.2,308.8,1451,43.1,68,0
8720,L,297.3,308.8,1554,36.1,70,0
8721,L,297.2,308.7,1669,30.7,72,0
8722,L,297.2,308.6,1366,50.4,74,0
8723,L,297.2,308.6,1578,34.4,76,0
8724,M,297.2,308.6,1513,39.0,78,0
8725,M,297.1,308.5,1515,42.1,81,0
8726,L,297.2,308.6,1562,33.0,84,0
8727,L,297.2,308.7,1501,38.5,86,0
8728,M,297.2,308.7,1398,38.1,88,0
8729,L,297.3,308.7,1352,53.8,91,0
8730,H,297.3,308.7,1569,33.9,93,0
8731,H,297.2,308.6,1486,46.6,98,0
8732,L,297.2,308.6,1864,23.6,103,0
8733,M,297.3,308.7,1447,44.5,105,0
8734,L,297.2,308.6,1392,41.5,108,0
8735,L,297.3,308.6,1358,47.6,110,0
8736,L,297.3,308.7,1491,40.2,112,0
8737,L,297.3,308.7,1556,36.7,114,0
8738,L,297.3,308.7,1531,36.7,116,0
8739,H,297.4,308.7,1429,37.6,118,0
8740,M,297.4,308.8,1573,33.9,123,0
8741,L,297.4,308.8,1538,41.2,126,0
8742,L,297.4,308.8,1467,39.0,128,0
8743,H,297.4,308.7,1323,51.1,130,0
8744,M,297.4,308.7,1798,23.0,135,0
8745,L,297.4,308.6,1411,46.3,138,0
8746,L,297.3,308.5,1528,44.5,140,0
8747,L,297.3,308.5,1504,42.0,142,0
8748,L,297.3,308.5,1384,39.6,144,0
8749,L,297.2,308.4,1677,26.4,146,0
8750,L,297.3,308.5,1764,30.8,148,0
8751,M,297.4,308.5,1472,42.0,150,0
8752,M,297.4,308.5,1465,55.9,153,0
8753,M,297.4,308.6,1657,33.1,156,0
8754,L,297.4,308.6,1635,30.5,159,0
8755,M,297.4,308.7,1582,31.9,161,0
8756,L,297.5,308.7,1761,26.2,164,0
8757,L,297.5,308.8,1587,34.9,166,0
8758,M,297.5,308.7,1446,53.0,168,0
8759,M,297.5,308.7,1352,53.0,171,0
8760,M,297.4,308.7,1392,46.4,174,0
8761,L,297.5,308.8,1417,49.8,177,0
8762,H,297.5,308.8,1824,24.0,179,0
8763,L,297.5,308.8,1603,36.7,184,0
8764,L,297.4,308.8,1620,33.4,186,0
8765,L,297.4,308.8,1353,49.4,188,0
8766,L,297.5,308.8,1360,50.7,190,0
8767,L,297.5,308.6,1380,53.5,192,0
8768,M,297.5,308.7,1363,53.6,194,0
8769,M,297.4,308.6,1452,41.2,197,0
8770,L,297.4,308.6,1680,32.8,200,0
8771,L,297.5,308.6,1536,39.0,202,0
8772,L,297.5,308.6,1621,28.9,0,0
8773,L,297.5,308.6,1585,37.6,2,0
8774,M,297.6,308.7,1408,51.5,4,0
8775,H,297.5,308.6,1536,38.7,7,0
8776,L,297.5,308.6,1352,52.6,12,0
8777,H,297.5,308.6,1481,38.8,14,0
8778,L,297.5,308.7,1454,45.0,19,0
8779,M,297.5,308.6,1349,51.5,21,0
8780,M,297.5,308.6,1327,52.1,24,0
8781,L,297.6,308.7,1552,42.3,27,0
8782,L,297.5,308.7,1456,44.7,29,0
8783,M,297.6,308.6,1254,45.8,31,0
8784,L,297.5,308.6,1437,43.3,34,0
8785,L,297.5,308.6,1694,27.1,36,0
8786,L,297.5,308.5,1306,50.7,38,0
8787,M,297.5,308.5,1699,30.1,40,0
8788,L,297.4,308.5,1369,53.2,43,0
8789,L,297.4,308.5,1471,43.9,45,0
8790,L,297.4,308.5,1410,43.9,47,0
8791,M,297.4,308.5,1412,45.5,49,0
8792,L,297.4,308.5,1418,51.2,52,0
8793,L,297.4,308.5,1782,25.9,54,0
8794,M,297.4,308.5,1497,36.4,56,0
8795,L,297.3,308.4,1459,39.4,59,0
8796,L,297.2,308.3,1796,23.8,61,0
8797,L,297.2,308.3,1569,31.2,63,0
8798,L,297.3,308.4,1469,46.7,65,0
8799,L,297.3,308.4,1472,41.3,67,0
8800,L,297.4,308.5,1475,47.2,69,0
8801,L,297.4,308.6,1488,36.4,71,0
8802,L,297.4,308.6,1524,43.1,73,0
8803,L,297.4,308.5,1486,48.6,75,0
8804,M,297.5,308.6,1255,60.7,77,0
8805,M,297.4,308.6,1469,42.6,80,0
8806,L,297.4,308.5,1692,34.3,83,0
8807,M,297.4,308.6,1604,32.8,85,0
8808,L,297.4,308.6,1446,48.1,88,0
8809,L,297.3,308.5,1503,43.3,90,0
8810,M,297.3,308.5,1625,32.8,92,0
8811,L,297.2,308.5,1574,35.8,95,0
8812,M,297.2,308.4,1378,41.9,97,0
8813,L,297.1,308.4,1693,29.5,100,0
8814,L,297.2,308.4,1462,51.2,102,0
8815,H,297.3,308.5,1435,55.0,104,0
8816,M,297.2,308.5,1425,45.8,109,0
8817,H,297.3,308.6,1376,53.5,112,0
8818,M,297.4,308.7,1481,48.0,117,0
8819,H,297.4,308.7,1349,48.9,120,0
8820,L,297.3,308.7,1551,40.0,125,0
8821,H,297.4,308.7,1623,33.8,127,0
8822,L,297.4,308.8,1462,49.7,132,0
8823,M,297.3,308.8,1447,57.4,134,0
8824,M,297.3,308.9,1799,24.5,137,0
8825,M,297.3,308.8,1548,41.3,140,0
8826,M,297.2,308.8,1485,47.9,143,0
8827,L,297.2,308.7,1463,49.9,146,0
8828,L,297.3,308.7,1587,35.8,148,0
8829,M,297.3,308.8,1469,44.1,150,0
8830,H,297.3,308.7,1430,42.8,153,0
8831,H,297.4,308.7,1726,26.8,158,0
8832,L,297.4,308.8,1651,34.1,163,0
8833,L,297.4,308.8,1529,41.3,165,0
8834,L,297.4,308.8,1473,46.2,167,0
8835,H,297.4,308.8,1324,53.5,169,0
8836,L,297.4,308.9,1708,28.8,174,0
8837,M,297.5,309.1,1540,38.5,176,0
8838,L,297.5,309.0,1320,54.7,179,0
8839,M,297.4,308.9,1376,39.0,181,0
8840,M,297.3,308.7,1542,37.0,184,0
8841,L,297.3,308.7,1506,39.3,187,0
8842,L,297.3,308.7,1492,43.6,189,0
8843,H,297.3,308.8,1564,38.0,191,0
8844,H,297.4,308.9,1645,30.8,196,0
8845,M,297.4,308.9,1348,59.1,201,0
8846,M,297.4,308.8,1325,62.4,204,1
8847,L,297.5,308.9,1443,43.5,0,0
8848,M,297.5,308.9,1436,44.8,2,0
8849,L,297.5,308.9,1596,30.7,5,0
8850,L,297.6,309.0,1491,43.2,7,0
8851,M,297.7,308.9,1573,35.1,9,0
8852,L,297.7,308.9,1575,39.9,12,0
8853,L,297.7,308.9,1458,41.1,14,0
8854,M,297.7,309.0,1433,41.8,16,0
8855,L,297.7,308.9,1662,28.1,19,0
8856,M,297.7,308.9,1327,63.7,21,0
8857,L,297.7,308.9,1742,26.3,24,0
8858,L,297.8,308.9,1506,33.5,26,0
8859,L,297.9,309.1,1457,44.4,28,0
8860,M,297.9,309.1,1488,37.3,30,0
8861,L,297.9,309.1,1619,34.7,33,0
8862,M,298.0,309.2,1558,41.7,35,0
8863,L,298.0,309.2,1731,28.7,38,0
8864,M,298.0,309.1,1574,34.8,40,0
8865,L,297.9,309.0,1290,49.8,43,0
8866,H,297.9,308.9,1416,39.6,45,0
8867,L,297.9,308.9,1566,41.9,50,0
8868,L,297.9,309.0,1456,46.5,52,0
8869,L,297.9,309.0,1528,37.5,54,0
8870,M,297.9,309.1,1338,49.6,56,0
8871,M,297.9,309.1,1558,39.2,59,0
8872,M,297.9,309.1,1614,38.1,62,0
8873,H,298.0,309.1,1557,36.4,65,0
8874,L,298.1,309.3,1443,45.3,70,0
8875,H,298.1,309.3,1332,51.0,72,0
8876,M,298.1,309.3,1752,25.2,77,0
8877,M,298.1,309.2,1460,45.8,80,0
8878,L,298.1,309.2,1802,26.9,83,0
8879,L,298.0,309.2,1527,39.5,85,0
8880,L,298.0,309.2,1458,39.8,87,0
8881,H,298.0,309.2,1520,37.9,89,0
8882,L,298.0,309.2,1378,49.7,94,0
8883,M,297.9,309.2,1529,38.1,96,0
8884,L,298.0,309.2,1527,32.4,99,0
8885,M,298.0,309.2,1438,42.9,101,0
8886,L,297.9,309.0,1583,36.7,104,0
8887,L,297.8,308.9,1530,37.6,106,0
8888,M,297.7,308.9,1530,39.1,108,0
8889,M,297.7,308.8,2089,19.1,111,0
8890,L,297.7,308.8,1616,34.2,114,0
8891,M,297.7,308.9,1681,28.3,116,0
8892,L,297.6,308.8,1475,43.0,119,0
8893,L,297.5,308.7,1371,46.5,121,0
8894,M,297.5,308.7,1546,38.0,123,0
8895,H,297.4,308.6,1461,40.1,126,0
8896,L,297.4,308.7,1638,31.9,131,0
8897,M,297.3,308.7,1577,35.6,133,0
8898,L,297.4,308.6,1532,38.7,136,0
8899,M,297.3,308.5,1710,27.7,138,0
8900,M,297.3,308.6,1584,29.4,141,0
8901,L,297.3,308.6,1446,50.1,144,0
8902,H,297.4,308.7,1522,46.3,146,0
8903,M,297.4,308.7,1382,49.9,151,0
8904,L,297.4,308.7,1584,38.2,154,0
8905,L,297.3,308.6,1385,55.2,156,0
8906,L,297.3,308.7,1592,34.4,158,0
8907,M,297.2,308.6,1404,43.7,160,0
8908,L,297.2,308.5,1518,44.3,163,0
8909,L,297.1,308.4,1529,40.4,165,0
8910,L,297.1,308.4,1550,37.0,167,0
8911,L,297.1,308.3,1773,23.8,169,0
8912,L,297.2,308.5,1446,43.7,171,0
8913,M,297.2,308.5,1487,46.9,173,0
8914,M,297.3,308.5,1524,49.3,176,0
8915,L,297.1,308.3,1403,54.1,179,0
8916,L,297.1,308.2,2267,15.7,181,0
8917,M,297.1,308.2,1529,37.9,183,0
8918,L,297.1,308.2,1402,51.2,186,0
8919,L,297.2,308.3,1693,28.0,188,0
8920,L,297.1,308.3,1496,45.8,190,0
8921,L,297.1,308.1,1633,33.3,192,0
8922,L,297.1,308.2,1399,42.6,194,0
8923,M,297.0,308.1,1363,45.3,196,0
8924,H,297.1,308.2,1527,42.2,199,0
8925,M,297.2,308.2,1405,42.5,204,0
8926,M,297.3,308.3,1459,59.6,207,1
8927,M,297.4,308.4,1789,25.0,210,0
8928,L,297.4,308.4,1531,41.5,213,0
8929,M,297.4,308.4,1620,35.8,215,0
8930,L,297.4,308.4,1571,39.4,0,0
8931,L,297.4,308.4,1434,39.9,2,0
8932,L,297.4,308.4,1474,43.6,4,0
8933,M,297.3,308.3,1544,41.7,6,0
8934,L,297.3,308.2,1601,35.7,9,0
8935,L,297.4,308.3,1801,26.9,11,0
8936,L,297.4,308.3,1465,42.0,13,0
8937,M,297.4,308.4,1340,52.6,15,0
8938,M,297.4,308.4,1517,41.0,18,0
8939,M,297.3,308.4,1434,44.8,21,0
8940,H,297.3,308.3,1935,19.3,24,0
8941,M,297.3,308.3,1595,32.2,29,0
8942,L,297.3,308.3,2188,17.0,32,0
8943,M,297.3,308.4,1449,44.4,34,0
8944,L,297.3,308.3,1471,38.2,37,0
8945,L,297.4,308.2,1639,33.8,39,0
8946,M,297.3,308.2,1846,24.5,41,0
8947,M,297.3,308.2,1452,38.2,44,0
8948,M,297.4,308.3,1483,41.9,47,0
8949,L,297.4,308.3,1284,60.3,50,0
8950,L,297.4,308.2,1419,50.0,52,0
8951,L,297.3,308.1,1763,28.4,54,0
8952,M,297.2,308.0,1478,42.5,56,0
8953,L,297.3,308.0,1518,36.0,59,0
8954,L,297.3,308.0,1447,49.0,61,0
8955,M,297.4,308.0,1355,55.1,63,0
8956,L,297.4,308.1,1348,57.4,66,0
8957,L,297.4,308.1,1348,53.7,68,0
8958,M,297.4,308.1,1734,27.7,70,0
8959,L,297.3,308.0,1420,46.5,73,0
8960,L,297.3,307.9,1797,24.7,75,0
8961,M,297.3,308.0,1403,45.0,77,0
8962,L,297.3,307.9,1628,30.2,80,0
8963,M,297.2,307.9,1687,30.4,82,0
8964,M,297.2,307.9,1456,44.9,85,0
8965,L,297.1,307.9,1496,44.7,88,0
8966,L,297.1,307.8,1636,30.3,90,0
8967,L,297.1,307.8,1536,40.4,92,0
8968,L,297.1,307.8,1454,50.6,94,0
8969,L,297.0,307.8,1396,50.0,96,0
8970,L,297.0,307.6,1575,37.4,98,0
8971,L,296.9,307.6,1514,35.7,100,0
8972,M,296.8,307.4,1455,49.9,102,0
8973,L,296.8,307.4,1549,48.3,105,0
8974,L,296.8,307.5,1474,42.4,107,0
8975,H,296.7,307.4,1661,34.2,109,0
8976,L,296.7,307.4,1535,34.6,114,0
8977,M,296.9,307.5,1556,31.2,116,0
8978,L,296.9,307.6,1435,45.0,119,0
8979,M,296.9,307.5,1332,51.1,121,0
8980,L,297.0,307.6,1513,42.4,124,0
8981,L,297.0,307.7,1502,39.4,126,0
8982,L,297.0,307.7,1315,60.1,128,0
8983,M,297.0,307.7,1261,51.1,130,0
8984,L,297.1,307.8,1406,60.4,133,0
8985,L,297.1,307.8,1584,42.3,135,0
8986,M,297.1,307.8,1443,43.9,137,0
8987,L,297.2,307.9,1580,35.8,140,0
8988,L,297.2,307.9,1825,24.6,142,0
8989,L,297.2,307.9,1469,48.2,144,0
8990,L,297.2,307.9,1493,38.4,146,0
8991,M,297.3,308.0,1598,29.4,148,0
8992,H,297.2,307.9,1450,37.2,151,0
8993,M,297.2,307.9,1632,37.5,156,0
8994,M,297.1,307.9,1980,20.3,159,0
8995,L,297.2,308.0,1474,43.7,162,0
8996,L,297.2,307.9,1540,37.1,164,0
8997,M,297.1,307.9,1609,38.9,166,0
8998,L,297.1,308.0,1467,42.8,169,0
8999,L,297.1,307.9,1492,39.4,171,0
9000,L,297.0,307.9,1493,46.1,173,0
9001,L,297.0,307.8,1500,39.9,175,0
9002,L,297.1,307.8,1477,36.6,177,0
9003,L,297.1,307.9,1342,49.1,179,0
9004,M,297.1,307.8,1538,34.3,181,0
9005,L,297.2,307.9,1337,58.1,184,0
9006,L,297.3,307.9,1417,41.8,186,0
9007,L,297.4,308.0,1383,46.2,188,0
9008,M,297.4,308.0,1440,42.4,190,0
9009,L,297.3,307.9,1579,34.4,193,0
9010,L,297.2,307.9,1441,40.0,195,0
9011,M,297.2,307.9,1530,35.9,197,0
9012,L,297.2,308.0,1705,26.0,200,0
9013,H,297.2,308.0,1435,43.0,202,0
9014,M,297.2,308.1,1340,61.3,207,1
9015,L,297.2,308.1,1431,49.7,210,1
9016,L,297.3,308.2,1396,52.7,212,1
9017,M,297.3,308.1,1369,52.0,214,0
9018,L,297.3,308.1,1615,35.4,217,1
9019,L,297.2,308.1,1662,31.3,0,0
9020,L,297.3,308.2,1553,33.5,2,0
9021,M,297.4,308.2,1536,34.6,4,0
9022,L,297.4,308.3,1548,46.6,7,0
9023,L,297.4,308.3,1706,30.9,9,0
9024,L,297.4,308.3,1366,45.5,11,0
9025,L,297.5,308.4,1440,35.9,13,0
9026,M,297.5,308.4,1685,28.1,15,0
9027,M,297.4,308.3,1444,44.0,18,0
9028,L,297.4,308.3,1395,48.7,21,0
9029,L,297.4,308.3,1483,38.8,23,0
9030,M,297.5,308.4,1403,44.3,25,0
9031,H,297.5,308.4,1793,23.9,28,0
9032,L,297.4,308.3,1723,28.8,33,0
9033,L,297.4,308.2,1386,41.0,35,0
9034,H,297.4,308.2,1585,46.2,37,0
9035,M,297.3,308.1,1731,27.7,42,0
9036,L,297.3,308.3,1519,37.7,45,0
9037,L,297.3,308.2,1896,24.4,47,0
9038,L,297.3,308.3,2358,14.9,49,0
9039,M,297.3,308.3,1341,51.9,51,0
9040,L,297.3,308.3,1550,37.0,54,0
9041,L,297.3,308.3,1309,61.5,56,0
9042,M,297.3,308.4,1599,32.9,58,0
9043,L,297.4,308.4,1343,40.0,61,0
9044,L,297.4,308.4,1378,39.9,63,0
9045,L,297.4,308.4,1603,34.6,65,0
9046,L,297.4,308.4,1664,28.1,67,0
9047,L,297.3,308.4,1488,37.4,69,0
9048,M,297.3,308.4,1370,50.5,71,0
9049,L,297.3,308.5,1545,34.3,74,0
9050,M,297.4,308.5,1566,31.4,76,0
9051,L,297.4,308.6,1820,24.6,79,0
9052,M,297.4,308.6,1901,22.1,81,0
9053,M,297.4,308.5,1638,32.2,84,0
9054,M,297.3,308.4,1521,38.2,87,0
9055,H,297.3,308.4,1864,23.1,90,0
9056,L,297.3,308.3,1430,41.9,95,0
9057,M,297.3,308.4,1686,34.5,97,0
9058,M,297.2,308.3,1326,57.2,100,0
9059,L,297.2,308.3,1805,25.6,103,0
9060,H,297.2,308.3,1453,45.8,105,0
9061,M,297.2,308.4,1863,26.0,110,0
9062,L,297.2,308.3,1576,35.3,113,0
9063,L,297.2,308.3,1419,39.7,115,0
9064,L,297.2,308.4,1833,25.2,117,0
9065,H,297.2,308.4,2182,17.3,119,0
9066,L,297.2,308.3,1656,30.3,124,0
9067,L,297.1,308.2,1351,56.6,126,0
9068,H,297.1,308.2,1790,30.3,128,0
9069,M,297.2,308.2,1678,28.1,133,0
9070,L,297.1,308.2,1427,45.2,136,0
9071,L,297.0,308.1,1429,54.0,138,0
9072,H,297.2,308.1,1770,27.2,140,0
9073,L,297.2,308.1,1689,31.2,145,0
9074,M,297.2,308.1,1554,41.3,147,0
9075,L,297.3,308.1,1506,36.0,150,0
9076,L,297.2,308.1,1474,44.3,152,0
9077,L,297.3,308.1,1762,26.1,154,0
9078,L,297.3,308.1,1566,35.7,156,0
9079,H,297.3,308.1,1554,42.4,158,0
9080,L,297.2,308.0,1869,25.4,163,0
9081,L,297.3,308.0,1527,35.1,165,0
9082,L,297.2,307.9,1309,49.6,167,0
9083,M,297.2,307.9,1541,35.7,169,0
9084,L,297.2,307.9,1326,75.4,172,1
9085,H,297.1,307.9,1365,54.0,174,0
9086,L,297.1,307.8,1428,43.7,179,0
9087,L,297.1,307.8,1681,27.6,181,0
9088,M,297.1,307.9,1662,26.9,183,0
9089,L,297.2,307.9,1989,20.3,186,0
9090,M,297.2,307.9,1747,29.0,188,0
9091,M,297.2,308.0,1765,31.1,191,0
9092,L,297.3,308.1,1568,34.4,194,0
9093,M,297.3,308.1,1709,30.6,196,0
9094,M,297.3,308.1,1370,58.8,199,0
9095,L,297.3,308.1,1458,45.7,202,0
9096,L,297.2,308.1,1712,30.9,204,0
9097,L,297.3,308.1,1642,36.9,206,0
9098,L,297.3,308.1,1468,49.8,0,0
9099,H,297.3,308.1,1477,52.3,2,0
9100,L,297.3,308.2,1446,53.5,7,0
9101,H,297.3,308.2,1653,31.4,9,0
9102,L,297.3,308.3,1494,38.2,14,0
9103,L,297.3,308.2,1490,41.0,16,0
9104,M,297.4,308.3,1550,47.8,18,0
9105,M,297.3,308.2,1677,34.9,21,0
9106,L,297.4,308.3,1854,21.8,24,0
9107,M,297.5,308.5,1662,30.3,26,0
9108,M,297.5,308.6,1440,38.8,29,0
9109,L,297.5,308.6,1513,39.7,32,0
9110,M,297.6,308.6,1389,49.0,34,0
9111,L,297.6,308.6,1351,51.0,37,0
9112,M,297.6,308.6,1482,38.3,39,0
9113,L,297.6,308.6,1744,28.5,42,0
9114,L,297.6,308.7,1476,39.0,44,0
9115,M,297.6,308.6,1444,48.2,46,0
9116,H,297.6,308.7,1659,32.1,49,0
9117,M,297.6,308.7,1475,46.6,54,0
9118,L,297.6,308.6,1526,42.1,57,0
9119,M,297.4,308.4,1675,29.5,59,0
9120,L,297.4,308.4,1525,38.7,62,0
9121,L,297.3,308.3,1396,45.9,64,0
9122,L,297.4,308.4,1580,41.2,66,0
9123,L,297.4,308.5,1462,42.8,68,0
9124,L,297.4,308.4,1426,50.4,70,0
9125,L,297.4,308.5,1569,34.2,72,0
9126,L,297.4,308.5,1477,40.7,74,0
9127,L,297.4,308.5,1761,27.2,76,0
9128,M,297.5,308.6,1486,45.9,78,0
9129,L,297.6,308.6,1664,30.1,81,0
9130,L,297.6,308.6,1576,32.7,83,0
9131,H,297.6,308.6,1463,46.7,85,0
9132,M,297.6,308.6,1585,42.0,90,0
9133,L,297.7,308.7,1479,45.7,93,0
9134,L,297.7,308.7,1449,40.2,95,0
9135,H,297.7,308.8,1404,50.3,97,0
9136,L,297.7,308.7,1694,29.1,102,0
9137,L,297.7,308.7,1731,28.4,104,0
9138,L,297.6,308.6,1522,37.0,106,0
9139,L,297.5,308.5,1536,36.9,108,0
9140,L,297.5,308.5,1373,39.9,110,0
9141,L,297.5,308.5,1597,36.4,112,0
9142,L,297.6,308.5,1678,34.2,114,0
9143,L,297.6,308.5,1452,42.6,116,0
9144,M,297.5,308.5,1447,41.6,118,0
9145,L,297.6,308.5,1574,37.1,121,0
9146,L,297.6,308.6,1528,40.0,123,0
9147,L,297.7,308.7,1688,27.2,125,0
9148,L,297.6,308.6,1393,40.4,127,0
9149,M,297.5,308.6,1429,50.5,129,0
9150,M,297.5,308.6,1347,57.0,132,0
9151,L,297.6,308.6,1553,40.5,135,0
9152,L,297.5,308.6,1260,53.6,137,0
9153,L,297.5,308.6,1546,33.8,139,0
9154,L,297.5,308.6,1596,36.0,141,0
9155,L,297.5,308.5,1340,57.4,143,0
9156,M,297.5,308.4,1369,54.8,145,0
9157,L,297.5,308.5,1462,52.3,148,0
9158,H,297.4,308.4,1487,46.2,150,0
9159,M,297.5,308.6,1510,35.5,155,0
9160,H,297.5,308.5,1671,28.0,158,0
9161,M,297.5,308.5,1612,30.0,163,0
9162,M,297.6,308.6,1509,39.7,166,0
9163,L,297.6,308.6,1415,47.3,169,0
9164,L,297.6,308.6,2384,14.4,171,0
9165,L,297.6,308.6,1326,62.4,173,0
9166,M,297.6,308.6,1390,53.4,175,0
9167,M,297.6,308.7,1392,41.2,178,0
9168,H,297.6,308.8,1385,44.4,181,0
9169,L,297.7,308.8,1896,24.5,186,0
9170,L,297.7,308.7,1474,46.8,188,0
9171,M,297.7,308.8,1388,45.6,190,0
9172,L,297.7,308.9,1715,27.2,193,0
9173,H,297.8,308.9,1650,32.2,195,0
9174,L,297.8,308.9,1871,25.6,200,1
9175,L,297.8,309.0,1403,64.2,0,1
9176,L,297.8,308.9,1518,40.4,2,0
9177,L,297.9,309.1,1504,43.0,4,0
9178,L,297.8,309.0,1340,56.9,6,0
9179,H,297.9,309.1,1435,44.7,8,0
9180,L,297.9,309.1,1507,36.9,13,0
9181,L,297.9,309.1,1521,36.1,15,0
9182,M,297.8,309.0,1576,45.0,17,0
9183,L,297.9,309.1,1543,36.6,20,0
9184,L,298.0,309.2,1665,36.6,22,0
9185,L,297.9,309.1,1442,50.3,24,0
9186,L,297.9,309.0,1629,29.0,26,0
9187,L,297.9,309.0,1379,47.3,28,0
9188,L,297.9,309.0,1502,40.2,30,0
9189,L,297.9,309.1,1595,32.0,32,0
9190,M,298.0,309.0,1439,38.5,34,0
9191,M,297.9,309.0,1970,21.6,37,0
9192,L,297.9,309.0,1562,35.8,40,0
9193,M,297.9,309.0,1530,40.9,42,0
9194,L,297.9,308.9,1393,40.6,45,0
9195,L,297.9,309.0,1532,37.6,47,0
9196,L,298.0,308.9,1607,37.7,49,0
9197,M,297.9,308.8,1469,49.0,51,0
9198,M,297.9,308.8,1538,37.6,54,0
9199,L,297.9,308.8,1613,31.4,57,0
9200,M,297.9,308.8,1602,32.1,59,0
9201,L,297.8,308.7,1404,44.2,62,0
9202,L,297.8,308.8,1548,36.9,64,0
9203,L,297.8,308.8,1559,35.2,66,0
9204,L,297.8,308.8,1621,36.1,68,0
9205,L,297.8,308.8,1579,32.9,70,0
9206,M,297.9,308.9,1547,44.0,72,0
9207,L,297.9,308.8,1386,48.6,75,0
9208,L,298.0,308.9,1406,40.9,77,0
9209,M,298.0,309.0,1393,55.9,79,0
9210,M,297.9,309.0,2456,13.9,82,0
9211,M,298.0,309.0,1409,49.1,85,0
9212,L,298.0,308.9,1390,53.9,88,0
9213,L,298.0,309.0,1679,32.4,90,0
9214,L,298.0,308.9,1508,37.1,92,0
9215,L,297.9,308.8,1681,31.7,94,0
9216,H,297.7,308.8,1469,43.7,96,0
9217,L,297.8,308.8,1421,49.6,101,0
9218,L,297.7,308.8,1354,50.2,103,0
9219,M,297.7,308.8,1350,57.0,105,0
9220,L,297.8,308.9,1282,58.1,108,0
9221,M,297.8,309.0,1675,30.0,110,0
9222,M,297.9,309.0,1525,38.5,113,0
9223,L,297.9,309.0,1382,43.9,116,0
9224,L,297.9,309.0,1450,46.8,118,0
9225,L,298.0,309.1,1820,23.6,120,0
9226,L,298.0,309.1,1822,23.5,122,0
9227,L,298.0,309.1,1473,44.3,124,0
9228,M,298.1,309.1,1572,37.5,126,0
9229,M,298.1,309.0,2042,17.8,129,0
9230,L,298.2,309.2,1922,22.6,132,0
9231,L,298.2,309.1,1539,36.5,134,0
9232,L,298.2,309.1,1350,52.0,136,0
9233,L,298.3,309.1,1403,45.1,138,0
9234,L,298.3,309.1,1904,20.3,140,0
9235,M,298.2,308.9,1592,35.2,142,0
9236,L,298.1,308.7,1556,31.6,145,0
9237,M,298.1,308.8,1811,25.4,147,0
9238,M,298.2,308.8,1456,41.2,150,0
9239,H,298.2,308.8,1436,51.9,153,0
9240,M,298.1,308.7,1362,49.6,158,0
9241,L,298.1,308.7,1683,29.1,161,0
9242,M,298.2,308.7,1269,60.9,163,0
9243,L,298.3,308.8,1454,49.0,166,0
9244,L,298.3,308.8,1767,27.3,168,0
9245,L,298.3,308.9,1708,27.3,170,0
9246,L,298.3,308.9,1862,27.0,172,0
9247,L,298.3,308.9,1695,30.7,174,0
9248,M,298.3,309.1,1488,40.6,176,0
9249,L,298.3,309.0,1657,32.2,179,0
9250,H,298.3,309.0,1823,25.9,181,0
9251,M,298.2,309.1,1651,28.8,186,0
9252,M,298.1,309.0,1533,36.1,189,0
9253,M,298.2,309.0,1508,40.5,192,0
9254,L,298.3,309.1,1616,31.1,195,0
9255,L,298.2,309.0,1651,31.5,197,0
9256,L,298.2,309.1,1569,35.2,199,0
9257,M,298.3,309.1,1296,58.7,201,0
9258,H,298.3,309.0,1379,43.2,0,0
9259,M,298.2,309.0,1694,28.0,5,0
9260,L,298.2,309.0,1377,57.8,8,0
9261,H,298.3,309.0,1470,38.4,10,0
9262,M,298.3,309.1,1404,47.0,15,0
9263,L,298.3,309.1,1593,40.1,18,0
9264,M,298.3,309.0,1526,36.9,20,0
9265,M,298.3,308.9,1390,49.7,23,0
9266,L,298.2,308.9,1737,25.5,26,0
9267,L,298.2,308.8,1362,57.3,28,0
9268,L,298.2,308.8,1666,31.5,30,0
9269,L,298.2,308.8,1354,60.9,32,0
9270,L,298.2,308.8,1302,60.4,34,0
9271,L,298.2,308.7,1991,20.5,36,0
9272,L,298.2,308.6,1353,54.1,38,0
9273,H,298.2,308.7,1520,35.7,40,0
9274,L,298.2,308.7,1428,54.9,45,0
9275,L,298.2,308.7,1605,29.4,47,0
9276,L,298.1,308.7,1691,30.3,49,0
9277,L,298.2,308.7,1447,48.4,51,0
9278,H,298.2,308.8,1606,39.9,53,0
9279,M,298.2,308.8,1645,28.2,58,0
9280,H,298.2,308.8,1470,43.3,61,0
9281,L,298.2,308.9,1336,45.0,66,0
9282,M,298.2,308.9,1414,44.3,68,0
9283,M,298.3,309.0,1802,27.5,71,0
9284,L,298.2,308.9,1683,31.7,74,0
9285,M,298.2,309.0,1410,47.6,76,0
9286,L,298.2,308.9,1605,32.0,79,0
9287,L,298.2,308.9,1709,28.1,81,0
9288,L,298.2,308.9,1444,53.1,83,0
9289,L,298.2,308.9,1367,45.0,85,0
9290,L,298.2,309.0,1418,44.2,87,0
9291,L,298.2,309.0,1353,57.8,89,0
9292,L,298.2,309.0,1643,34.1,91,0
9293,L,298.3,309.1,1437,38.0,93,0
9294,L,298.1,309.0,1437,36.2,95,0
9295,M,298.2,309.0,1413,47.9,97,0
9296,H,298.2,309.0,1524,39.1,100,0
9297,M,298.1,308.9,1479,43.4,105,0
9298,L,298.1,308.9,1313,50.6,108,0
9299,M,298.1,308.9,1335,50.4,110,0
9300,L,298.1,308.9,1367,41.9,113,0
9301,M,298.1,308.9,1459,50.3,115,0
9302,M,298.1,308.9,1804,25.1,118,0
9303,L,298.2,309.0,1491,38.3,121,0
9304,L,298.3,309.1,1537,43.0,123,0
9305,H,298.3,309.1,1646,30.2,125,0
9306,M,298.3,309.2,1783,28.3,130,0
9307,L,298.3,309.1,1395,49.8,133,0
9308,L,298.4,309.1,1423,48.0,135,0
9309,L,298.3,309.2,1562,37.6,137,0
9310,L,298.4,309.3,1549,40.8,139,0
9311,L,298.4,309.4,1540,43.2,141,0
9312,H,298.5,309.4,1573,33.6,143,0
9313,L,298.5,309.4,1418,45.1,148,0
9314,M,298.5,309.4,1565,33.7,150,0
9315,L,298.5,309.5,1569,41.0,153,0
9316,H,298.5,309.4,1417,41.2,155,0
9317,L,298.5,309.5,1480,38.1,160,0
9318,L,298.5,309.4,1364,44.5,162,0
9319,L,298.5,309.4,1911,21.5,164,0
9320,L,298.4,309.3,1409,43.1,166,0
9321,L,298.4,309.2,1335,53.5,168,0
9322,M,298.5,309.3,1512,38.1,170,0
9323,L,298.6,309.4,1447,40.2,173,0
9324,L,298.6,309.3,1537,37.6,175,0
9325,M,298.6,309.3,1510,40.8,177,0
9326,L,298.6,309.3,1677,31.2,180,0
9327,L,298.5,309.2,1504,33.7,182,0
9328,H,298.5,309.1,2051,19.0,184,0
9329,L,298.5,309.1,1474,41.3,189,0
9330,M,298.4,309.0,1507,36.1,191,0
9331,L,298.4,308.9,1496,37.9,194,0
9332,M,298.5,309.0,1921,22.0,196,0
9333,L,298.5,309.0,1450,40.5,199,0
9334,L,298.4,308.9,1402,44.8,201,0
9335,L,298.4,308.9,1501,50.0,203,0
9336,L,298.5,308.9,1725,31.9,205,0
9337,H,298.5,308.9,1500,40.3,207,0
9338,H,298.5,309.0,1531,30.8,212,0
9339,L,298.5,309.0,1458,44.8,217,0
9340,H,298.4,308.9,1577,37.1,0,0
9341,M,298.3,308.9,1363,46.1,5,0
9342,H,298.3,308.9,1706,31.8,8,0
9343,M,298.3,308.8,1391,50.4,13,0
9344,L,298.2,308.8,1616,33.7,16,0
9345,L,298.2,308.8,1442,47.0,18,0
9346,M,298.2,308.8,1626,40.4,20,0
9347,M,298.2,308.7,1426,42.6,23,0
9348,L,298.2,308.7,1436,49.1,26,0
9349,M,298.2,308.7,1599,36.2,28,0
9350,L,298.2,308.7,2186,17.8,31,0
9351,L,298.3,308.8,1645,30.4,33,0
9352,L,298.2,308.7,1780,27.9,35,0
9353,L,298.2,308.8,1345,44.3,37,0
9354,M,298.2,308.8,1607,31.9,39,0
9355,L,298.3,308.9,1708,28.0,42,0
9356,L,298.3,308.9,1270,52.7,44,0
9357,M,298.3,308.9,1646,25.4,46,0
9358,L,298.2,308.7,1407,45.1,49,0
9359,M,298.1,308.7,1581,47.4,51,0
9360,L,298.0,308.6,1532,42.6,54,0
9361,L,298.0,308.6,1610,33.1,56,0
9362,M,298.0,308.5,1682,33.0,58,0
9363,L,297.9,308.5,1519,34.3,61,0
9364,L,297.9,308.5,1683,28.5,63,0
9365,M,298.0,308.6,1254,55.8,65,0
9366,L,298.0,308.5,1461,48.0,68,0
9367,L,297.9,308.5,1472,45.1,70,0
9368,L,297.7,308.4,1510,38.6,72,0
9369,M,297.7,308.3,1547,36.8,74,0
9370,H,297.7,308.4,1418,51.9,77,0
9371,L,297.7,308.4,1289,51.3,82,0
9372,L,297.7,308.4,1487,41.4,84,0
9373,L,297.7,308.5,1453,45.5,86,0
9374,M,297.8,308.5,1466,44.7,88,0
9375,H,297.7,308.4,1288,49.5,91,0
9376,H,297.7,308.4,1738,27.7,96,0
9377,H,297.7,308.3,1488,41.0,101,0
9378,L,297.6,308.3,1816,28.8,106,0
9379,L,297.5,308.2,1419,48.5,108,0
9380,L,297.4,308.1,1435,45.7,110,0
9381,M,297.5,308.1,1480,42.4,112,0
9382,L,297.5,308.2,1610,33.6,115,0
9383,H,297.5,308.1,1548,38.2,117,0
9384,M,297.6,308.1,1379,57.4,122,0
9385,M,297.5,308.1,1907,23.5,125,0
9386,M,297.5,308.0,2033,16.7,128,0
9387,H,297.4,307.9,1390,52.0,131,0
9388,M,297.5,307.9,1544,37.9,136,0
9389,L,297.6,308.0,1258,57.4,139,0
9390,M,297.5,308.0,1560,39.0,141,0
9391,H,297.6,308.2,2071,18.5,144,0
9392,L,297.6,308.1,1437,46.3,149,0
9393,H,297.7,308.2,1489,43.0,151,0
9394,L,297.7,308.2,1334,53.0,156,0
9395,L,297.7,308.2,1500,39.9,158,0
9396,L,297.8,308.3,1498,47.3,160,0
9397,M,297.7,308.2,1370,53.4,162,0
9398,H,297.7,308.2,1526,40.1,165,0
9399,L,297.8,308.3,1477,44.8,170,0
9400,L,297.7,308.2,1446,43.9,172,0
9401,M,297.7,308.2,1720,25.6,174,0
9402,L,297.7,308.1,1734,30.7,177,0
9403,L,297.7,308.1,1697,29.1,179,0
9404,L,297.7,308.2,2007,19.3,181,0
9405,M,297.7,308.1,1469,48.8,183,0
9406,M,297.7,308.1,2189,15.6,186,0
9407,L,297.8,308.3,1435,50.1,189,0
9408,H,297.9,308.4,1637,34.5,191,0
9409,L,298.0,308.5,1664,28.3,196,0
9410,M,298.0,308.5,1666,31.0,198,0
9411,L,298.0,308.5,1404,46.6,201,0
9412,L,298.0,308.5,1702,26.7,203,0
9413,L,298.1,308.6,1439,44.9,205,0
9414,L,298.1,308.6,1354,53.9,207,1
9415,M,298.2,308.7,1361,44.2,0,0
9416,M,298.1,308.5,1463,45.9,3,0
9417,H,298.1,308.4,1515,43.8,6,0
9418,L,298.0,308.4,1432,46.2,11,0
9419,L,298.0,308.4,1911,22.0,13,0
9420,L,298.0,308.4,1472,42.0,15,0
9421,M,298.1,308.5,1382,54.5,17,0
9422,L,298.1,308.5,1665,29.6,20,0
9423,L,298.1,308.5,1676,30.5,22,0
9424,M,298.0,308.5,1585,33.0,24,0
9425,M,298.1,308.6,1415,46.3,27,0
9426,L,298.1,308.7,1341,55.7,30,0
9427,L,298.2,308.8,1540,34.8,32,0
9428,H,298.2,308.8,1837,28.4,34,0
9429,L,298.2,308.8,1498,36.0,39,0
9430,L,298.1,308.7,1671,28.8,41,0
9431,L,298.0,308.6,1430,57.0,43,0
9432,L,298.0,308.7,1619,40.1,45,0
9433,M,298.0,308.7,1430,51.9,47,0
9434,L,298.0,308.6,1626,33.3,50,0
9435,L,298.0,308.7,1443,49.3,52,0
9436,L,298.0,308.6,1481,42.5,54,0
9437,M,298.1,308.7,1527,43.0,56,0
9438,M,298.1,308.7,1315,56.8,59,0
9439,M,298.1,308.8,1433,48.2,62,0
9440,M,298.1,308.8,1378,53.5,65,0
9441,L,298.1,308.8,1432,43.4,68,0
9442,M,298.1,308.8,1394,47.9,70,0
9443,H,298.0,308.8,1411,53.8,73,0
9444,L,298.1,308.9,2136,15.9,78,0
9445,M,298.2,309.0,1446,45.8,80,0
9446,H,298.1,308.9,1388,53.5,83,0
9447,M,298.1,308.9,1323,51.7,88,0
9448,L,298.2,309.0,1780,29.3,91,0
9449,M,298.1,308.8,1434,41.8,93,0
9450,M,298.0,308.7,1494,42.6,96,0
9451,H,298.0,308.7,1536,39.6,99,0
9452,M,298.0,308.7,1392,53.4,104,0
9453,H,298.2,309.0,1360,56.8,107,0
9454,L,298.4,309.2,1583,35.4,112,0
9455,L,298.5,309.2,1983,20.2,114,0
9456,L,298.5,309.3,1630,33.3,116,0
9457,M,298.5,309.3,1692,26.7,118,0
9458,L,298.4,309.1,1417,40.6,121,0
9459,L,298.4,309.1,1579,36.1,123,0
9460,M,298.4,309.2,1399,45.2,125,0
9461,M,298.4,309.2,1414,46.4,128,0
9462,L,298.5,309.3,1570,40.1,131,0
9463,M,298.5,309.3,1552,36.8,133,0
9464,L,298.6,309.4,1440,48.2,136,0
9465,M,298.6,309.4,1460,43.8,138,0
9466,L,298.6,309.4,1471,48.0,141,0
9467,L,298.6,309.3,1702,27.6,143,0
9468,L,298.6,309.4,1375,55.4,145,0
9469,L,298.6,309.4,1698,33.2,147,0
9470,H,298.6,309.4,1439,47.1,149,0
9471,M,298.6,309.4,1774,27.5,154,0
9472,M,298.7,309.4,1375,48.3,157,0
9473,L,298.7,309.5,1446,40.0,160,0
9474,M,298.7,309.6,1455,46.8,162,0
9475,L,298.8,309.6,1523,41.9,165,0
9476,M,298.8,309.6,1692,31.9,167,0
9477,M,298.8,309.6,1693,33.3,170,0
9478,L,298.8,309.6,1890,24.0,173,0
9479,H,298.9,309.6,1600,33.5,175,0
9480,M,298.9,309.6,1434,43.8,180,0
9481,L,298.9,309.6,1365,50.9,183,0
9482,H,298.8,309.6,1309,57.4,185,0
9483,H,298.9,309.6,1546,35.3,190,0
9484,L,298.9,309.6,1663,33.7,195,0
9485,L,298.9,309.6,1589,34.2,197,0
9486,M,298.9,309.6,1472,46.0,199,0
9487,L,298.9,309.6,1583,39.8,202,0
9488,M,298.9,309.6,1567,34.5,204,0
9489,L,298.9,309.7,1407,41.9,207,0
9490,M,299.0,309.7,1418,44.7,209,0
9491,M,299.0,309.7,1489,40.7,212,0
9492,L,299.1,309.9,1586,36.6,215,0
9493,L,299.1,309.8,1398,55.4,217,1
9494,L,299.2,309.9,1516,41.4,219,0
9495,H,299.3,310.0,1373,44.8,221,0
9496,M,299.2,310.0,1349,50.4,226,0
9497,H,299.1,309.9,1443,40.3,0,0
9498,H,299.2,310.1,1542,36.1,5,0
9499,L,299.2,310.1,1534,37.7,10,0
9500,L,299.2,310.2,1697,30.6,12,0
9501,L,299.3,310.3,1396,47.4,14,0
9502,L,299.3,310.2,1495,49.2,16,0
9503,M,299.2,310.3,1551,44.8,18,0
9504,L,299.2,310.3,1440,47.0,21,0
9505,L,299.2,310.3,1429,40.1,23,0
9506,H,299.3,310.4,1548,41.6,25,0
9507,L,299.3,310.5,1505,38.8,30,0
9508,L,299.2,310.4,1611,36.4,32,0
9509,M,299.2,310.4,1502,39.8,34,0
9510,M,299.2,310.4,1504,43.3,37,0
9511,L,299.1,310.3,1449,40.7,40,0
9512,L,299.0,310.2,1575,37.8,42,0
9513,M,299.0,310.2,1598,33.4,44,0
9514,L,299.0,310.1,1416,45.9,47,0
9515,L,299.0,310.2,1682,28.8,49,0
9516,L,298.9,310.1,1341,54.5,51,0
9517,L,298.9,310.1,1523,39.1,53,0
9518,L,299.0,310.1,1580,41.9,55,0
9519,L,299.0,310.1,1531,36.0,57,0
9520,L,299.0,310.1,1375,48.9,59,0
9521,M,298.9,310.1,1484,40.4,61,0
9522,M,299.0,310.2,1657,32.3,64,0
9523,L,299.0,310.2,1494,40.6,67,0
9524,H,299.0,310.3,1658,27.6,69,0
9525,L,299.1,310.3,1411,42.1,74,0
9526,M,299.2,310.4,1395,55.4,76,0
9527,L,299.1,310.4,1550,43.9,79,0
9528,M,299.1,310.3,1233,59.0,81,0
9529,L,299.1,310.3,1459,46.7,84,0
9530,H,299.1,310.4,1405,53.6,86,0
9531,L,299.2,310.5,1458,44.1,91,0
9532,L,299.2,310.5,1384,48.7,93,0
9533,L,299.2,310.5,1705,29.5,95,0
9534,L,299.3,310.6,1443,45.7,97,0
9535,M,299.3,310.6,1609,31.4,99,0
9536,L,299.3,310.5,1818,26.0,102,0
9537,M,299.3,310.6,1457,42.1,104,0
9538,L,299.3,310.6,1480,45.1,107,0
9539,L,299.4,310.8,1424,47.7,109,0
9540,M,299.4,310.8,1628,40.2,111,0
9541,M,299.5,310.8,1754,31.3,114,0
9542,L,299.6,310.9,1716,28.5,117,0
9543,M,299.5,310.9,1378,48.7,119,0
9544,L,299.6,311.0,1708,31.0,122,0
9545,L,299.6,311.0,1430,38.3,124,0
9546,M,299.7,311.2,1560,43.9,126,0
9547,L,299.6,311.1,1679,30.7,129,0
9548,L,299.6,311.1,1521,37.2,131,0
9549,M,299.6,311.1,1649,33.8,133,0
9550,M,299.5,311.0,1451,43.3,136,0
9551,L,299.4,310.8,1391,48.9,139,0
9552,M,299.3,310.8,1523,40.9,141,0
9553,L,299.3,310.7,1495,39.2,144,0
9554,M,299.3,310.7,1440,45.5,146,0
9555,H,299.4,310.8,1585,31.4,149,0
9556,L,299.5,310.8,1374,48.3,154,0
9557,M,299.5,310.8,1507,40.2,156,0
9558,M,299.5,310.9,1577,34.6,159,0
9559,L,299.5,310.9,1496,38.5,162,0
9560,L,299.6,310.9,1487,42.5,164,0
9561,L,299.6,310.9,1853,26.3,166,0
9562,M,299.7,311.0,1435,50.1,168,0
9563,M,299.8,311.1,1763,25.5,171,0
9564,L,299.8,311.1,1820,24.9,174,0
9565,M,299.8,311.1,1498,38.1,176,0
9566,L,299.8,311.1,1603,35.1,179,0
9567,L,299.8,311.1,1412,42.5,181,0
9568,L,299.8,311.1,1588,38.0,183,0
9569,M,299.8,311.0,1948,20.0,185,0
9570,L,299.7,310.9,1384,48.2,188,0
9571,L,299.7,310.8,1589,36.0,190,0
9572,M,299.7,310.8,1405,47.6,192,0
9573,L,299.7,310.9,1491,40.1,195,0
9574,H,299.7,310.8,1418,46.6,197,0
9575,M,299.6,310.8,1603,35.4,202,0
9576,L,299.6,310.7,1922,23.3,205,1
9577,M,299.5,310.7,1364,49.5,0,0
9578,L,299.4,310.7,1551,41.2,3,0
9579,L,299.5,310.7,1589,33.5,5,0
9580,M,299.5,310.7,1423,56.5,7,0
9581,L,299.4,310.6,1418,53.1,10,0
9582,M,299.3,310.5,1404,47.5,12,0
9583,L,299.3,310.5,1281,59.8,15,0
9584,L,299.3,310.5,1529,41.3,17,0
9585,M,299.3,310.5,1563,42.1,19,0
9586,L,299.4,310.6,1348,54.5,22,0
9587,M,299.3,310.5,1462,40.5,24,0
9588,H,299.3,310.4,1510,45.5,27,0
9589,L,299.2,310.4,1472,43.3,32,0
9590,M,299.2,310.4,1325,52.0,34,0
9591,L,299.2,310.4,1570,37.3,37,0
9592,L,299.2,310.4,1379,46.8,39,0
9593,L,299.1,310.2,1352,52.8,41,0
9594,L,299.1,310.3,1727,28.7,43,0
9595,H,299.0,310.1,1432,50.0,45,0
9596,L,298.9,310.1,1466,43.4,50,0
9597,L,298.9,310.1,1510,38.0,52,0
9598,L,299.0,310.2,1490,41.1,54,0
9599,L,299.0,310.1,1463,37.4,56,0
9600,M,298.9,310.0,1561,45.3,58,0
9601,L,298.9,310.1,2109,18.0,61,0
9602,L,298.9,310.2,1705,32.5,63,0
9603,M,298.9,310.1,1549,40.2,65,0
9604,H,299.0,310.2,1637,38.0,68,0
9605,M,298.9,310.1,1484,37.9,73,0
9606,L,298.9,310.1,1401,44.4,76,0
9607,L,298.9,310.1,1571,36.8,78,0
9608,M,298.9,310.1,1513,41.5,80,0
9609,L,299.0,310.1,1470,40.3,83,0
9610,L,299.0,310.1,1505,41.3,85,0
9611,L,299.0,310.2,1432,42.2,87,0
9612,M,299.0,310.2,1625,31.8,89,0
9613,L,299.0,310.2,1377,62.5,92,1
9614,M,299.1,310.3,1441,43.9,94,0
9615,M,299.0,310.2,1564,39.9,97,0
9616,L,298.9,310.1,1580,37.3,100,0
9617,L,299.0,310.2,1516,35.3,102,0
9618,L,299.0,310.1,1447,42.8,104,0
9619,M,298.9,310.0,1323,52.9,106,0
9620,L,298.9,310.0,1470,45.9,109,0
9621,M,299.0,310.0,2049,19.5,111,0
9622,L,298.9,310.0,1794,27.2,114,0
9623,L,298.9,310.1,1356,47.8,116,0
9624,H,299.0,310.1,1555,38.6,118,0
9625,M,299.0,310.1,1487,47.5,123,0
9626,M,299.0,310.0,1341,58.9,126,0
9627,M,298.9,310.0,1487,36.6,129,0
9628,H,299.0,310.0,1569,34.3,132,0
9629,H,299.0,310.1,2053,19.7,137,0
9630,L,299.0,310.1,1583,35.8,142,0
9631,L,299.0,310.0,1672,33.2,144,0
9632,M,299.0,310.0,1337,57.4,146,0
9633,H,299.1,310.1,1421,41.2,149,0
9634,L,299.1,310.2,1425,52.7,154,0
9635,L,299.2,310.2,1609,33.2,156,0
9636,L,299.2,310.3,1507,41.3,158,0
9637,L,299.2,310.3,1463,38.9,160,0
9638,H,299.3,310.4,1393,44.9,162,0
9639,L,299.3,310.4,1725,26.8,167,0
9640,L,299.4,310.5,1514,36.1,169,0
9641,L,299.3,310.4,1365,53.9,171,0
9642,L,299.4,310.5,1372,46.3,173,0
9643,L,299.4,310.4,1509,40.6,175,0
9644,L,299.3,310.4,1629,32.6,177,0
9645,L,299.4,310.5,1749,28.1,179,0
9646,L,299.4,310.4,1582,31.7,181,0
9647,L,299.2,310.2,1458,47.0,183,0
9648,L,299.1,310.1,1416,41.2,185,0
9649,H,299.1,310.0,1657,33.1,187,0
9650,M,299.1,310.0,1437,41.1,192,0
9651,M,299.1,310.0,1580,36.0,195,0
9652,M,299.0,310.0,1488,46.3,198,0
9653,L,299.0,309.9,1373,55.7,201,1
9654,L,299.1,310.0,1367,56.3,203,1
9655,H,299.1,310.0,1431,49.5,205,0
9656,L,299.0,310.1,1623,33.0,210,0
9657,L,299.0,310.0,1484,39.6,212,0
9658,L,299.0,309.9,1548,34.5,214,0
9659,L,298.9,309.8,1287,61.9,216,1
9660,M,298.9,309.8,1392,43.1,218,0
9661,H,299.0,310.0,1458,44.9,221,0
9662,M,299.1,310.1,1570,30.9,226,0
9663,L,299.1,310.1,1435,48.8,229,1
9664,L,299.1,310.2,1317,54.8,231,1
9665,L,299.2,310.3,1610,33.3,233,0
9666,M,299.1,310.3,1838,24.0,235,0
9667,L,299.2,310.3,1352,48.9,238,1
9668,L,299.1,310.3,1619,35.2,240,0
9669,L,299.1,310.3,1619,31.1,242,0
9670,L,299.0,310.2,1690,30.7,244,0
9671,L,299.0,310.2,1412,44.1,246,0
9672,H,299.0,310.2,1744,31.5,0,0
9673,M,299.0,310.1,1593,35.4,5,0
9674,L,299.1,310.2,1695,29.6,8,0
9675,M,299.0,310.2,1298,57.2,10,0
9676,L,299.0,310.1,1886,21.2,13,0
9677,L,299.0,310.1,2033,19.3,15,0
9678,M,299.1,310.2,1711,28.1,17,0
9679,L,299.1,310.2,1598,33.4,20,0
9680,L,299.1,310.1,1894,24.2,22,0
9681,M,299.1,310.1,1412,44.4,24,0
9682,L,299.1,310.0,1394,46.6,27,0
9683,M,299.0,310.0,1338,56.4,29,0
9684,H,298.9,309.9,1376,51.0,32,0
9685,L,299.0,310.0,1360,48.1,37,0
9686,L,299.1,310.1,1486,40.7,39,0
9687,M,299.1,310.1,1649,31.6,41,0
9688,L,299.1,310.1,1367,45.6,44,0
9689,L,299.0,310.1,1362,59.5,46,0
9690,M,298.9,310.0,1520,35.6,48,0
9691,L,299.0,310.0,1582,31.9,51,0
9692,M,299.0,310.0,1667,30.0,53,0
9693,L,298.9,310.0,1693,28.8,56,0
9694,L,298.9,310.0,1559,33.4,58,0
9695,L,298.9,309.9,1592,32.0,60,0
9696,L,298.9,309.9,1404,39.8,62,0
9697,M,298.8,309.8,1413,45.5,64,0
9698,L,298.8,309.8,1663,28.2,67,0
9699,L,298.8,309.8,1508,36.3,69,0
9700,M,298.9,309.8,1353,53.7,71,0
9701,L,298.8,309.8,1485,42.4,74,0
9702,L,298.9,310.0,1633,31.2,76,0
9703,L,298.9,310.0,1422,43.6,78,0
9704,L,298.9,310.1,1577,41.4,80,0
9705,L,298.9,310.0,1482,41.1,82,0
9706,M,299.0,310.1,1705,30.1,84,0
9707,L,299.0,310.1,1699,32.9,87,0
9708,L,299.0,310.1,1664,29.7,89,0
9709,M,299.0,310.0,1486,34.6,91,0
9710,L,299.1,310.1,1336,61.3,94,0
9711,H,299.1,310.1,1429,42.9,96,0
9712,M,299.1,310.2,1456,48.4,101,0
9713,L,299.1,310.2,1496,45.0,104,0
9714,L,299.1,310.1,1894,20.1,106,0
9715,L,299.1,310.1,1373,55.6,108,0
9716,H,299.0,310.0,1387,45.2,110,0
9717,L,298.9,309.9,1500,44.2,115,0
9718,L,298.9,309.9,1517,36.6,117,0
9719,L,298.9,309.9,1309,56.2,119,0
9720,M,298.9,309.9,1357,54.5,121,0
9721,L,298.8,309.8,1490,40.6,124,0
9722,H,298.8,309.8,1911,21.6,126,0
9723,L,298.8,309.8,1599,33.6,131,0
9724,M,298.8,309.7,2098,19.0,133,0
9725,M,298.7,309.7,1629,27.9,136,0
9726,L,298.8,309.8,1557,37.2,139,0
9727,L,298.8,309.8,1461,39.4,141,0
9728,L,298.8,309.8,1563,33.7,143,0
9729,L,298.7,309.8,1695,29.0,145,0
9730,L,298.8,310.0,1528,36.7,147,0
9731,L,298.8,310.0,1389,49.6,149,0
9732,L,298.9,310.0,2231,17.4,151,0
9733,M,298.9,310.1,1442,42.9,153,0
9734,H,298.9,310.1,1458,44.3,156,0
9735,L,299.0,310.1,1444,47.7,161,0
9736,M,298.9,310.0,1348,58.2,163,0
9737,L,298.9,310.0,1791,27.6,166,0
9738,L,299.0,310.0,1509,38.0,168,0
9739,L,298.9,310.0,1515,42.9,170,0
9740,M,298.9,310.1,1655,31.5,172,0
9741,L,298.9,310.1,1495,42.9,175,0
9742,L,298.9,310.2,1623,37.2,177,0
9743,L,298.9,310.2,1562,42.5,179,0
9744,L,298.8,310.1,1574,36.2,181,0
9745,L,298.8,310.0,1611,32.4,183,0
9746,L,298.8,310.0,1403,45.6,185,0
9747,L,298.8,310.1,1481,47.4,187,0
9748,M,298.9,310.1,1441,41.2,189,0
9749,H,298.8,310.1,1483,45.4,192,0
9750,L,298.7,310.0,1555,32.6,197,0
9751,L,298.6,309.9,1615,28.8,199,0
9752,L,298.6,309.8,1561,32.6,201,0
9753,L,298.5,309.8,1593,35.1,203,0
9754,M,298.5,309.7,1552,34.0,205,0
9755,H,298.5,309.7,1561,35.3,208,0
9756,L,298.6,309.8,1597,35.9,213,0
9757,M,298.6,309.9,1517,34.0,215,0
9758,L,298.6,309.8,2271,16.2,218,1
9759,L,298.5,309.7,1613,36.7,0,0
9760,M,298.5,309.6,1509,47.3,2,0
9761,L,298.6,309.7,1703,26.1,5,0
9762,L,298.6,309.7,1925,22.1,7,0
9763,M,298.6,309.6,1635,29.7,9,0
9764,L,298.5,309.5,1294,66.7,12,1
9765,L,298.6,309.6,1472,39.1,14,0
9766,H,298.6,309.6,1449,42.5,16,0
9767,L,298.6,309.6,1563,35.0,21,0
9768,L,298.6,309.6,1611,35.7,23,0
9769,L,298.6,309.6,1386,48.6,25,0
9770,H,298.6,309.5,1584,31.8,27,0
9771,M,298.7,309.6,1424,50.4,32,0
9772,L,298.5,309.5,1561,34.8,35,0
9773,L,298.5,309.4,1560,37.9,37,0
9774,H,298.6,309.5,1375,41.0,39,0
9775,M,298.6,309.5,1684,27.8,44,0
9776,M,298.6,309.6,1397,54.1,47,0
9777,L,298.6,309.6,1387,57.6,50,0
9778,H,298.7,309.7,1311,54.5,52,0
9779,L,298.8,309.8,1509,36.2,57,0
9780,M,298.8,309.8,1477,46.7,59,0
9781,L,298.8,309.9,1441,41.6,62,0
9782,L,298.7,309.9,1404,47.1,64,0
9783,H,298.8,309.9,1466,44.6,66,0
9784,M,298.7,309.8,1435,48.8,71,0
9785,H,298.7,309.7,1697,29.8,74,0
9786,M,298.7,309.6,1738,27.3,79,0
9787,H,298.6,309.5,1420,50.4,82,0
9788,M,298.5,309.5,1535,39.8,87,0
9789,L,298.6,309.6,1715,28.4,90,0
9790,L,298.6,309.5,1483,43.2,92,0
9791,M,298.5,309.4,1521,37.5,94,0
9792,H,298.5,309.4,1573,36.0,97,0
9793,H,298.5,309.4,1414,46.7,102,0
9794,L,298.5,309.3,1590,33.9,107,0
9795,L,298.5,309.3,1623,33.1,109,0
9796,H,298.4,309.3,1694,30.9,111,0
9797,M,298.4,309.2,1597,33.5,116,0
9798,L,298.5,309.3,1471,44.7,119,0
9799,M,298.5,309.3,1551,34.7,121,0
9800,H,298.5,309.3,1421,50.3,124,0
9801,M,298.4,309.3,1496,45.6,129,0
9802,H,298.4,309.3,1984,19.2,132,0
9803,L,298.4,309.2,1692,29.8,137,0
9804,L,298.4,309.1,1467,42.5,139,0
9805,L,298.4,309.2,1651,28.5,141,0
9806,L,298.3,309.1,1417,60.5,143,0
9807,L,298.2,309.0,1413,55.0,145,0
9808,M,298.2,309.0,1441,44.2,147,0
9809,M,298.2,309.0,1353,50.3,150,0
9810,L,298.1,309.0,1502,40.9,153,0
9811,L,298.2,309.0,1610,31.7,155,0
9812,M,298.2,309.1,1411,45.8,157,0
9813,L,298.3,309.1,1387,52.3,160,0
9814,H,298.3,309.1,1430,40.9,162,0
9815,M,298.4,309.1,1576,38.8,167,0
9816,M,298.5,309.2,1721,29.4,170,0
9817,M,298.5,309.3,1465,42.4,173,0
9818,M,298.6,309.4,1407,45.1,176,0
9819,M,298.6,309.4,1464,36.9,179,0
9820,M,298.6,309.5,1568,36.7,182,0
9821,L,298.6,309.4,1667,35.6,185,0
9822,L,298.5,309.4,1360,60.9,187,1
9823,M,298.5,309.3,1488,43.7,189,0
9824,L,298.4,309.3,1504,39.3,192,0
9825,L,298.4,309.2,1610,32.4,194,0
9826,L,298.4,309.2,1345,52.7,196,0
9827,M,298.3,309.3,1376,57.0,198,0
9828,L,298.4,309.4,1385,50.0,201,0
9829,M,298.4,309.4,1429,41.8,203,0
9830,L,298.3,309.3,1337,56.1,206,1
9831,L,298.4,309.3,1542,35.4,208,0
9832,L,298.4,309.2,2118,17.7,210,0
9833,L,298.3,309.1,1386,45.3,212,0
9834,M,298.3,309.1,1632,32.7,0,0
9835,L,298.4,309.3,1545,36.9,3,0
9836,M,298.4,309.3,1390,53.6,5,0
9837,M,298.4,309.3,1355,50.6,8,0
9838,L,298.4,309.2,1425,45.5,11,0
9839,M,298.4,309.2,1491,51.2,13,0
9840,H,298.3,309.2,1486,42.4,16,0
9841,M,298.3,309.2,1359,51.4,21,0
9842,L,298.4,309.3,1395,47.6,24,0
9843,L,298.3,309.2,1383,52.1,26,0
9844,H,298.3,309.1,1484,37.0,28,0
9845,L,298.3,309.1,1421,47.4,33,0
9846,L,298.3,309.0,1339,58.8,35,0
9847,L,298.4,309.1,1362,46.1,37,0
9848,H,298.5,309.2,1568,40.6,39,0
9849,L,298.6,309.4,2312,15.5,44,0
9850,M,298.5,309.3,1498,34.6,46,0
9851,M,298.5,309.3,1761,27.2,49,0
9852,L,298.6,309.4,1316,51.4,52,0
9853,L,298.6,309.4,1525,37.8,54,0
9854,H,298.6,309.4,1362,45.3,56,0
9855,L,298.7,309.6,1516,38.5,61,0
9856,L,298.6,309.5,1450,44.2,63,0
9857,M,298.6,309.5,1366,55.0,65,0
9858,L,298.5,309.5,1547,33.1,68,0
9859,M,298.6,309.5,1580,33.9,70,0
9860,H,298.7,309.6,1755,26.9,73,0
9861,M,298.7,309.6,1800,24.8,78,0
9862,M,298.8,309.7,1439,45.8,81,0
9863,L,298.9,309.8,1411,56.3,84,0
9864,M,298.9,309.9,1645,31.4,86,0
9865,M,298.9,309.8,2450,13.9,89,0
9866,L,299.0,309.9,1630,34.0,92,0
9867,L,299.0,309.9,1411,44.7,94,0
9868,L,298.9,309.9,1526,35.4,96,0
9869,L,298.9,309.9,1590,31.3,98,0
9870,H,299.0,309.9,1884,25.6,100,0
9871,M,298.9,309.8,1947,21.7,105,0
9872,L,298.9,309.9,1373,52.1,108,0
9873,L,298.9,309.8,1616,36.5,110,0
9874,M,298.9,309.9,1449,44.1,112,0
9875,M,298.9,309.8,1363,50.6,115,0
9876,H,298.8,309.7,1461,55.1,118,0
9877,L,298.8,309.7,1374,58.6,123,0
9878,L,298.7,309.7,1293,59.1,125,0
9879,M,298.8,309.8,1490,38.6,127,0
9880,L,298.8,309.8,1753,27.5,130,0
9881,L,298.8,309.8,1493,38.5,132,0
9882,L,298.8,309.8,1895,22.0,134,0
9883,H,298.7,309.6,1654,34.3,136,0
9884,L,298.7,309.5,1673,30.8,141,0
9885,L,298.8,309.6,1613,27.7,143,0
9886,L,298.8,309.6,1903,22.3,145,0
9887,L,298.8,309.5,1368,44.7,147,0
9888,M,298.8,309.6,1575,34.4,149,0
9889,H,298.8,309.6,1516,40.2,152,0
9890,L,298.8,309.5,1645,32.8,157,0
9891,L,298.8,309.5,1374,48.1,159,0
9892,H,298.9,309.7,1407,48.6,161,0
9893,M,298.9,309.6,1284,55.3,166,0
9894,L,298.9,309.5,1645,31.1,169,0
9895,L,298.8,309.4,1387,54.1,171,0
9896,M,298.8,309.3,1618,35.1,173,0
9897,L,298.8,309.3,1357,47.1,176,0
9898,L,298.7,309.2,1396,44.8,178,0
9899,L,298.7,309.2,1586,31.4,180,0
9900,H,298.7,309.2,1449,42.3,182,0
9901,M,298.7,309.2,1423,48.9,187,0
9902,H,298.7,309.3,1402,45.3,190,0
9903,M,298.7,309.2,1437,45.7,195,0
9904,L,298.6,309.1,1537,35.7,198,0
9905,M,298.7,309.1,1423,49.5,200,0
9906,M,298.6,309.1,1587,37.3,203,0
9907,M,298.6,309.1,1487,43.2,206,0
9908,L,298.6,309.0,1456,47.7,0,0
9909,L,298.7,309.1,1607,32.7,2,0
9910,L,298.6,309.0,1469,46.0,4,0
9911,M,298.6,309.0,1481,40.8,6,0
9912,L,298.6,308.9,1327,58.8,9,0
9913,L,298.5,308.8,1589,30.6,11,0
9914,L,298.5,308.8,1670,29.6,13,0
9915,M,298.5,308.7,1662,28.3,15,0
9916,M,298.5,308.8,1553,34.9,18,0
9917,M,298.5,308.8,1557,36.0,21,0
9918,L,298.4,308.8,1352,56.7,24,0
9919,L,298.5,308.8,1305,58.7,26,0
9920,H,298.5,308.7,1450,43.9,28,0
9921,M,298.5,308.7,1347,48.5,33,0
9922,H,298.6,308.8,1566,39.1,36,0
9923,M,298.5,308.7,1615,33.3,41,0
9924,M,298.5,308.6,1384,54.4,44,0
9925,M,298.5,308.7,1367,47.3,47,0
9926,M,298.5,308.6,1897,20.2,50,0
9927,L,298.5,308.6,1522,36.9,53,0
9928,M,298.4,308.5,1576,27.4,55,0
9929,H,298.4,308.4,1479,39.2,58,0
9930,L,298.3,308.3,1452,45.5,63,0
9931,L,298.3,308.3,1432,46.9,65,0
9932,L,298.3,308.2,1663,28.4,67,0
9933,L,298.3,308.3,1597,32.4,69,0
9934,L,298.3,308.2,1472,44.3,71,0
9935,L,298.4,308.3,1452,48.5,73,0
9936,H,298.3,308.2,1534,33.2,75,0
9937,L,298.3,308.1,1505,46.1,80,0
9938,L,298.3,308.1,1528,33.9,82,0
9939,H,298.3,308.1,2636,12.8,84,0
9940,M,298.3,308.1,1722,28.6,89,0
9941,L,298.4,308.1,1395,44.0,92,0
9942,L,298.4,308.1,1375,50.8,94,0
9943,M,298.3,308.0,1766,26.0,96,0
9944,L,298.3,307.9,1399,47.8,99,0
9945,L,298.3,308.0,1578,37.8,101,0
9946,L,298.3,307.9,1502,42.0,103,0
9947,M,298.2,307.9,1529,36.6,105,0
9948,L,298.2,307.8,1804,25.1,108,0
9949,M,298.2,307.8,1411,53.4,110,0
9950,L,298.1,307.8,1413,54.1,113,0
9951,L,298.2,307.8,1355,59.4,115,0
9952,L,298.2,307.8,1429,46.9,117,0
9953,L,298.1,307.8,1565,35.3,119,0
9954,M,298.1,307.9,1446,42.8,121,0
9955,M,298.2,307.9,1462,38.8,124,0
9956,M,298.2,307.8,1578,34.5,127,0
9957,L,298.1,307.8,1606,33.0,130,0
9958,M,298.1,307.8,1525,35.9,132,0
9959,L,298.1,307.8,1379,49.1,135,0
9960,L,298.2,307.8,1575,35.0,137,0
9961,L,298.2,307.9,1399,54.9,139,0
9962,L,298.2,307.9,1429,49.4,141,0
9963,L,298.3,307.9,1435,39.9,143,0
9964,L,298.3,307.9,1766,26.5,145,0
9965,L,298.3,307.9,1703,28.9,147,0
9966,L,298.3,307.9,1507,41.2,149,0
9967,M,298.3,307.9,1609,32.4,151,0
9968,L,298.4,308.0,1605,32.4,154,0
9969,L,298.4,308.1,1491,50.0,156,0
9970,H,298.4,308.1,1891,24.7,158,0
9971,H,298.5,308.2,1563,44.6,163,0
9972,L,298.6,308.2,1390,51.4,168,0
9973,L,298.5,308.2,1444,40.5,170,0
9974,L,298.6,308.2,1361,68.2,172,1
9975,M,298.6,308.3,1589,34.1,174,0
9976,L,298.6,308.2,1705,26.3,177,0
9977,L,298.6,308.3,1422,40.4,179,0
9978,H,298.6,308.3,1377,52.1,181,0
9979,L,298.5,308.3,1334,49.8,186,0
9980,L,298.6,308.4,1559,36.6,188,0
9981,L,298.7,308.5,1353,47.0,190,0
9982,M,298.7,308.4,1507,45.7,192,0
9983,L,298.7,308.4,1694,28.7,195,0
9984,H,298.7,308.4,1432,42.8,197,0
9985,H,298.7,308.5,1572,35.6,202,0
9986,M,298.8,308.6,1507,42.3,207,0
9987,M,298.8,308.6,1500,37.1,210,0
9988,L,298.9,308.6,1771,24.1,213,0
9989,M,298.8,308.5,1577,33.2,0,0
9990,L,298.8,308.5,1527,36.2,3,0
9991,M,298.9,308.4,1827,26.1,5,0
9992,L,298.8,308.4,1484,39.2,8,0
9993,L,298.8,308.4,1401,47.3,10,0
9994,L,298.8,308.3,1634,27.9,12,0
9995,M,298.8,308.4,1604,29.5,14,0
9996,H,298.9,308.4,1632,31.8,17,0
9997,M,299.0,308.6,1645,33.4,22,0
9998,H,299.0,308.7,1408,48.5,25,0
9999,M,299.0,308.7,1500,40.2,30,0
